Date,RTGS_Vol,RTGS_Val,NEFT_Vol,NEFT_Val,AePS_Vol,AePS_Val,UPI_Vol,UPI_Val,IMPS_Vol,IMPS_Val,NACH Credit_Vol,NACH Credit_Val,NACH Debit_Vol,NACH Debit_Val,NETC_Vol,NETC_Val,BBPS_Vol,BBPS_Val,CTS_Vol,CTS_Val,CreditCard_POS_Vol,CreditCard_POS_Val,CreditCard_Ecommerce_Vol,CreditCard_Ecommerce_Val,DebitCard_POS_Vol,DebitCard_POS_Val,DebitCard_Ecommerce_Vol,DebitCard_Ecommerce_Val,PPI_POS_Vol,PPI_POS_Val,PPI_Ecommerce_Vol,PPI_Ecommerce_Val,NFS_ATM_Vol,NFS_ATM_Val,AePS_microATM_Vol,AePS_microATM_Val,Government_Securities_Clearing_Vol,Government_Securities_Clearing_Val,Forex_Clearing_Vol,Forex_Clearing_Val,Rupee_Derivatives_Vol,Rupee_Derivatives_Val,GSC_Holiday,Year,Month,Month_Name,FY
2024-04-01,0.76502,17533.626372148003,26.92938,30073.669396476,0.36,12.65,4081.77,65707.52,240.94,25366.46,3.1100000000000003,757.02,40.38,3618.88,105.67,189.37,43.77,1031.95,,,26.23873,1117.5187672,39.60042000000001,2751.9941702,29.40576,761.3448917,12.6886,434.50022449999994,0.62972,9.603303499999999,0.7433,13.5303318,105.9,4687.69,25.0,733.97,,,,,,,False,2024,4,April,FY2024-25
2024-04-02,13.07831,1229851.0715706688,411.34372,219355.700292199,0.56,19.74,4376.71,78992.68,256.87,28349.3,74.35,10907.5,136.16,9555.44,100.27,180.58,50.6,1315.64,37.34,49858.24,69.40652,3205.9041598000003,83.21307,6489.817485,57.09751,1567.7942313,28.59252,1035.4499472,0.93988,21.0110789,1.35174,54.5604895,118.28,5630.46,34.41,999.47,0.05842,788116.0390000001,0.155675,580271.97,0.00683,42935.0,False,2024,4,April,FY2024-25
2024-04-03,10.59144,776476.282540132,287.14959,139377.305542421,0.58,19.82,4574.56,81612.52,201.07,25701.92,111.19,4321.37,144.53,9618.54,104.42,188.02,54.21,1291.99,25.99,37015.61,29.56567,1445.3390018,37.93418,3174.7135114,33.01528999999999,869.3519532,15.5418,536.6100682,0.8113100000000002,20.1201912,1.13757,46.3309283,127.31,6251.42,36.66,1045.44,0.05604,786404.092,0.125105,381483.23,0.00482,17435.0,False,2024,4,April,FY2024-25
2024-04-04,9.81395,734530.481948045,265.4463,126111.83591072,0.56,18.25,4637.32,80339.98,202.16,25475.57,273.28,7241.78,49.08,6297.6,106.04,191.76,52.36,1294.04,23.61,35779.11,36.01483,1849.1906099,47.12615,3963.1251524,37.364,1046.4859889,17.18327,626.7071759,0.81014,17.914075999999998,1.54836,71.3773626,117.74,5653.52,34.87,961.44,0.06356,778661.8984095,0.086655,303460.19,0.00708,85735.0,False,2024,4,April,FY2024-25
2024-04-05,10.00607,699058.883796993,287.18951,137545.5170423,0.54,16.96,4683.52,76592.44,201.99,23931.64,189.08,5367.83,250.05,25705.53,107.5,193.24,56.0,1482.1,22.62,31311.3,34.40186,1718.4074954,46.279219999999995,3747.3101465,34.34693,951.9540402,16.56792,591.6383338,0.84291,19.8528936,1.39788,60.8467965,115.57,5428.63,34.68,919.54,0.06065,804176.6415409,0.126695,347608.77999999997,0.0063,46230.0,False,2024,4,April,FY2024-25
2024-04-06,8.61196,256425.143864792,338.13559,129086.363659595,0.5700000000000001,17.67,4683.34,75139.67,194.38,21805.7,147.15,4919.34,26.61,4184.22,113.85,198.15,50.43,1176.46,21.04,27737.48,32.35183,1462.8315045,32.91946,2250.283823,31.56917,870.2635776,11.40224,369.7700988,1.45945,21.9619579,1.40034,66.8740376,121.73,5770.9,35.18,915.23,0.00143,12461.04,0.0,0.0,0.0,0.0,False,2024,4,April,FY2024-25
2024-04-07,1.18482,17425.817147703,147.94827,20612.479218658,0.59,16.779999999999998,4732.2,62137.33,181.61,14897.31,1.14,387.14,62.69,6061.5,111.03,193.74,42.51,853.8,,,33.96328,1410.2514235,25.90772,1546.6481137,30.90841,807.4034913,10.17688,264.85542,1.34729,20.436991300000003,1.10112,44.165870600000005,114.86,5049.75,30.4,758.08,,,,,,,False,2024,4,April,FY2024-25
2024-04-08,10.96164,748775.929312333,295.09302,140097.320108617,0.68,19.889999999999997,4645.73,78463.35,202.47,23619.54,141.91,4082.42,63.18,5692.67,102.33,178.25,55.31,1360.52,24.74,28218.01,55.24543,2557.130679,62.459230000000005,4374.9263509,47.59952,1320.1629389,20.06422,663.436715,1.11678,19.9686425,1.21329,45.7877495,122.0,5683.56,38.83,1016.57,0.07607,830896.393597,0.097715,316505.04,0.00818,32785.0,False,2024,4,April,FY2024-25
2024-04-09,6.52603,157666.850892242,236.20294,91035.513840919,0.65,19.880000000000003,4729.93,73005.91,193.97,20065.14,149.28,3469.84,27.81,2449.42,96.76,173.93,49.74,1137.64,13.37,16546.74,26.764,1317.7105562000002,37.86988,2639.2399443,27.82685,795.1683787,11.59172,379.7164698,1.32246,19.6337341,1.33906,46.5966655,117.76,5400.71,34.73,904.64,,,,,,,False,2024,4,April,FY2024-25
2024-04-10,10.96088,847887.312033358,299.41554,170546.742570942,0.73,21.22,4787.3,77281.73,203.97,22308.06,126.28,4027.85,159.78,20357.9,100.04,171.9,55.11,1456.39,27.09,32213.79,42.20929,1989.253285,50.192440000000005,3668.9759245,39.58033999999999,1107.6968729,16.86861,584.1417063,1.16732,19.5735409,1.20043,42.9585371,125.71,5805.63,37.33,969.29,0.06347,805838.937,0.129945,321024.01,0.00429,22925.0,False,2024,4,April,FY2024-25
2024-04-11,3.02095,56963.77300031701,183.82717,45898.343079786,0.67,19.29,4370.3,58614.12,177.11,16146.37,17.77,795.04,21.52,1741.8,99.99,170.06,48.3,1113.22,1.68,1837.2,27.22736,1154.7943797,30.83182,1921.0763437,26.8865,738.2079598,10.54891,322.4964067,1.41054,18.7045403,1.30835,61.1352725,104.8,4558.84,29.0,751.03,,,,,,,False,2024,4,April,FY2024-25
2024-04-12,11.9955,772794.926074735,281.61038,150585.481055981,0.7,20.14,4445.22,66417.2,185.14,19976.12,252.15,6396.55,28.57,4210.42,105.27,178.54,54.84,1346.05,31.47,39789.89,41.85685,1832.2028371,48.87729,3286.114041,38.4132,1077.5065760999998,17.09992,547.5848744,1.16194,20.067117000000003,1.14528,45.4789483,108.69,4876.48,32.69,862.07,0.06298,813943.2565536,0.10709,326701.2,0.00869,41410.0,False,2024,4,April,FY2024-25
2024-04-13,2.60545,30747.706278414,156.32156,30128.695964896997,0.76,22.15,4479.34,60182.59,178.53,16329.84,170.54,3331.63,11.76,755.63,115.78,193.72,47.3,963.62,,,32.305189999999996,1299.2495324,24.78493,1442.0454126000002,29.70339,800.7640344,9.74858,261.5294549,1.33167,20.0727648,1.13254,53.5686999,109.97,4798.06,33.81,897.92,,,,,,,False,2024,4,April,FY2024-25
2024-04-14,1.0357,12008.283268548,133.78666,15070.287009998,0.64,18.08,4383.94,49234.95,161.13,11387.59,0.8999999999999998,197.77,5.29,512.02,114.72,191.2,39.16,666.81,,,30.493029999999997,1190.7207546,30.92436,1471.7538274,26.60373,710.4242181000001,10.29955,247.3852269,1.1259100000000002,17.287271099999998,1.00109,36.0769745,94.77,3776.25,26.9,683.35,,,,,,,False,2024,4,April,FY2024-25
2024-04-15,12.51685,816142.46249738,311.29257,155982.666389108,0.8,22.63,4469.73,71014.73,188.28,21435.28,248.83999999999995,5911.56,121.68,11865.46,107.58,177.53,55.6,1350.27,36.88,38848.3,52.48032,2191.5234805,65.40872999999999,3746.9949251,43.998720000000006,1248.7957535,21.13105,640.3352618,1.00256,19.326847200000003,1.19597,47.42874940000001,108.4,4734.63,36.66,964.05,0.07346,808352.737,0.13787,370719.1,0.00355,24280.0,False,2024,4,April,FY2024-25
2024-04-16,11.00073,662599.039838008,259.89986,127491.814960405,0.8,22.65,4494.11,67012.58,183.98,20598.03,154.76,5809.3099999999995,22.23,3800.11,104.81,179.9,52.88,1261.86,28.17,36513.64,31.6644,1320.8478289999998,33.05805,2138.756969,30.68399,812.7413125,13.42386,411.0196881,1.29401,20.5358021,1.49715,81.4589826,106.67,4610.86,35.85,932.4,0.0726,800513.502,0.09909,276444.27999999997,0.00713,55365.0,False,2024,4,April,FY2024-25
2024-04-17,4.52409,117155.388408102,189.06856,63340.30924351701,0.79,22.49,4305.65,58079.92,176.34,16636.26,97.37,2193.06,10.25,1498.67,105.74,184.09,48.32,1084.0,5.86,12184.69,23.96198,1004.9208044,29.99296,1860.1163407,24.072139999999997,654.3095575,10.37489,309.63158569999996,1.2370100000000002,19.2820799,1.27112,61.7191085,95.68,4091.27,33.22,888.77,,,,,,,False,2024,4,April,FY2024-25
2024-04-18,11.07456,674343.758214226,280.24394,133833.75512202,0.75,21.380000000000003,4387.66,62329.77,172.14,19061.15,74.25,4884.56,18.58,3579.26,111.63,187.03,51.24,1221.04,28.4,33447.23,40.08041,1694.0635154,54.77282,3469.4984592,35.06635,952.1878346000002,16.9025,528.8339202,1.18355,19.5881869,1.19891,47.4914599,95.5,4069.13,30.11,803.42,0.06892,783760.8629999999,0.087795,279589.92,0.00718,26855.0,False,2024,4,April,FY2024-25
2024-04-19,8.64479,685151.465341646,226.31342,115970.519967253,0.62,17.12,4141.56,55920.21,157.05,17007.28,172.49,6444.85,14.02,2903.87,111.14,187.92,44.88,1077.87,18.99,28606.16,33.42196,1351.4011981,37.27718,2582.8793935,29.128009999999996,744.7098808,13.26371,402.3071359000001,1.2215200000000002,19.512189300000003,1.4446,73.6187089,86.16,3616.61,26.23,712.16,0.07562,780473.5645923,0.117515,340291.08999999997,0.00708,38722.0,False,2024,4,April,FY2024-25
2024-04-20,8.27816,213833.01620997,195.54215,76018.007628438,0.82,22.94,4447.32,63256.03,167.13,18021.21,130.09,5512.48,48.79,5227.62,117.51,191.6,46.11,1193.21,21.02,26053.4,31.73151,1248.4430146,32.052150000000005,2030.6698724,28.123050000000003,745.7372372000001,10.68707,307.52204509999996,1.25809,21.4581814,1.24415,59.8353538,103.98,4424.22,31.74,863.23,0.00176,26576.62,0.0,0.0,0.0,0.0,False,2024,4,April,FY2024-25
2024-04-21,1.07466,12323.207577551,138.73861,16085.923561789,0.78,19.9,4346.77,48472.16,152.66,11374.72,0.84,217.66000000000005,11.92,1253.3,123.39,195.73,38.29,777.29,,,31.73004,1191.5736794,30.55669,1407.2576983,25.87418,655.2444604,9.42816,232.3413565,1.08951,17.9790916,1.20178,56.0994946,91.62,3534.09,25.34,655.95,,,,,,,False,2024,4,April,FY2024-25
2024-04-22,10.26029,662889.632056336,233.44951,114651.011385181,0.77,20.2,4336.3,63466.19,169.68,19583.85,120.73,7042.46,38.13,3382.81,112.52,179.66,48.01,1274.87,22.68,26848.77,54.58832,2241.9142696,60.75887,4428.3441931,42.30361,1134.8345592,18.39186,594.4205882,1.00637,20.2294271,1.06385,42.1234998,95.7,3989.77,29.49,790.8,0.07253,801934.692,0.109525,353579.66,0.00633,31260.0,False,2024,4,April,FY2024-25
2024-04-23,9.27929,557034.3518380809,225.10946,110429.668975696,0.74,19.06,4232.23,59888.22,165.19,18521.15,137.02,8809.09,9.68,2727.19,110.2,182.67,45.05,1193.57,20.73,27246.1,32.13599,1398.8007011999998,40.10268000000001,2678.546917,29.524679999999996,752.6672337,12.87866,426.2847112,1.17608,20.9043946,1.4587200000000002,79.028733,91.16,3740.79,28.24,754.28,0.07242,784273.4612922,0.091505,334730.85,0.00755,31675.725,False,2024,4,April,FY2024-25
2024-04-24,9.33336,630648.733582401,227.87614,116191.0117026,0.76,19.4,4296.9,62462.96,168.43,19043.67,203.49,7591.69,9.45,2509.88,111.28,186.28,43.86,1200.16,19.33,25699.84,32.70467,1419.1069863,40.71976,2765.3148616,29.65589,757.8213611,12.74514,435.95809039999995,1.07151,19.2478312,1.40062,74.7697388,92.91,3806.82,28.23,753.33,0.08074,782533.146,0.12106,345730.17000000004,0.00459,20440.0,False,2024,4,April,FY2024-25
2024-04-25,9.59382,638664.427660407,224.69247,127832.708119519,0.8,20.12,4316.85,62066.2,168.88,19851.12,116.94,10806.74,38.56,4441.7,110.76,188.91,45.98,1297.36,20.19,25406.27,32.4244,1426.9870945000002,39.48787,2651.876217,29.51688,758.3205423,12.97792,440.2259892999999,1.28303,18.6422596,1.4974299999999998,80.2991949,92.92,3835.24,27.96,741.21,0.06431,760433.049,0.13678,336082.3,0.00523,29395.0,False,2024,4,April,FY2024-25
2024-04-26,9.45047,658151.2459399761,221.7947,135711.48105575802,0.72,17.84,4178.7,56158.84,160.21,17990.7,68.89,7671.040000000002,12.67,3011.12,115.65,194.0,41.78,1138.44,17.06,21312.14,34.36347,1459.4294022,39.16591,2596.0866785,29.02025,730.2930616,12.57524,418.7619478,1.18709,18.878050400000003,1.32638,67.97066360000001,86.92,3524.7,24.02,628.72,0.06421,734984.503,0.127625,300979.3,0.00512,34098.869999999995,False,2024,4,April,FY2024-25
2024-04-27,2.72947,30659.215768622,153.58632,28977.919964909004,0.77,19.7,4373.46,56822.21,166.15,16334.58,44.75,1090.59,9.89,907.85,118.75,195.31,41.77,1072.15,,,32.636199999999995,1320.8701175,31.21382,1751.1965333,27.600909999999995,727.0737016999999,10.15675,311.11338070000005,1.15151,18.2548003,1.12984,51.106075700000005,92.15,3841.96,24.95,671.39,,,,,,,False,2024,4,April,FY2024-25
2024-04-28,1.02592,11824.42323063,136.10866,14998.340016681,0.73,16.7,4256.32,46102.79,153.77,11444.51,2.95,201.93,46.29,1846.06,119.9,196.33,35.53,782.11,,,32.085159999999995,1203.8096669999998,30.458220000000004,1387.5376913,25.75277,621.1496609,9.37534,241.5511594,0.97386,14.1732813,0.93316,38.0114003,85.34,3179.86,19.81,491.91,,,,,,,False,2024,4,April,FY2024-25
2024-04-29,13.24264,799386.8401413868,268.344,179164.56732898002,0.77,18.77,4352.25,67116.48,176.84,22447.49,180.78,15865.75,31.51,3586.23,109.4,182.35,45.59,1362.32,32.57,36172.84,53.69085,2305.7156673,60.41189,3918.3306761,40.58705,1073.0714855,18.85669,628.8093094999999,0.93333,19.7893501,1.12933,51.0636769,91.8,3901.2,25.71,694.65,0.07985,736250.298,0.11585,295826.0,0.00472,29220.0,False,2024,4,April,FY2024-25
2024-04-30,12.3986,904342.9091549661,397.56618,268344.533240638,0.78,18.99,4492.95,80573.24,195.58,27567.29,87.06,12421.36,23.31,4920.68,107.07,190.56,51.37,1745.28,24.9,29182.41,32.05047,1527.2686986,40.53988,3327.8374030999994,30.8868,793.0480151,14.60696,598.3224902000001,1.1815600000000002,18.3789,1.43528,77.9898564,105.56,4804.08,27.0,737.94,0.07887,711950.254,0.19946,1532634.53,0.00576,28155.0,False,2024,4,April,FY2024-25
2024-05-01,4.98622,120813.098576906,293.6806,102201.444216712,0.46,14.62,4804.69,81678.5,213.28,24345.87,150.61,7850.83,25.33,3312.31,112.02,195.5,51.59,1405.34,9.23,13543.82,28.56122,1307.7526234000002,34.08108,2616.6312384000003,27.94117,741.4132786,11.53453,430.41397629999994,1.31319,20.0969714,1.34863,69.2871177,113.48,5341.35,33.55,964.3,,,,,,,False,2024,5,May,FY2024-25
2024-05-02,10.5149,751711.932740004,324.56428,165158.967707161,0.46,14.52,4772.01,82795.98,204.71,25648.04,252.98,9547.98,147.54,9794.13,105.22,182.56,55.06,1508.02,24.35,30389.26,40.73795,2008.654071,55.30931,4891.0212012,37.94334,1002.1031335,18.00043,706.0401466000001,1.00947,19.2363269,1.3692699999999998,66.53897789999999,113.56,5457.91,34.51,984.95,0.06679,687220.9310000001,0.121525,351031.89,0.0046,20260.0,False,2024,5,May,FY2024-25
2024-05-03,9.82718,636214.076065535,271.30807,143162.953377877,0.48,14.31,4712.03,77293.8,201.4,24375.3,226.18,10651.990000000002,145.46,9807.99,108.92,188.87,54.77,1530.52,21.32,26369.41,33.05712,1651.0415239,49.44306,4411.6903286,33.05661,869.4165243,15.648980000000002,578.9697815,1.26461,21.087666500000005,1.5563399999999998,81.1094813,111.75,5246.35,33.56,912.92,0.07998,708706.987,0.121815,323366.23,0.00459,20384.0,False,2024,5,May,FY2024-25
2024-05-04,8.04123,209565.41748645,234.01509,93779.849539285,0.49,14.25,4840.87,77618.21,199.11,22662.18,365.47,9935.38,41.92,6242.29,115.18,194.92,53.48,1442.12,20.28,23918.34,30.987060000000003,1405.0742948,27.73034,2216.3794734,29.441319999999997,780.7919241,10.67609,369.1352377,1.42368,23.8279377,1.41154,78.9009736,113.73,5299.58,33.93,892.85,0.00106,9042.57,0.0,0.0,0.0,0.0,False,2024,5,May,FY2024-25
2024-05-05,1.15736,15105.400287038,146.43584,20166.966368733,0.51,12.93,4711.69,61535.54,174.27,15195.3,5.68,285.46000000000004,207.14,22504.52,115.73,193.29,47.81,1239.12,,,31.395079999999997,1327.0002974,35.62965,2380.7335812,27.74883,701.4586977000001,10.83589,329.49093369999997,1.19785,19.1460025,1.1955399999999998,54.7765414,103.06,4328.02,29.9,718.66,,,,,,,False,2024,5,May,FY2024-25
2024-05-06,10.603,764694.328716022,298.68977,142762.206452752,0.56,15.23,4669.94,77012.19,197.46,23780.37,228.64,6995.87,77.05,6398.44,105.46,178.65,58.22,1659.18,24.44,24882.7,52.80688,2573.9016331000003,76.1843,6060.50491,43.93743,1202.9190749999998,20.99235,735.4002432,1.0886900000000002,21.6108007,1.34465,61.8793544,107.54,4908.22,36.31,919.48,0.07767,711663.6410000001,0.127895,341145.24999999994,0.00855,53051.09,False,2024,5,May,FY2024-25
2024-05-07,8.8161,598965.0883415069,296.08029,126660.094539602,0.53,14.5,4544.11,71966.72,188.36,22222.22,169.76,8201.2,91.51,9647.14,102.45,178.56,55.1,1530.84,18.07,20837.42,31.20765,1522.7245602,43.53183,3596.2903619000003,30.34485,783.3531723000001,14.08392,494.59012960000007,1.30113,20.0303996,1.56346,87.3786059,106.27,4837.03,31.56,813.63,0.0866,708801.694,0.126055,286234.74,0.00578,32000.0,False,2024,5,May,FY2024-25
2024-05-08,9.8138,651547.3914350889,269.89306,124779.99163851,0.64,18.03,4741.36,74337.94,196.08,22410.9,120.52,5802.44,46.25,4686.09,104.79,184.07,58.65,1705.28,21.21,24559.36,32.33976,1551.0638703,42.15707,3473.9456076,31.93651,812.8578312,13.83952,477.2848096000001,1.3549300000000002,20.8693958,1.59617,87.3674275,115.82,5329.9,36.84,973.51,0.07552,700748.603,0.08885,236767.43,0.00706,43473.6,False,2024,5,May,FY2024-25
2024-05-09,9.91656,551873.881252361,270.51881,143134.18283878302,0.63,17.78,4711.16,74897.09,195.43,22419.53,122.0,5727.9400000000005,32.4,3909.48,108.78,189.54,56.51,1589.34,21.96,26270.62,33.07282,1609.8401374,41.949659999999994,3299.2090714,32.124089999999995,863.8993618,13.78789,466.2869089,1.3451,20.8556883,1.68356,95.5507084,112.43,5161.74,33.63,893.77,0.07002,686189.198,0.087115,233909.22,0.00316,15085.0,False,2024,5,May,FY2024-25
2024-05-10,9.476,767670.0986453741,291.56535,136391.229900209,0.64,18.09,4740.33,74820.95,191.44,21646.71,86.52,5340.9,165.06,21219.51,115.04,195.98,55.62,1641.44,20.98,23119.17,35.55789,2094.6645037,34.079629999999995,2510.4954829000003,34.01495,1414.5925301,13.10761,418.37157699999995,1.37372,23.8282475,1.35783,70.4441609,115.11,5267.81,33.16,871.21,0.07717,688102.7420000001,0.08406,274324.48000000004,0.00371,23445.0,False,2024,5,May,FY2024-25
2024-05-11,2.6537,30043.134746392,164.76316,31218.765501053003,0.63,18.13,4605.34,64156.46,180.82,17498.37,28.21,1207.88,12.24,1290.01,121.07,199.67,50.59,1299.34,,,32.05646,1350.9191526,38.06859,2294.9231921,28.99807,831.8325759,11.01716,340.0428381,1.36956,21.531212000000004,1.20954,56.0365653,108.23,4865.37,30.75,814.96,,,,,,,False,2024,5,May,FY2024-25
2024-05-12,1.04127,12545.119182668,140.07969,17348.734308297,0.59,15.58,4565.44,51539.62,162.94,11796.53,1.57,147.38,9.12,696.94,118.73,194.99,43.72,963.11,,,30.91415,1213.5979871,31.35308,1395.9123455,26.93717,680.6214408,9.91842,240.96479129999997,1.19188,19.2202301,1.00485,35.2685082,96.17,3908.06,25.45,633.94,,,,,,,False,2024,5,May,FY2024-25
2024-05-13,10.9071,653472.0734338801,282.49897,137908.25762306,0.6,15.79,4368.12,64193.58,177.97,19521.29,56.13,6630.09,34.81,3434.82,107.5,175.46,59.34,1668.21,29.7,30555.83,52.15244,2362.2435705,60.1749,3837.5064994,41.649370000000005,1243.9446438,19.23847,570.1087321,1.04658,19.80918,1.26703,58.438681800000005,97.49,4300.95,29.37,767.72,0.07976,722490.365,0.11502,277825.23,0.00353,19922.4,False,2024,5,May,FY2024-25
2024-05-14,10.59723,644115.00534029,258.73295,121110.044984328,0.64,17.07,4494.89,67457.42,177.6,20307.05,61.64,6249.9,17.13,3285.19,105.84,178.29,56.03,1489.47,26.35,28675.15,30.24625,1276.4558007,35.121700000000004,2312.9913549,29.03057,736.2534543,12.83134,394.0634711,1.32187,21.5814435,1.5847300000000002,92.3957412,101.28,4490.31,30.1,792.61,0.0647,697727.326,0.08486,224315.44,0.0054,33685.0,False,2024,5,May,FY2024-25
2024-05-15,10.11348,645799.0566820811,250.57678,126594.470347268,0.67,17.049999999999997,4611.81,69211.71,183.19,20663.39,169.72,12144.72,121.66,11843.15,109.5,186.24,56.8,1581.4,23.45,25565.12,33.38664,1403.4787618,43.68958,2730.855917,31.00058,778.1703985,14.09483,464.78975539999993,1.43429,24.1748329,1.57509,88.59898129999998,105.22,4568.28,31.36,797.39,0.07627,713485.352,0.08883,281812.4,0.00578,48880.0,False,2024,5,May,FY2024-25
2024-05-16,9.63936,625598.882843175,239.3434,121582.799443695,0.67,17.12,4493.06,65655.99,179.0,19734.02,71.8,6950.15,16.07,2895.46,110.83,192.27,54.81,1435.04,21.41,25274.94,30.68714,1270.0392726,39.71214,2526.2734302999997,28.96196,721.923037,12.85773,416.2065725,1.36056,22.113363900000003,1.65978,96.5371221,98.18,4204.53,30.19,749.18,0.07786,719409.377,0.07213,240312.34000000003,0.00773,34135.0,False,2024,5,May,FY2024-25
2024-05-17,9.48402,736851.126517275,248.95953,127338.226868704,0.63,16.2,4466.52,61499.98,171.63,18280.48,59.08,4402.63,11.12,2604.17,111.45,193.2,51.38,1335.37,19.45,25087.85,34.20658,1400.6943474,39.90727,2787.1153928,31.26595,811.3032847,12.92909,406.0161747,1.3992,20.8996811,1.52622,85.852103,95.33,4039.45,27.34,687.95,0.08893,741055.383,0.093165,258673.46,0.00424,28370.0,False,2024,5,May,FY2024-25
2024-05-18,7.8874,223078.21947758505,214.99618,77615.513793148,0.64,16.19,4475.37,60392.39,169.8,17121.56,196.09,7283.44,13.1,3272.6,122.53,204.15,48.35,1156.18,18.59,21190.3,31.20767,1176.3064178,31.26387,1753.8352061,28.39163,712.6421882999999,10.50358,305.4627841,1.4055,21.2411375,1.59547,92.9411813,97.77,4131.18,25.7,651.83,0.00152,10684.67,0.0,0.0,0.0,0.0,False,2024,5,May,FY2024-25
2024-05-19,1.10932,13299.773093957,135.23906,17095.867981044,0.68,16.65,4421.55,48699.88,159.4,10921.6,1.38,208.09,4.23,341.22,120.68,197.93,40.09,837.0,,,30.802249999999997,1119.8136718,30.81311,1304.2241126999998,25.34278,623.3000153,9.34666,234.0821108,1.21456,20.0977727,1.17344,56.4466593,90.45,3453.73,23.35,577.92,,,,,,,False,2024,5,May,FY2024-25
2024-05-20,8.9357,228464.890488662,212.24018,91340.59775676801,0.68,17.55,4359.16,62677.84,172.89,18470.97,137.51,4177.849999999999,32.73,5107.1,109.12,181.31,52.81,1566.91,18.73,21838.3,25.03027,1019.9493529,30.26684,2065.417223,24.326490000000003,616.6499081000001,9.890870000000001,327.4632866,1.03234,21.6782544,1.10988,57.066661800000006,92.25,3891.8,27.32,713.09,,,,,,,False,2024,5,May,FY2024-25
2024-05-21,9.82313,794997.868079775,258.97423,147839.961316224,0.68,17.31,4429.81,63261.77,173.14,19428.81,78.5,4038.05,43.33,4230.06,108.72,183.66,49.73,1394.66,21.25,25335.66,61.1873,2513.7266621,71.37086,5439.8317021,45.10234,1180.589821,20.50087,628.5431427,1.37473,22.807634,1.34823,65.1580845,90.84,3790.49,26.48,690.12,0.06186,723646.021,0.108535,304717.26,0.0051,34820.0,False,2024,5,May,FY2024-25
2024-05-22,9.70626,716540.5297759131,238.58444,129973.786003737,0.7,17.669999999999998,4485.22,62814.11,172.25,18954.44,125.08,6546.78,32.98,4019.53,111.86,190.7,47.69,1326.79,20.08,23991.78,32.29423,1392.1303003,40.36272,2786.7575548999994,28.87923,735.3290661000002,12.61872,410.4708803,1.39266,21.2131453,1.63324,93.2072044,90.77,3771.0,26.34,672.34,0.07385,742558.694,0.14391,300054.72000000003,0.00722,35135.0,False,2024,5,May,FY2024-25
2024-05-23,6.43313,145433.955264393,196.66308,90551.41323343002,0.77,19.67,4321.57,59408.9,171.31,17560.78,35.19,2136.57,23.8,1129.46,114.34,195.41,44.79,1229.28,9.11,11289.52,25.39417,1093.6082831,29.86712,1981.8661388,23.85853,621.2320834000001,9.44051,315.6155791,1.39644,21.3880702,1.18093,59.5331689,87.42,3579.52,26.55,671.93,,,,,,,False,2024,5,May,FY2024-25
2024-05-24,11.34886,869691.970682968,243.32372,146106.93836816598,0.72,18.209999999999997,4439.13,59932.38,168.1,19053.71,135.5,5619.38,16.72,3443.45,114.1,196.83,45.16,1236.88,23.48,27911.9,43.24038,1914.960138,43.32482,2936.1890652,34.62828,925.5844008999999,14.21053,440.053287,1.35978,20.3726849,1.0947099999999998,50.2435795,88.27,3628.25,25.42,645.42,0.10658,811995.231,0.145825,347085.55,0.00403,27185.0,False,2024,5,May,FY2024-25
2024-05-25,2.49329,28299.490544631,158.94407,28112.359310798,0.68,17.98,4310.14,55032.22,162.6,15234.31,47.66,1716.5500000000002,17.25,1841.3,119.73,199.6,43.65,1235.97,,,32.059020000000004,1258.683809,37.29879,2140.8934828,26.63864,693.1635957,10.34141,313.4442746,1.3653,20.246735899999997,1.14741,57.5677651,89.82,3688.84,22.41,571.0,,,,,,,False,2024,5,May,FY2024-25
2024-05-26,1.03807,11657.39851267,135.39956,15717.588715941,0.71,16.92,4387.71,45546.42,150.23,10542.25,0.39,177.37,3.56,310.84,119.64,196.6,36.42,847.51,,,31.932460000000003,1205.249731,31.30591,1458.080116,25.12109,615.3936567,8.861469999999999,219.4482661,1.0532,15.550568899999998,0.94036,37.149645199999995,83.65,3080.69,19.87,468.43,,,,,,,False,2024,5,May,FY2024-25
2024-05-27,11.9443,697614.6344155481,272.87912,140048.05366901698,0.74,19.42,4337.4,63592.61,181.95,20235.46,51.55,4521.06,41.38,4642.49,111.17,183.02,45.71,1409.7,31.2,32878.81,55.94847,2355.7750804,61.040229999999994,3900.7448333,40.08465,1058.0787538999998,17.37509,540.6561148999999,1.05609,18.5296765,1.02652,44.4798466,88.57,3676.38,24.52,629.58,0.0902,780490.63,0.0,0.0,0.00473,35270.0,False,2024,5,May,FY2024-25
2024-05-28,10.38162,667794.967332626,245.29308,135453.346966255,0.7,18.67,4284.26,61125.12,167.6,19537.64,124.22,4372.3,65.77,4927.84,108.52,184.8,46.33,1434.97,23.6,27583.7,32.84,1449.4665184,39.83569,2821.1773476999997,28.53211,716.4462063000001,12.17314,426.8308624,1.356,20.4462607,1.27066,69.9224306,87.04,3626.57,23.44,599.11,0.08995,778146.87,0.282115,515800.05999999994,0.00327,18035.0,False,2024,5,May,FY2024-25
2024-05-29,10.21236,683785.758227616,222.5627,131059.22207908898,0.71,18.48,4313.43,61874.15,170.54,19857.8,45.95,5226.27,7.96,2963.96,110.13,190.72,43.74,1347.78,19.8,23833.3,33.028059999999996,1479.6006372,39.79536,2921.5567184,29.32646,742.6666978,12.02622,427.3275775,1.36656,17.8598944,0.9178899999999999,43.617381400000006,88.07,3654.95,22.73,577.99,0.08171,781738.666,0.116165,271403.14,0.00552,31575.0,False,2024,5,May,FY2024-25
2024-05-30,10.15216,757671.9762694562,247.41439,161798.451517785,0.7,18.44,4348.73,65193.76,172.82,21088.46,123.91,6888.3,13.83,2749.04,111.1,196.82,45.01,1390.14,19.37,24234.67,30.867490000000004,1455.1782358,36.37843,2761.7869337,27.26732,707.0777895,11.180699999999998,424.1101707,1.33766,16.5308307,0.97666,51.082113500000006,86.53,3631.97,22.03,566.24,0.09076,761367.7744786,0.1378,300201.69,0.00446,29505.0,False,2024,5,May,FY2024-25
2024-05-31,10.65951,932030.083932683,403.52911,263982.565117145,0.7,18.84,4591.58,77713.82,189.67,25651.44,90.66999999999999,8917.59,20.78,3754.52,113.49,204.08,48.86,1555.78,16.98,22381.39,34.89247,1609.5816223,43.02272,3398.3020937,30.64815,785.9706086,13.21595,537.4190262,1.42098,18.0477718,1.0693700000000002,50.2328434,101.0,4575.6,22.12,579.95,0.07915,747375.097,0.220125,1411848.44,0.00339,21220.0,False,2024,5,May,FY2024-25
2024-06-01,6.86095,239308.063689681,333.03845,124629.081733002,0.4,14.69,4784.57,80892.93,196.06,23964.53,150.28,8473.82,25.57,4504.5,118.98,204.63,50.75,1417.64,15.02,18848.47,29.94589,1295.8275385,33.455960000000005,2620.5103802000003,27.8963,726.7316856,10.78206,425.0871278,1.44733,18.6301829,1.16074,60.16905989999999,113.17,5438.63,27.52,786.65,0.00122,13690.990000000002,0.0,0.0,0.0,0.0,False,2024,6,June,FY2024-25
2024-06-02,1.14407,18631.647529473,148.88099,20893.087546735,0.43,14.15,4741.78,65177.53,173.82,15867.36,55.65,707.33,120.74,7089.41,118.84,196.87,45.9,1209.57,,,31.17081,1280.4177654,32.32965,2004.8422759,27.86258,713.5520219,9.7736,316.7649181,1.30392,17.2032465,0.91594,37.1887571,107.51,4718.99,25.85,688.36,,,,,,,False,2024,6,June,FY2024-25
2024-06-03,10.09534,848972.756904788,297.59307,141754.01629737,0.47,16.55,4791.28,84201.75,198.76,24820.65,96.14999999999998,3601.12,167.9,10424.54,109.06,187.25,60.35,1577.88,21.59,24300.39,53.09364,2509.6175509,66.21045000000001,5099.4464087,44.71807,1193.2550721,19.73464,725.394614,1.32976,19.9615563,1.2287100000000002,53.9989258,112.49,5322.67,30.85,870.19,0.07919,784052.439,0.15233,378030.9799999999,0.00642,43310.0,False,2024,6,June,FY2024-25
2024-06-04,8.61118,717761.5337521709,255.84995,118055.907161272,0.42,13.9,4474.45,81483.43,182.34,24529.54,204.08,7514.54,50.57,7037.13,95.54,176.62,50.74,1384.54,20.21,23627.18,28.642809999999997,1458.5316045999998,41.14273,3398.006548,26.89765,696.0719101999999,12.80216,477.9932371,1.42543,17.9978716,1.19975,57.4280303,95.89,4402.81,25.77,683.01,0.10378,782592.689,0.15548,373045.0,0.00838,48100.0,False,2024,6,June,FY2024-25
2024-06-05,9.51818,787489.350608135,286.8956,146458.568818255,0.51,16.06,4786.02,82064.37,191.15,23888.61,287.52,10234.41,265.74,27994.56,104.5,187.81,60.28,1865.61,20.23,22441.38,28.530990000000003,1386.6698835000002,34.76086,2796.5028264,28.367800000000003,722.2908333,11.29077,404.6826762,1.45153,18.0834701,1.17004,52.9295561,110.46,5060.39,31.51,798.16,0.11192,844839.369,0.173425,364627.56,0.00501,37500.0,False,2024,6,June,FY2024-25
2024-06-06,9.30701,727233.8881512111,270.01407,139655.97941336498,0.54,16.38,4579.99,73445.81,183.08,22702.92,243.54,6372.040000000001,26.58,4558.01,106.56,191.34,57.82,1661.59,19.94,24729.96,33.73947,1665.370923,47.56513,4043.1658865,31.428469999999997,815.8011856999998,14.385650000000002,552.9453038,1.53157,18.5942779,1.24568,58.1852985,105.55,4824.42,31.71,776.1,0.08952,789111.62,0.18919,356887.69,0.0095,46520.0,False,2024,6,June,FY2024-25
2024-06-07,10.33913,682322.730827932,331.01855,153190.001425851,0.58,16.880000000000003,4781.77,74690.75,186.4,22469.2,173.25,7133.73,92.08,9913.86,111.69,196.5,59.14,1709.73,20.7,23230.96,34.01249,1582.3333246,39.56232,3283.0026338999996,31.71654,812.6257967,13.006139999999998,468.8188856,1.54421,18.002045,1.19493,54.3577139,114.33,5303.44,35.46,881.64,0.09342,824061.979,0.177835,337903.04,0.008,40930.0,False,2024,6,June,FY2024-25
2024-06-08,2.75139,31805.383890663,181.08475,33485.581395862,0.63,19.889999999999997,4791.9,68922.47,182.93,18689.59,66.05,2194.93,42.97,3106.16,124.27,210.07,53.37,1381.66,,,33.487669999999994,1425.9071583,30.82336,2010.1880244,30.27704,825.6861961,9.74614,311.150345,1.69635,22.358628,0.95551,36.6730904,117.19,5475.45,36.1,930.48,,,,,,,False,2024,6,June,FY2024-25
2024-06-09,1.08338,13528.540797098,146.252,17559.308889166,0.61,17.44,4710.92,56425.61,159.66,12595.51,1.58,166.3,14.7,1141.27,122.59,203.11,44.9,941.02,,,32.21867,1282.5758138,32.47987,1637.5967119,28.16129,721.0934725,9.25328,252.4574003,1.38829,16.6191446,0.94753,27.7129345,103.5,4350.0,29.12,724.59,,,,,,,False,2024,6,June,FY2024-25
2024-06-10,11.81902,751293.5615028889,327.40598,165183.964879101,0.66,19.66,4807.16,80323.86,197.27,23458.06,112.2,3970.74,171.83,21852.0,110.33,186.09,62.61,1972.59,32.46,31726.55,55.01201,2458.4772727,65.75751,4760.6914292,43.81678,1210.9114705,18.75758,624.8303774000001,1.2346700000000002,18.0141126,1.25531,53.1231436,115.46,5365.31,35.97,931.58,0.09944,822220.391,0.11479,283307.70999999996,0.00522,24875.0,False,2024,6,June,FY2024-25
2024-06-11,10.40709,630029.027801165,253.94498,129300.284609855,0.63,18.56,4697.98,73866.64,197.3,22226.15,80.55,4361.25,25.21,4343.8,107.45,188.17,59.83,1800.38,25.85,28809.18,32.43518,1455.4910176,43.50773,3186.4362563,32.0001,799.3706472,12.76615,464.1438591,1.55977,18.2098168,1.28652,61.6886957,114.89,5270.92,33.27,851.87,0.0628,773424.6245923,0.12183,254739.1,0.00457,22505.0,False,2024,6,June,FY2024-25
2024-06-12,9.73738,658463.97595235,242.45401,123801.826665019,0.6900000000000001,20.83,4769.39,71385.73,194.14,21063.9,105.72,5262.49,34.94,3697.33,109.98,192.5,59.1,1807.6,22.4,25782.54,32.363789999999995,1412.7670035,39.21967,2584.8830728000003,30.75058,796.5682975,12.31979,424.0022117,1.6044,18.8903192,1.31849,63.5005472,110.09,4944.18,32.54,840.6,0.08222,776359.103,0.090305,251074.76,0.00409,18630.0,False,2024,6,June,FY2024-25
2024-06-13,9.386,663748.195667188,222.93764,130167.44892971498,0.6900000000000001,20.23,4621.92,67638.55,193.21,20233.66,110.57,4636.37,15.96,3119.55,109.66,197.18,58.1,1580.16,20.24,24335.9,32.36416,1370.7119123,38.864180000000005,2776.1641224,30.62882,792.8575308,12.36845,434.0341559,1.61371,18.8627474,1.34573,67.25290629999999,103.75,4597.11,32.47,834.83,0.06586,754669.531,0.09943,260300.21,0.00581,28525.0,False,2024,6,June,FY2024-25
2024-06-14,9.91933,866543.7539739141,247.23594,152719.52696579098,0.68,19.71,4705.68,66861.57,178.72,19316.82,98.97,4113.09,17.33,3464.1,112.56,199.49,55.67,1521.76,19.5,23647.1,33.59298,1374.5868626,42.0108,3177.244378,30.52136,785.6673746,13.44962,473.6621766,1.60472,18.7835702,1.31104,63.38599539999999,102.11,4476.11,30.8,788.32,0.09471,761184.496,0.10905,303369.36,0.00618,28675.0,False,2024,6,June,FY2024-25
2024-06-15,8.15357,277120.115127997,220.71495,93083.37161282099,0.71,20.46,4777.18,68024.41,175.06,18580.23,188.26,5741.75,108.18,11463.49,121.75,205.23,53.34,1380.07,19.6,21736.33,32.019149999999996,1192.6577493,30.81255,1741.2006634,28.33198,735.7588059,9.81963,332.02460809999997,1.69708,21.341990600000003,1.20121,61.9327569,111.95,4890.06,31.35,786.07,0.00174,17335.17,0.0,0.0,0.0,0.0,False,2024,6,June,FY2024-25
2024-06-16,1.06961,13278.844329931,149.11049,17618.395214698,0.7,19.13,4746.27,53975.8,155.11,10820.67,12.05,370.18,7.84,566.43,121.15,197.04,42.38,863.77,,,33.01286,1150.9183916000002,31.13216,1202.9088184,27.171149999999997,678.1648663,8.7148,231.4961593,1.4544100000000002,17.585568799999997,1.00446,39.847406,104.08,4120.71,26.35,636.41,,,,,,,False,2024,6,June,FY2024-25
2024-06-17,2.90042,63357.95457060399,168.61824,41998.618671708,0.68,18.66,4315.9,51569.15,156.41,13418.49,18.43,923.59,7.84,1113.0,107.89,172.09,48.13,1211.58,0.3,269.07,26.55125,972.9527952,29.880930000000003,1550.3235005,24.12348,608.5777167,8.73886,265.2550431,1.11251,17.97717,1.05543,51.1949115,86.14,3395.67,25.66,628.15,,,,,,,False,2024,6,June,FY2024-25
2024-06-18,11.36889,779403.0653904349,246.43807,138322.95888443798,0.7,19.25,4404.62,61051.29,161.51,18231.94,1036.68,23288.43,39.2,4327.16,101.82,171.45,56.87,1648.2,30.73,30253.37,61.98461,2378.9740073,70.15692,4453.0949616,44.82342,1184.8329304,19.20829,645.6815657,1.44786,19.4912811,1.20467,58.5459588,91.52,3775.42,29.74,740.62,0.08368,805297.27,0.096875,286058.62,0.00425,27705.0,False,2024,6,June,FY2024-25
2024-06-19,9.94363,655629.616880567,241.62977,124615.902055444,1.1,27.11,4602.56,64879.46,168.2,19231.33,140.23000000000002,5445.96,16.1,3683.32,105.85,181.37,53.76,1545.77,22.93,24985.59,32.06308,1304.7953716,40.59976,2873.1239879,28.81895,736.9801846,12.1969,432.783131,1.53962,17.6712912,1.19945,62.5148616,98.37,3984.37,58.97,1362.92,0.07553,779126.2014373,0.0,0.0,0.00588,29010.0,False,2024,6,June,FY2024-25
2024-06-20,9.96166,796418.179525945,251.06383,142181.384899455,0.99,24.87,4543.25,65029.53,167.75,19236.82,174.77,5330.01,50.62,6605.79,106.4,187.67,53.66,1670.58,21.83,25105.1,32.09435,1346.6491208999998,37.95089,3379.373141,28.574250000000003,726.3541987000001,12.23281,429.8647395,1.56852,18.5309822,1.19063,59.07280680000001,94.82,3896.82,49.99,1187.78,0.08699,785467.611,0.2361,450455.99,0.00343,19148.35,False,2024,6,June,FY2024-25
2024-06-21,10.11341,776128.546386941,258.28442,133410.344173246,0.9,23.33,4526.04,62337.03,169.39,19444.44,115.18,4771.209999999999,39.27,4226.94,110.61,193.88,50.06,1501.44,20.01,24516.59,33.324830000000006,1374.8955793,43.42855,3093.1821279,28.67306,727.1298097,12.67143,449.0833215,1.54187,18.5644433,1.17994,56.928861,92.48,3764.98,42.0,1022.88,0.07364,764416.1277778,0.111,275877.86,0.00131,10930.0,False,2024,6,June,FY2024-25
2024-06-22,2.71165,30616.433843767,173.18978,29236.809133056,0.82,22.66,4548.31,57274.09,153.69,15524.86,54.620000000000005,1676.41,15.83,1143.75,119.86,204.68,45.29,1243.28,,,32.81562,1285.9865974000002,30.3813,1704.4558163,26.637789999999995,685.2689794999999,9.24826,289.60217739999996,1.6858499999999998,19.7523997,0.91976,36.8857587,92.9,3807.78,34.26,846.27,,,,,,,False,2024,6,June,FY2024-25
2024-06-23,0.9777,11349.224347059,149.82587,15274.350500078,0.8,19.77,4453.05,46497.11,136.62,9991.31,0.87,183.86,4.66,383.95,116.9,197.92,36.91,901.28,,,32.66657,1214.6391602,31.60522,1390.8653235999998,24.88809,606.3427704,8.43688,229.2867391,1.35813,15.1364211,0.8782400000000001,29.3008089,86.56,3154.49,26.73,626.71,,,,,,,False,2024,6,June,FY2024-25
2024-06-24,11.85385,760198.107067505,262.79773,146818.156154214,0.87,22.82,4555.21,64748.05,160.0,19940.88,49.989999999999995,4051.13,17.96,3434.59,107.23,182.68,51.27,1626.48,31.1,33072.58,54.62232,2221.6429816,62.533919999999995,4042.4739842,38.9611,1020.8468175,17.357799999999997,577.4471407999999,1.16925,18.1826049,1.1833,54.2559862,91.74,3741.94,34.28,852.05,0.07891,785147.169,0.15529,347816.16000000003,0.00121,10867.7,False,2024,6,June,FY2024-25
2024-06-25,10.3034,737771.2618780449,240.69638,140633.938136429,0.85,22.24,4445.25,63353.78,164.42,20092.05,148.65,6904.77,41.03,5425.11,105.19,184.96,49.65,1585.18,24.79,28079.15,31.555100000000003,1367.6315641,40.60584,2970.6258246999996,27.25754,678.8319599,12.19822,444.0317418,1.5371199999999998,15.9655899,1.3012199999999998,59.834000499999995,88.45,3593.18,32.47,804.26,0.08667,816586.067,0.146165,321703.27,0.00207,18220.0,False,2024,6,June,FY2024-25
2024-06-26,10.28655,816917.5230618911,248.95468,135493.325165639,0.84,21.72,4481.4,62349.06,158.4,19494.86,63.86,5335.11,11.71,3077.61,106.99,189.89,47.81,1504.3,20.62,24408.0,32.161860000000004,1416.2014505,41.17096,2996.472412,27.272169999999996,701.5521035,12.19253,459.8370082,1.5935,17.1111946,1.1824599999999998,59.7722509,87.45,3547.25,29.84,735.27,0.08084,834525.834,0.14375,282463.26,0.00272,19575.0,False,2024,6,June,FY2024-25
2024-06-27,9.8825,937591.821141151,350.50868,170468.46308859298,0.86,22.209999999999997,4504.87,62009.24,156.15,19433.62,156.51,9975.09,11.22,3045.33,107.56,194.29,49.75,1481.44,19.11,24482.6,32.0188,1404.7746418,42.06306,2968.5549257,27.49912,702.9248264,12.71012,451.5205624,1.57727,17.7868618,1.17561,61.557746,85.54,3477.1,29.83,745.83,0.0722,793674.514,0.15434,335899.32,0.00444,27656.01,False,2024,6,June,FY2024-25
2024-06-28,10.54316,1225889.682301987,368.01938,234603.78990217403,0.96,24.75,4527.52,66808.91,164.07,21939.06,170.95,9255.22,71.33,5172.47,108.79,193.96,52.81,1662.42,18.63,24324.17,29.46837,1268.3191136,36.152069999999995,2623.225136,26.49023,651.4182267,11.835469999999995,427.7675378,1.53573,16.976638899999998,1.0994,55.01724529999999,91.14,3829.5,31.46,786.81,0.07326,769645.183,0.241575,1489608.98,0.00324,16300.0,False,2024,6,June,FY2024-25
2024-06-29,9.28735,493646.857412524,272.91624,146853.878218269,0.85,22.28,4755.43,70499.43,156.34,21744.46,70.17,4508.13,14.74,3454.82,115.37,203.71,55.38,1738.64,16.63,21121.48,33.21912,1459.5863622,38.53266,2455.9553974,28.51911,765.9264473,12.768440000000002,479.3428689999999,1.83815,22.1449751,1.30019,63.339835699999995,98.63,4348.12,28.39,709.82,0.00207,30514.71,0.0,0.0,0.0,0.0,False,2024,6,June,FY2024-25
2024-06-30,1.50226,25244.203749423003,159.96764,23992.999948846,0.8,20.34,4619.75,59293.86,149.55,14842.72,53.12,1061.65,14.94,1386.37,118.68,201.39,48.73,1433.5,,,31.36579,1261.042162,32.96009,1869.7857675,26.1364,666.641191,9.81024,343.71742229999995,1.55132,14.948377,0.98874,41.5850791,97.38,3984.69,23.53,567.98,,,,,,,False,2024,6,June,FY2024-25
2024-07-01,10.43752,941370.202928794,406.13947,196964.183616514,0.38,13.77,4918.91,87154.11,188.28,26610.66,214.36,19248.57,47.01,5233.49,104.7,184.22,64.96,2116.24,22.17,26256.8,52.374030000000005,2383.5858411,68.62276,5126.1002475,40.90326,1102.194158,20.13227,773.6068084000002,1.3163900000000002,18.0724515,1.24632,56.398283500000005,111.82,5294.33,32.12,866.4,0.0814,839576.315,0.154395,372977.81,0.00476,38595.0,False,2024,7,July,FY2024-25
2024-07-02,9.44474,700691.6767213779,282.4907,150324.224203469,0.41,15.5,5016.23,83635.4,182.75,24463.45,116.59,3912.8,134.69,9546.03,100.34,178.75,65.95,2215.66,21.28,26968.96,30.71841,1503.2684159,49.45852,3865.2300763,29.65686,755.8830473,15.27372,592.752056,1.68286,16.5363402,1.24095,58.1000749,109.08,5135.62,32.88,857.27,0.05897,801184.0999614998,0.174655,359922.98,0.00289,11915.0,False,2024,7,July,FY2024-25
2024-07-03,9.30312,611154.515614358,286.20788,135931.63192941202,0.41,15.06,4845.59,78649.51,176.41,23336.79,180.0,6296.43,149.12,10169.86,102.49,181.27,66.07,2154.83,20.01,25613.06,31.55115,1592.9139739,46.48729,3752.7931977,30.50471,794.1826415,15.26503,573.0762691,1.7512800000000002,17.8092215,1.3698899999999998,70.84698780000001,106.05,4922.12,31.84,833.72,0.05969,761957.335,0.13342,313064.75,0.00386,21725.0,False,2024,7,July,FY2024-25
2024-07-04,8.9973,568988.185083641,276.71256,131631.530156048,0.42,15.29,4821.22,78683.27,176.28,23165.93,257.32,5715.6900000000005,52.42,6882.38,101.77,181.39,66.87,2142.37,20.09,24414.49,32.23776,1612.3172296,44.06125,3782.5273324,30.32038,787.8103152,14.54413,559.7419419,1.7669,17.4389199,1.3185,64.2686548,104.44,4746.73,33.2,850.25,0.06375,752805.0135409,0.0,0.0,0.00318,40684.19,False,2024,7,July,FY2024-25
2024-07-05,9.64745,780600.8089031511,316.36655,173030.515608194,0.41,14.24,4812.11,76238.49,171.27,22288.62,237.07,6889.09,265.29,27891.79,104.72,184.66,69.17,2423.05,20.75,24034.17,32.95644,1599.4538415000002,43.197230000000005,3676.909745899999,30.46691,787.3779519,14.03488,527.9491261000001,1.7650500000000002,16.609214299999998,1.29887,63.143632100000005,102.19,4588.67,32.48,811.25,0.06169,733253.535,0.254575,492458.26,0.00398,24045.0,False,2024,7,July,FY2024-25
2024-07-06,8.06339,260853.711192196,369.03486,133493.739137643,0.52,17.05,4939.44,75111.32,180.45,21051.96,226.93,7565.57,24.55,4312.46,112.21,190.6,64.51,2204.4,18.71,20765.96,31.601280000000003,1378.617367,33.4138,2516.17251,28.3093,746.1594205,11.10474,395.24897440000007,1.8977,19.4553533,1.27702,63.0342807,113.88,5199.31,38.97,944.86,0.00156,20605.39,0.0,0.0,0.0,0.0,False,2024,7,July,FY2024-25
2024-07-07,1.09248,14674.5675347,162.70943,21444.752886012,0.59,18.18,4829.96,59336.17,145.93,13095.7,1.86,261.87,63.81,6385.52,114.34,188.43,54.36,1518.34,,,32.83962,1351.4728632,32.32752,1725.3874157,27.948639999999997,727.5255921,10.01291,304.8630547,1.70085,16.159097499999998,1.04596,38.1389975,107.33,4491.07,34.52,820.75,,,,,,,False,2024,7,July,FY2024-25
2024-07-08,9.90101,620484.803585402,297.10817,129072.307770406,0.64,20.78,4811.57,81314.51,171.28,22672.4,66.39,4126.46,60.42,5089.71,101.75,170.93,70.18,2431.25,21.9,22468.24,52.99959,2477.152724,64.19342,4935.7696473,42.10621,1166.4597047,19.46507,700.4620229,1.38397,17.052335900000003,1.19436,53.0605768,109.63,4965.04,41.95,1054.25,0.07232,773594.0759615,0.11072,307077.46,0.00554,28635.0,False,2024,7,July,FY2024-25
2024-07-09,9.62171,643494.275690502,280.74564,127932.839624683,0.66,21.58,4829.04,77115.53,173.83,22482.6,185.23,8491.119999999999,43.79,4745.69,101.92,176.25,67.72,2271.04,21.59,24622.94,31.03233,1477.9855415000002,41.7183,3308.9407974,29.444450000000003,765.6541885,13.46689,534.2531848,1.72754,16.2848075,1.27088,59.929692,109.8,4926.43,38.36,977.99,0.05331,721216.6119594,0.109215,305527.63999999996,0.00641,32410.0,False,2024,7,July,FY2024-25
2024-07-10,9.55661,594337.463505446,314.19923,128880.088955494,0.65,21.15,4976.49,79215.04,170.39,21919.59,104.53,4816.65,169.76,21406.14,104.29,180.67,70.72,2447.78,23.19,24959.1,31.54505,1470.9484357,41.657810000000005,3136.9091125000004,29.67951,786.6079131,13.34308,521.5547022,1.76441,16.4729497,1.45929,59.1640954,112.45,5054.22,37.25,952.35,0.0608,712443.8258845,0.11088,287001.15,0.00462,22132.31,False,2024,7,July,FY2024-25
2024-07-11,9.10228,580946.214761042,270.4117,119090.209253045,0.49,15.79,4785.89,71809.73,158.29,20238.93,172.79,5389.31,34.27,3985.22,105.75,184.0,67.84,2287.7,20.66,23801.31,31.49526,1425.1273993,40.63472,2921.7225627000003,29.46491,771.6883255,13.0418,509.3070664,1.82109,16.486839,1.38409,58.3668533,106.42,4686.69,25.77,671.66,0.07501,715834.3570000001,0.117695,289650.63,0.00657,48210.0,False,2024,7,July,FY2024-25
2024-07-12,9.6443,652629.8228639179,266.76802,135445.266033632,0.71,22.14,4674.07,66726.7,157.81,19471.64,155.0,5656.820000000001,30.32,3871.68,110.44,186.7,65.4,2249.17,20.31,23574.3,32.19745,1399.5813665,40.46137,2957.0395718,29.12723,770.3877873,12.84547,502.3205267,1.84419,15.5164786,1.4633,63.6559513,98.74,4272.8,36.49,934.16,0.06366,717923.8064790999,0.121545,307876.44,0.00633,28983.5,False,2024,7,July,FY2024-25
2024-07-13,2.39587,27708.564658994,171.4984,27562.628571425,0.7,22.53,4622.91,59489.69,147.73,14679.48,56.33,1071.65,6.56,628.19,119.03,197.76,59.94,1811.05,,,32.93452,1257.4447103,32.58312,1729.9009178,29.75199,782.9658054,10.26038,327.4165394,1.91649,14.7084732,1.18451,33.655287,99.51,4279.94,33.48,853.61,,,,,,,False,2024,7,July,FY2024-25
2024-07-14,1.01706,12463.784200046,152.90173,15991.185387289,0.66,19.84,4647.16,50682.42,135.97,10729.3,1.21,127.69,6.8,731.78,114.77,188.87,51.97,1290.39,,,31.27746,1127.9217703000002,30.41508,1261.2263294,26.49833,652.0456720999999,8.81965,250.6276877,1.6378400000000002,15.5835957,1.19209,42.715334000000006,93.23,3644.34,27.48,666.86,,,,,,,False,2024,7,July,FY2024-25
2024-07-15,11.5001,756238.616780999,271.75716,156692.258790445,0.7,20.98,4702.3,71054.85,163.83,20859.04,206.53,5247.95,129.14,12511.51,104.37,170.43,71.0,2354.19,31.88,32195.93,53.1128,2146.6324657,62.5162,3955.9021161,40.532219999999995,1093.0016078,18.6045,662.8907888,1.38278,16.6386171,1.47245,57.5684199,101.25,4263.43,36.1,881.67,0.07101,739002.331,0.130975,336617.88,0.00323,17935.0,False,2024,7,July,FY2024-25
2024-07-16,9.95346,632365.61170928,346.67434,136572.186977773,0.68,20.17,4641.67,66028.97,159.79,19538.15,96.72,4728.1900000000005,21.67,4034.37,101.61,175.85,64.8,2073.86,24.6,27492.94,31.58583,1279.8737207,40.74301,2712.6656798,29.34106,711.2122553,12.72974,477.1458027000001,1.8845300000000005,16.7473095,1.25905,63.0796787,97.55,3999.33,35.09,832.4,0.06963,726876.9799582,0.11679,285651.64,0.01051,56550.0,False,2024,7,July,FY2024-25
2024-07-17,4.3814,85045.209618577,197.37696,54414.401099423,0.67,19.92,4509.27,55967.88,146.75,15309.25,82.08,1870.96,7.23,1378.58,101.16,175.42,59.02,1734.47,5.59,6065.38,24.59756,975.3448556999998,30.2506,1661.6893692,23.95337,625.1712967,9.90597,334.1024073,1.85703,14.3706123,1.22978,60.426263500000005,88.67,3545.34,28.64,676.06,,,,,,,False,2024,7,July,FY2024-25
2024-07-18,10.54761,702636.980098218,258.44752,148702.33414548798,0.66,19.37,4547.15,62967.39,151.97,18547.2,229.82,5559.6900000000005,21.56,3934.49,101.43,177.08,64.0,2093.4,27.16,30766.99,38.947019999999995,1571.320937,51.41952,3486.0996381,32.69805,852.2027742,15.35359,535.6867164,1.74412,15.805643500000002,1.25928,59.6823636,88.98,3634.18,30.79,748.66,0.08842,762582.951,0.12531,292950.91,0.00704,53425.0,False,2024,7,July,FY2024-25
2024-07-19,9.54782,736530.5842001801,241.87761,146592.036300072,0.66,19.17,4577.98,61525.81,148.99,18038.9,223.67,9810.98,15.43,3294.23,103.44,180.85,59.14,1988.18,22.15,25979.5,30.75015,1261.5132312,34.25345,2842.8186919,27.41814,707.9457262999999,12.48656,409.9005514,1.87308,15.941477099999998,1.16815,60.306564,88.16,3544.28,29.59,727.62,0.08533,782421.1866404,0.117915,309052.76999999996,0.00575,29983.48,False,2024,7,July,FY2024-25
2024-07-20,7.56776,211550.844289898,213.69721,77193.283168251,0.68,19.59,4306.37,57542.05,146.29,17188.74,114.9,4476.62,38.33,6082.5,111.23,187.89,56.44,2003.83,19.7,23238.71,31.43388,1245.9262437999998,35.72719,2540.8295091000005,29.0664,724.7802507,10.47146,390.5526817,1.96915,20.3302324,1.36997,73.7254403,95.64,3851.47,29.27,708.01,0.00143,21587.05,0.0,0.0,0.0,0.0,False,2024,7,July,FY2024-25
2024-07-21,0.98751,13248.557512573,148.60531,16745.663958639,0.68,18.3,4463.79,48180.54,129.08,10617.62,2.01,340.38,28.27,1378.45,111.28,182.52,48.24,1476.82,,,31.60574,1215.4053133,47.59379,2731.0421088,26.35886,637.6877006000001,11.14328,364.6142278,1.6967499999999998,15.9322206,1.21081,52.8109719,85.67,3069.97,23.82,548.99,,,,,,,False,2024,7,July,FY2024-25
2024-07-22,9.93166,739060.374786959,244.21546,135166.737675323,0.71,20.05,4519.69,64897.57,153.02,19184.28,162.48999999999998,3460.1,39.98,3764.2,98.46,166.87,61.7,2361.26,21.91,23769.13,52.82679,2197.5386708,79.77228,5957.8553329999995,40.44284,1057.1563158,18.4788,691.809677,1.3951700000000002,18.4077762,1.27592,60.3513473,89.51,3588.63,30.04,737.94,0.07123,804380.658,0.1383,333509.22,0.00433,19405.0,False,2024,7,July,FY2024-25
2024-07-23,9.26432,573704.791769539,232.25963,119352.250242588,0.67,19.06,4504.55,64321.06,149.91,18843.77,47.46,3805.06,12.39,3020.17,96.91,169.67,58.23,2283.49,20.38,23609.47,30.67071,1355.6496937,47.83078,3285.0747013,27.23757,694.2629529,12.385189999999998,480.6028937,1.8842,16.675971999999998,1.23147,60.912705300000006,83.97,3345.64,27.28,673.66,0.07442,822722.6040995,0.12448,266732.62,0.00666,27070.93,False,2024,7,July,FY2024-25
2024-07-24,9.14638,624947.730185793,243.13628,115304.843895799,0.68,19.42,4472.88,61048.58,149.35,18431.64,29.65,4297.98,10.3,2820.07,97.82,173.39,55.93,2184.63,18.79,22959.51,30.98793,1400.2845848,42.58972,3005.7843402,27.41759,743.2452433,12.17199,463.8783413,1.96404,17.8719848,1.09784,49.8945339,82.92,3307.53,26.25,646.47,0.10505,850461.7241852,0.10134,271800.98000000004,0.00665,31355.0,False,2024,7,July,FY2024-25
2024-07-25,9.10492,624146.9970465349,234.49466,153813.067727373,0.73,20.44,4453.23,61610.72,155.48,19109.99,201.02,5672.23,41.12,4860.58,97.65,177.09,57.38,2291.09,18.97,22514.87,30.86666,1407.7920244000002,42.0733,2896.2396348,27.13175,739.3278698,12.019290000000002,468.3372083,1.92788,17.2110175,1.10525,46.7583065,81.67,3261.2,26.38,650.82,0.08663,829394.8026263,0.111035,299728.05999999994,0.0074,50875.0,False,2024,7,July,FY2024-25
2024-07-26,9.89426,777610.002981432,249.02128,155752.13069965,0.76,21.15,4556.81,59531.17,152.88,18634.89,126.14,5836.370000000001,13.29,3032.25,101.59,181.93,55.21,2190.26,19.35,23355.06,33.01065,1479.6528545,41.44718,2869.6449252,28.31368,773.5088365,12.12401,462.850722,1.97929,19.5183237,1.05379,45.7924298,85.43,3403.89,26.39,662.11,0.09697,836824.3656263,0.098965,272376.07,0.0078,52978.94,False,2024,7,July,FY2024-25
2024-07-27,2.68032,31674.052086063,171.30494,29295.175627832,0.73,21.19,4572.74,55364.35,151.52,15564.29,71.51,2332.87,5.2,927.47,108.24,186.82,53.17,1898.66,,,33.29915,1427.6993857,32.76314,1771.5326676999998,26.8606,812.7854188000001,9.501290000000001,317.79644840000003,2.13292,19.9912627,1.03138,39.998178200000005,86.76,3487.96,24.33,611.93,,,,,,,False,2024,7,July,FY2024-25
2024-07-28,0.97241,11679.915161683,153.55891,16017.940805375,0.78,19.8,4517.45,45136.0,136.04,10171.59,1.1800000000000002,243.24,43.17,1777.77,105.56,181.43,44.81,1400.6,,,32.64089,1403.8222166,22.816039999999997,1027.6419342,24.94723,730.0738788,7.92261,227.789623,1.76814,16.171028200000002,0.86022,29.8389728,82.15,2946.14,21.76,503.61,,,,,,,False,2024,7,July,FY2024-25
2024-07-29,11.77226,795229.525694433,266.38217,155912.486461145,0.76,20.09,4417.18,62312.64,151.79,20191.33,104.91,4987.71,34.1,3820.43,95.01,162.95,56.17,2389.54,29.83,31424.52,54.193569999999994,2413.0231184,71.17842,4419.4528889,38.471,1154.2378323,17.17032,637.4787304,1.48426,18.4151587,1.12675,52.3786185,84.91,3412.54,25.65,637.29,0.11091,846533.623,0.11228,314855.35,0.0055,29950.0,False,2024,7,July,FY2024-25
2024-07-30,10.55322,735995.458540009,273.0042,166097.960678762,0.73,19.6,4462.18,63738.25,151.17,20981.19,133.65,8954.869999999999,14.61,3244.26,95.5,171.73,57.69,2545.52,22.26,25832.21,30.64925,1474.7183326999998,40.37813,3236.8763687,26.91918,749.039884,12.18615,515.0503573,2.04504,17.637376800000002,1.12016,54.8194289,84.77,3429.06,23.94,596.74,0.10059,810275.423985,0.090525,278585.6,0.00504,22165.0,False,2024,7,July,FY2024-25
2024-07-31,10.64808,908616.563878028,407.02986,251843.856919092,0.63,16.92,4599.71,77902.69,168.31,25757.66,151.33,9807.09,23.51,4252.69,97.64,181.48,66.13,2893.58,17.77,24001.9,29.7793,1469.2488014,40.785160000000005,3333.4655875999997,27.49161,800.7399391,12.87467,585.1811827,2.12954,16.6173808,1.1490900000000002,55.8872546,94.78,4225.39,22.18,558.21,0.09204,755644.244409,0.154315,1119687.87,0.00602,35570.0,False,2024,7,July,FY2024-25
2024-08-01,9.16704,688329.522878371,413.77717,192361.99713633,0.31,12.34,4927.45,86207.47,185.76,26456.62,180.93,9130.34,42.37,5242.58,97.49,180.94,75.04,3083.39,17.94,23706.97,31.70123,1603.5260024,44.12908,4002.6071724,29.807429999999997,855.8895196,14.62155,663.1285199,2.2155,18.6139781,1.22783,58.5374916,109.35,5211.99,28.41,759.39,0.09093,723804.497,0.08312,261305.65,0.00685,33430.270000000004,False,2024,8,August,FY2024-25
2024-08-02,8.7739,694111.967107541,279.2054,140310.712369074,0.31,11.58,5035.24,80650.53,171.62,23140.46,138.53,7164.28,129.6,9318.99,98.57,175.94,72.9,2893.65,19.31,23997.65,32.02316,1613.7867101000002,40.71901,3519.0699132,30.70037,864.2020199,13.89765,563.1419688000001,2.13539,18.416061900000003,1.31035,58.2348226,109.65,5149.65,29.1,767.14,0.08269,713411.828,0.09703,277084.51999999996,0.00893,38025.0,False,2024,8,August,FY2024-25
2024-08-03,7.23393,228846.44486336395,244.22728,82182.3016704,0.34,13.31,4985.34,74840.21,162.56,20480.89,177.48,4879.160000000001,149.89,10257.73,105.95,182.8,71.85,2810.81,18.42,21016.1,30.51922,1426.7682189,35.16458,2407.9703584999997,28.50025,877.5622412,11.22844,411.9649291,2.42141,21.619546399999997,1.33175,62.16766629999999,109.79,5080.71,29.26,759.21,0.00117,10601.429999999998,0.0,0.0,0.0,0.0,False,2024,8,August,FY2024-25
2024-08-04,1.06294,15057.971083515997,161.0753,19000.324238629,0.35000000000000003,11.84,4941.3,60733.24,146.22,13902.02,4.41,400.68,46.15,4696.25,103.04,176.34,61.67,2190.07,,,32.06218,1389.6948645999998,34.084869999999995,1933.5376902,27.54458,772.2344651,9.54415,316.0715235,2.1266800000000003,17.9091273,1.01978,32.9469401,100.57,4187.12,26.26,630.05,,,,,,,False,2024,8,August,FY2024-25
2024-08-05,10.20938,747910.8448548901,301.70772,142634.839377939,0.4,14.52,5029.81,87105.05,179.14,24644.9,130.34,4608.58,284.38,28225.84,96.28,163.04,82.64,3353.57,23.06,24220.99,53.19733,2613.1860265,67.10002,5148.2731177000005,42.28184,1241.9614216,18.58712,703.3151348,1.7282799999999998,17.8251658,1.25427,56.10994590000001,107.81,4900.28,32.98,835.44,0.08723,717640.8230000001,0.09318,257297.32000000004,0.01101,55205.0,False,2024,8,August,FY2024-25
2024-08-06,9.68317,711049.4678115969,290.33392,146878.750958425,0.39,13.57,4846.79,75775.76,170.58,22392.16,195.67,6414.65,30.13,5194.53,98.69,173.53,78.53,3428.02,21.9,24387.36,31.25259,1584.6280797,51.34751,4470.7435085,29.37199,819.5268049,13.91187,564.6984503,2.38763,17.4700154,1.28111,58.6389703,102.53,4617.64,29.91,750.38,0.1149,754775.807,0.095585,269172.25,0.00881,45805.0,False,2024,8,August,FY2024-25
2024-08-07,9.50747,668881.000700237,345.46701,148084.444709434,0.42,14.85,4945.62,75924.48,161.98,21481.03,159.14,5908.34,85.2,9056.65,100.66,178.85,76.54,3477.81,20.55,23631.5,31.511809999999997,1579.7730685,46.94376,3996.5852936,29.97719,860.0645091999999,12.96853,507.7898663,2.24293,17.862263799999997,1.18749,52.4401465,108.61,4928.8,32.19,808.16,0.07907,718971.7254091001,0.145185,374005.25,0.01019,55920.0,False,2024,8,August,FY2024-25
2024-08-08,9.24744,634353.5939154241,303.61762,146440.81135561498,0.5,17.59,4990.49,74517.12,159.47,20790.9,133.61,4657.85,49.63,5754.12,102.28,180.99,78.2,3417.93,20.71,23252.74,31.635440000000003,1552.0623728,45.92849,3745.6209781,30.1558,852.3142701,12.96005,490.7426377,2.6087,15.3602303,1.16461,50.0170314,111.12,5037.4,34.49,874.57,0.08471,731024.2823654,0.098105,315264.31,0.01122,57295.0,False,2024,8,August,FY2024-25
2024-08-09,9.78358,700300.700083224,293.54713,144561.550740351,0.49,16.509999999999998,4999.0,71679.83,159.59,20618.9,142.82,7401.58,51.61,4743.98,105.7,186.56,75.58,3062.81,20.51,23106.15,32.45597,1532.6111155,45.36348,3468.6436683,29.789100000000005,830.2618168,12.99617,478.2308657,2.52112,16.197028800000002,1.25722,55.605568299999995,105.72,4702.59,31.31,793.78,0.08974,748223.148,0.07357,298514.63,0.00479,24525.0,False,2024,8,August,FY2024-25
2024-08-10,2.62293,31346.687452871996,192.35487,34140.134798934996,0.55,19.32,5018.96,68937.11,151.69,17136.91,394.83,3572.9300000000003,106.48,17149.05,113.54,192.94,71.99,2729.56,,,32.81536,1412.6916211,35.7951,2057.2601038000003,28.58493,823.2330492,10.10318,326.4108627,2.83572,17.797581700000002,1.08861,42.3703081,110.33,4950.67,33.31,853.41,,,,,,,False,2024,8,August,FY2024-25
2024-08-11,0.93747,13271.06702368,165.64536,18847.69563431,0.52,16.11,4842.05,53711.43,124.84,10626.52,90.91,1158.29,10.07,1055.94,112.18,186.05,61.0,2000.84,,,31.67909,1287.7511714000002,25.27404,1246.2846267,26.76097,742.6360577,8.59999,236.8287295,2.19771,16.571068500000003,0.89317,31.3091275,97.85,3936.13,26.91,611.4,,,,,,,False,2024,8,August,FY2024-25
2024-08-12,11.56135,716482.36926866,306.22825,150642.329134165,0.65,20.04,4948.14,73511.02,154.37,21146.91,299.90000000000003,18868.76,88.22,6309.7,99.81,168.43,80.61,3228.3,33.83,32682.99,52.7741,2370.8094356,77.23897,4895.4122066,40.88126,1178.4964069000002,18.55779,630.3143752,1.7968499999999998,15.0682129,1.28779,58.3115967,104.61,4570.41,41.55,1001.74,0.06635,706078.2168831001,0.074475,291867.23,0.00506,44280.0,False,2024,8,August,FY2024-25
2024-08-13,10.02154,656656.058425157,283.51867,137825.365551595,0.66,21.55,4938.53,69591.51,145.63,19771.67,169.67000000000002,5303.78,19.11,3593.17,101.43,178.31,77.29,2752.98,25.61,27329.43,31.59664,1384.5713666,43.09143,2860.8010981999996,29.01681,769.9504482,12.55718,427.9779833,2.6355700000000004,15.1892619,1.20729,60.430151,102.66,4447.39,38.77,966.25,0.0497,684275.9480540999,0.093185,250235.73,0.00649,35480.5,False,2024,8,August,FY2024-25
2024-08-14,10.6018,839750.4923141729,287.11176,161659.591981292,0.7,23.32,5089.69,70932.79,149.55,20507.95,207.18,7651.89,21.28,3904.14,108.84,186.34,74.04,2569.5,22.44,24711.96,33.93385,1440.9950481,33.97173,2366.429072,30.62176,827.4908188,11.68376,411.0132735,2.71597,14.9461684,1.20757,64.7841076,105.7,4526.15,38.21,965.35,0.06578,710280.6867632,0.08119,275281.97,0.0071,33610.0,False,2024,8,August,FY2024-25
2024-08-15,1.36505,17549.506613007,180.74647,26523.843369364,0.68,21.75,4796.04,53740.39,123.47,12125.12,214.97,4314.13,84.16,8363.28,113.22,191.01,59.3,1765.44,,,31.72174,1486.6583892,40.33965,1886.6286793,25.68152,780.4825124,9.67005,312.98016279999996,2.72397,15.760507999999998,0.99419,43.1547243,94.93,3736.34,32.44,788.88,,,,,,,False,2024,8,August,FY2024-25
2024-08-16,10.29669,767214.5887230381,274.75144,154738.587763442,0.75,23.540000000000003,4835.59,62853.27,142.86,18430.0,233.26,7510.47,49.58,4595.61,103.9,172.64,74.04,2367.97,26.34,27522.82,45.56026,1942.6267799,52.74688,3110.8218764,35.18585,1011.6867335,14.78316,504.4393424999999,1.6079899999999998,16.4348304,1.12909,56.5450564,100.8,4137.75,39.76,980.49,0.0878,774907.98,0.085565,320089.20999999996,0.00422,19677.04,False,2024,8,August,FY2024-25
2024-08-17,8.21445,222387.382573795,240.73978,84533.445771923,0.77,24.88,4892.83,64285.9,139.22,17580.75,98.01,4320.38,13.93,2815.79,118.54,189.93,67.69,2125.47,20.73,21864.62,31.08107,1202.7180072,31.79801,1703.3686198,26.66389,724.6335561,9.4808,311.7578663,2.6104000000000003,16.6251165,1.1226,60.3186273,106.62,4488.63,39.61,1000.45,0.00136,11956.46,0.0,0.0,0.0,0.0,False,2024,8,August,FY2024-25
2024-08-18,1.1036,14164.634774584998,168.09508,18793.055091132,0.92,26.85,4975.86,52964.5,128.15,10854.56,9.76,446.8,9.09,1245.57,121.74,191.56,57.94,1559.93,,,34.16693,1221.8769465,30.58756,1171.2679164,27.06095,689.3402026,8.36643,222.7063957,2.2228,14.9678672,0.90696,38.5422894,111.53,4251.98,38.11,886.04,,,,,,,False,2024,8,August,FY2024-25
2024-08-19,6.00135,541171.2313171669,223.1228,100109.411193054,0.83,21.799999999999997,4795.09,57096.04,129.77,14751.85,121.44,2891.1099999999997,18.57,2730.4,111.65,168.5,64.58,2048.14,13.1,13414.6,56.58009,2121.5564629,62.07309000000001,3332.2553223,39.84961,1060.8084331,15.55551,491.5083085,1.7485,12.1150822,0.9479899999999999,41.6030477,108.06,3875.36,34.18,747.59,0.07105,754929.6329999998,0.09913,277378.9,0.00213,23820.0,False,2024,8,August,FY2024-25
2024-08-20,9.91143,609624.608685325,246.66378,124437.237947207,0.67,19.16,4567.58,63752.32,133.4,18644.95,63.23,3069.79,49.9,6475.34,105.48,167.55,75.78,3021.73,21.41,22721.6,32.073229999999995,1271.7865263,33.50432,2518.7502534,26.77014,676.5056318000001,11.14249,402.47646770000006,2.0384100000000003,13.1174666,1.08386,61.4135823,86.68,3555.72,31.1,771.97,0.07569,749112.6837144,0.080915,248325.7,0.00319,33635.0,False,2024,8,August,FY2024-25
2024-08-21,9.6098,639501.518670419,254.54187,124174.55854218898,0.6900000000000001,20.05,4655.06,63404.65,134.56,18938.62,171.52,9498.0,26.77,3874.52,103.32,173.46,70.85,2837.07,21.08,24249.07,31.484140000000004,1328.6716642,45.58336,3091.7843841999997,27.21326,703.0413087,12.19115,467.4822687,2.75499,13.7955553,1.24597,69.42222710000001,86.9,3541.72,31.97,801.05,0.08943,779048.6881415,0.09505,273011.98,0.00404,21200.0,False,2024,8,August,FY2024-25
2024-08-22,9.49754,665251.252528016,241.68582,128042.108239792,0.71,20.15,4650.04,61990.5,134.39,18335.01,149.18,5770.84,46.49,3509.44,107.96,184.64,69.51,2771.31,19.77,23051.78,31.911,1404.191473,41.76879,2858.6887237,27.27077,708.1488313,11.59899,439.7370143,2.84352,15.1624066,1.31619,82.656574,86.47,3482.07,32.5,816.12,0.07923,757005.838,0.158615,316461.19999999995,0.00832,38325.0,False,2024,8,August,FY2024-25
2024-08-23,10.46591,792906.548176494,267.81926,146544.69830053102,0.72,20.61,4615.79,60477.73,135.7,18954.58,119.55,6914.6900000000005,17.96,3282.48,111.15,190.62,67.32,2893.63,20.45,25325.95,32.80952,1424.8419518,40.741510000000005,2896.6472892,27.36351,713.8445113,11.53745,462.51574230000006,2.8526,14.8382406,1.34885,83.670727,84.92,3413.02,31.58,770.03,0.08841,766218.214,0.121095,285336.23,0.00405,24000.21,False,2024,8,August,FY2024-25
2024-08-24,2.77513,33552.77920148,183.62542,34168.264130932,0.78,22.92,4578.26,56689.96,130.37,15274.33,44.86,1464.2,7.57,893.93,117.55,197.59,63.56,2480.6,,,30.7628,1241.6910802,32.46017,1801.2075384,24.82477,658.8630273,9.027230000000001,296.44368430000003,2.9076199999999996,15.4162398,0.98268,49.5058245,85.57,3486.27,29.97,727.39,,,,,,,False,2024,8,August,FY2024-25
2024-08-25,1.00019,12643.517414981,152.32675,17773.469121448998,0.76,20.01,4610.72,47468.27,124.05,10114.83,0.61,127.08,11.69,1592.65,113.3,191.11,54.54,1943.81,,,31.46309,1197.0686016,30.85618,1301.3245083000002,23.81988,610.1660034,7.86443,223.4908349,2.3024,15.4703012,0.84209,36.2564369,83.62,3062.25,24.15,546.62,,,,,,,False,2024,8,August,FY2024-25
2024-08-26,5.8753,590315.752984277,230.37228,111945.323041107,0.85,22.77,4605.23,56543.09,133.85,15973.16,81.03,3090.06,44.0,4249.87,98.78,170.43,60.79,2509.13,13.17,12830.8,54.19256,2239.4175975999997,62.82158,3800.2332451,36.53538,976.2181679999999,15.24786,512.1627383,1.85077,14.02851,1.20206,68.2650229,81.13,3101.5,28.94,669.4,0.06343,742038.013,0.086545,268930.43,0.00781,56435.0,False,2024,8,August,FY2024-25
2024-08-27,11.43182,720596.4476408741,245.1481,180427.012602329,0.7,19.33,4521.45,60871.56,136.88,19186.28,46.04,4557.84,13.12,3296.88,97.64,168.11,67.02,2960.63,29.23,30613.43,30.09984,1300.8487117,40.61402,2785.4409727,25.50676,638.8702766,11.00668,401.265488,2.3383999999999996,15.149946300000002,1.24429,76.18050140000001,81.11999999999999,3253.69,25.19,602.05,0.07229,742648.1216516,0.131295,296447.75999999995,0.00456,27462.53,False,2024,8,August,FY2024-25
2024-08-28,9.97067,714017.7463600379,263.19486,150048.54015761398,0.78,20.75,4636.85,62645.47,138.7,19568.75,109.59,7009.72,66.3,4878.87,103.33,178.56,66.2,2995.69,22.59,25358.06,31.2961,1366.1194028,41.14805,2751.2867162,26.56824,675.1808132,11.30702,420.4666167,2.8376600000000005,16.1912771,1.29545,81.2830539,83.2,3348.28,26.78,637.45,0.06077,726563.8911438,0.100625,279376.99,0.00508,28295.0,False,2024,8,August,FY2024-25
2024-08-29,10.09742,798990.551492108,257.03836,150724.505423502,0.74,19.67,4621.93,64211.45,140.3,20462.28,178.39,13247.09,9.66,2931.47,102.48,181.33,65.91,3228.58,20.01,24217.86,31.00979,1404.3114871,41.29701,2948.6417008,26.18229,672.223972,11.71552,438.1259193,2.76438,15.4255428,1.3875300000000002,87.4675116,82.78,3388.32,25.14,608.81,0.05793,720499.882,0.09321,293078.45999999996,0.00477,29740.0,False,2024,8,August,FY2024-25
2024-08-30,10.53912,1034546.0858058672,396.27356,237700.617390534,0.74,19.66,4777.08,71082.16,149.7,22709.2,154.03,11556.65,18.98,3175.2,105.08,187.7,73.13,3998.46,18.96,23231.34,31.55303,1483.1626217,41.62976,3270.8789599,26.959069999999997,710.1088695,12.09672,496.1073427,3.2605899999999997,15.5586171,1.4648300000000003,89.3540546,90.21,3854.1,24.9,606.93,0.05488,778775.089,0.143515,1182606.14,0.00317,24707.6,False,2024,8,August,FY2024-25
2024-08-31,8.95769,389653.45109094505,289.26414,134332.362411386,0.6900000000000001,18.74,4956.66,76540.76,155.0,22885.79,97.23,6568.879999999999,19.21,3972.41,110.3,194.84,71.41,3469.37,17.37,22401.87,28.809779999999996,1292.8997431,33.03356,2522.9702202,25.7388,705.076639,9.61049,412.2676759,3.2286400000000004,18.385277199999997,1.34299,77.50246569999999,102.58,4671.16,23.99,597.91,0.00191,21239.870000000003,0.0,0.0,0.0,0.0,False,2024,8,August,FY2024-25
2024-09-01,1.20242,17713.572890222997,183.01354,29461.996406993,0.31,11.85,5114.21,69073.83,149.84,16294.23,3.77,631.1700000000001,15.96,2615.73,109.76,198.34,67.45,2842.43,,,30.34023,1255.6744061000002,34.61207,2052.2853835,26.40471,700.7228146,9.4412,335.2816129,2.7438599999999997,15.9155008,1.06952,48.2192469,104.1,4502.49,26.21,655.13,,,,,,,False,2024,9,September,FY2024-25
2024-09-02,10.0914,858915.3505137151,392.24604,186944.334468076,0.35000000000000003,14.05,5111.79,86274.07,171.31,24317.35,208.06,11013.32,150.7,10139.8,98.7,172.47,81.63,3676.98,21.65,25018.93,50.92703,2412.9163909,67.0838,5431.602458400001,41.78207,1098.9526549,17.50599,722.4017462,2.0261699999999996,15.1713025,1.28022,67.5669111,111.14,5189.0,32.37,839.91,0.06439,779586.543,0.0,0.0,0.00478,31140.0,False,2024,9,September,FY2024-25
2024-09-03,9.34756,785543.059527291,285.5856,134152.09788576598,0.38,14.6,5158.92,81437.03,162.93,22965.39,128.79,7908.83,164.35,11214.18,98.37,175.3,78.32,2821.81,21.12,24961.05,30.65538,1539.6103804999998,45.19907,3717.5103112,29.81974,761.56286,13.20153,531.3279402,3.18979,14.9396052,1.49522,88.8386752,108.65,5062.21,32.21,813.52,0.05685,715190.0530000001,0.292265,700309.17,0.00399,23305.0,False,2024,9,September,FY2024-25
2024-09-04,9.30443,627315.48145218,298.97546,134841.002806004,0.42,15.76,5276.83,83685.23,163.69,23379.11,103.94,4640.34,60.92,7259.65,105.71,186.46,76.87,3051.42,20.27,23802.94,32.29481,1626.6119723999998,44.45137,3901.8812362,30.56095,813.6491573,12.5766,518.3835817,3.3400499999999997,14.8038834,1.5277900000000002,89.617132,108.39,4965.06,36.2,936.26,0.05988,689441.4538596999,0.10563,339438.99,0.00919,37115.0,False,2024,9,September,FY2024-25
2024-09-05,9.44622,732288.280177929,334.87785,174214.621657223,0.45,15.7,5275.53,80797.4,159.08,22684.72,129.1,6177.42,278.53,28893.35,108.13,189.34,78.3,2869.92,21.05,24759.59,31.887459999999997,1545.6978021,42.440340000000006,3474.619987,29.74131,790.0856943,12.15705,491.8645572,3.3198999999999996,15.1471383,1.63537,99.4991703,109.48,4938.84,36.11,910.32,0.06867,696656.11978,0.0886,306753.88,0.00567,34809.75,False,2024,9,September,FY2024-25
2024-09-06,9.87455,821442.670280314,335.05735,164389.806124233,0.46,15.96,5306.97,77713.57,157.64,21908.69,341.9,7716.34,33.48,5092.56,109.6,192.01,82.13,3623.75,19.89,24051.98,34.75082,1622.3703341,42.66224,3363.5613542,31.81283,826.1403645,12.4376,482.2886041,3.5920399999999995,15.231407099999998,1.60072,92.1191637,114.79,5111.69,33.2,831.28,0.06362,701266.5850778,0.07097,300336.12999999995,0.00744,34128.55,False,2024,9,September,FY2024-25
2024-09-07,4.40034,96363.915050907,247.43354,65185.274697247,0.47,16.66,5028.66,65498.43,139.93,15847.87,158.65,2839.42,85.22,7807.63,102.07,184.19,73.54,3123.54,7.64,8770.87,26.86535,1183.2764608,23.4656,1410.3468930999998,25.02462,659.9704914999999,8.26492,270.9107798,3.22685,15.3298475,1.19888,63.5826276,110.66,4877.05,32.61,803.05,,,,,,,False,2024,9,September,FY2024-25
2024-09-08,1.03683,14368.040727949,161.5912,17899.764403061,0.42,13.260000000000002,4915.62,56165.45,122.39,11157.35,10.96,403.9899999999999,31.45,2425.61,106.59,180.2,66.09,2415.84,,,29.3066,1209.9437236,37.8458,1920.9557495,25.154400000000003,642.7923699,9.00896,292.3660953,2.56547,14.5773421,1.07713,44.4111713,102.91,4284.87,28.52,676.83,,,,,,,False,2024,9,September,FY2024-25
2024-09-09,10.50006,811905.697374625,296.81361,142600.907550692,0.59,20.56,5084.25,79490.57,157.51,22842.64,290.43,6421.59,40.13,4761.82,102.06,171.54,85.04,3486.54,25.92,27701.05,51.52902,2365.9113933999997,62.65186,4481.711632099999,40.13198,1096.7389964,16.72468,612.2970808,2.27584,14.4404465,1.36616,70.36887440000001,108.09,4851.03,38.07,920.52,0.06697,730952.2151152,0.080115,345521.16,0.00412,25415.0,False,2024,9,September,FY2024-25
2024-09-10,10.20551,711906.242847159,351.4423,145025.07099054698,0.64,20.45,5114.5,78254.62,159.03,22639.93,224.72,6872.61,179.75,22441.77,100.26,175.41,84.2,3401.84,24.58,26953.79,30.70792,1431.2514190000002,41.52601,3120.3577673,28.72256,738.3110391,11.9674,481.68315830000006,3.4732599999999993,14.3397514,1.64329,101.1580284,110.44,4931.55,41.49,956.97,0.04993,713174.103,0.103285,338131.11999999994,0.0041,28085.0,False,2024,9,September,FY2024-25
2024-09-11,9.61665,887750.143079114,323.21348,142198.150644637,0.66,20.79,5145.97,75806.41,154.11,21852.61,220.93,8300.83,35.57,4199.47,101.49,181.05,80.83,3126.31,21.19,23486.55,30.880280000000003,1388.1001253,41.15942,2960.2228287999997,28.837349999999997,742.3041289999999,11.89717,470.01870400000007,3.5213799999999997,14.8112559,1.7425700000000002,106.3084309,106.27,4682.0,41.17,935.75,0.057,745788.544,0.0803,386592.05,0.0123,75805.0,False,2024,9,September,FY2024-25
2024-09-12,9.33663,752224.5384633341,290.39927,132888.228580676,0.64,19.69,4988.13,70296.67,149.43,19790.65,209.96,6193.28,24.46,3878.87,103.1,184.74,79.8,2875.45,20.14,23206.35,31.83675,1440.5675335,40.442409999999995,2687.0160612,28.839879999999997,744.7322667,11.74902,434.7346235,3.5101,14.5264734,1.64101,97.1019031,100.89,4366.73,38.89,883.09,0.09508,755740.0520646,0.06665,381913.62,0.00599,33100.0,False,2024,9,September,FY2024-25
2024-09-13,10.7671,1135062.242983503,294.34751,168455.996948633,0.67,20.64,5079.2,70079.7,145.36,19735.65,248.64,7072.8,20.91,4004.54,110.58,194.03,76.58,2502.33,20.03,23325.75,32.68585,1382.3544597,40.229479999999995,3041.1038672,29.53913,774.4512288,11.57597,425.9266874000001,3.56952,15.2440425,1.7053200000000002,100.3038745,101.27,4346.73,38.46,880.07,0.08602,748588.1716263,0.09793,422751.69,0.0061,32280.0,False,2024,9,September,FY2024-25
2024-09-14,2.90573,35415.651743361,182.14567,36184.521788941,0.66,21.369999999999997,5096.63,65219.02,137.74,16284.97,56.92,1742.61,8.55,1096.64,120.08,202.44,70.3,2164.73,,,31.59778,1225.2802061999998,31.14363,1640.270712,27.214689999999997,732.7149144999998,8.774090000000001,279.9860959,3.68658,17.2100799,1.3086,64.01617350000001,101.83,4380.27,35.58,830.38,,,,,,,False,2024,9,September,FY2024-25
2024-09-15,1.10452,15260.650270939,159.74395,19243.279714185,0.63,18.85,4946.03,53280.38,123.79,10684.44,147.86,1503.15,65.36,7541.48,117.89,196.23,60.76,1622.63,,,29.53906,1088.9325179,30.3483,1246.5588346999998,23.32754,602.6484259,8.05713,220.9408606,2.8849,15.3519632,1.26391,67.16672559999999,94.69,3671.01,29.21,652.75,,,,,,,False,2024,9,September,FY2024-25
2024-09-16,6.45929,380503.716801821,224.62849,101630.71598434,0.68,19.92,4923.31,63984.34,140.29,16477.54,88.48,2159.17,80.69,4419.83,107.72,177.92,73.76,2228.45,13.1,12392.82,25.01056,961.1979462,30.05671,1734.4484665000002,23.01193,590.5560987999999,8.53927,269.9110007,2.40514,13.3635504,1.3877000000000002,81.3999198,93.23,3728.37,35.19,776.01,0.00337,72307.42,0.00037,4850.52,0.00282,18045.0,False,2024,9,September,FY2024-25
2024-09-17,9.74564,811195.5361189289,261.54901,122972.18829009,0.63,18.009999999999998,4689.13,59687.43,135.04,17366.02,138.79,7939.45,19.45,3865.97,100.75,172.4,73.25,2308.29,27.58,29106.22,60.25945,2376.9354373,73.557,4663.2981337,43.11966,1134.2465872,17.68748,581.6014439999999,3.2946500000000003,15.17469,1.51756,91.0306747,89.63,3538.46,31.6,719.35,0.14563,842852.6335876,0.07811,351501.05,0.00499,31065.0,False,2024,9,September,FY2024-25
2024-09-18,9.05259,269314.46326468,248.47619,104908.378563986,0.75,21.83,4991.37,66289.32,136.48,18598.65,223.72000000000003,7636.23,18.04,3726.6,102.2,176.21,76.14,2486.84,22.25,24193.11,23.118550000000003,890.3010823,31.535820000000005,1914.4130825,22.69598,559.7245058999999,9.14485,314.61941659999997,3.5483200000000004,13.6416243,1.46531,90.647506,93.19,3792.75,37.1,889.39,,,,,,,False,2024,9,September,FY2024-25
2024-09-19,10.46546,903481.689652849,255.02278,146593.005204387,0.76,23.05,5006.81,68177.63,140.86,19863.1,103.46,5349.85,14.32,3397.34,102.33,182.69,76.13,2655.65,22.56,26335.85,38.67292,1569.9221779,53.52749,3659.8009004,31.74925,792.6312514,13.91713,488.1240314,3.62185,14.9481676,1.62138,102.9987359,91.89,3764.59,36.17,881.32,0.07607,782369.3108708,0.136075,418925.22,0.00684,38645.0,False,2024,9,September,FY2024-25
2024-09-20,9.98671,888215.340782581,263.20613,142746.981424135,0.73,22.16,5002.7,65412.69,139.49,18684.32,118.12,5149.88,60.61,7239.9,106.23,191.29,73.39,2834.0,19.83,21574.23,30.84577,1428.0394944,41.43712,2753.1288320999997,26.32694,651.0222693000001,11.32869,387.4991083999999,3.70718,13.7251754,1.6781,111.3998398,91.1,3725.57,33.05,800.22,0.11658,840114.4791936,0.143985,427718.0,0.0048,24162.0,False,2024,9,September,FY2024-25
2024-09-21,7.75163,246081.061965568,220.7967,81866.128344345,0.7,20.91,4950.98,63704.4,136.08,17163.33,103.59,4372.22,32.61,3942.59,112.13,200.04,68.98,2714.34,20.77,23374.98,31.57044,1322.3459509000002,33.982420000000005,2127.3345155,24.80461,634.5979075,9.61107,341.25309,3.86062,16.399463100000002,1.69949,113.469771,90.23,3690.24,30.85,749.95,0.002,21613.57,0.0,0.0,0.0,0.0,False,2024,9,September,FY2024-25
2024-09-22,1.10496,14484.258924204998,156.68739,17280.007172984,0.76,20.96,4905.15,50664.47,116.54,10377.15,0.76,318.85999999999996,15.12,1008.63,108.86,195.63,57.27,1923.54,,,31.17215,1174.2170313,32.96562,1438.9507078,23.33361,553.5891373999999,8.4478,239.600835,3.27708,14.6994823,1.3352,79.3001265,87.11,3204.83,26.18,599.0,,,,,,,False,2024,9,September,FY2024-25
2024-09-23,10.00732,825502.7807699598,262.09361,135762.223164851,0.78,22.6,4887.96,66590.44,140.96,19047.83,133.62,6721.41,20.48,3013.48,102.59,182.03,72.93,3023.04,22.05,22355.53,53.07466,2266.7106561,64.7097,4176.2625739,36.35343,945.5046235,15.92322,558.4104903,2.56609,15.1643208,1.5264799999999998,93.63445639999999,87.88,3548.39,31.88,761.74,0.08105,820806.868082,0.169235,457198.07,0.00438,41240.0,False,2024,9,September,FY2024-25
2024-09-24,10.03068,703021.4963524559,253.4878,130088.207753642,0.81,22.39,4824.49,63656.76,134.98,18596.16,84.39,3620.01,12.17,3584.33,102.12,186.53,68.62,2846.49,21.31,24098.69,30.45189,1358.5816535,41.78377,2797.4923888000003,25.158,621.0297132,11.14847,407.873901,3.87626,14.7197671,1.57508,101.7209281,83.98,3355.22,29.82,710.47,0.07279,808062.365,0.165125,415099.65,0.00469,23707.0,False,2024,9,September,FY2024-25
2024-09-25,9.98051,838576.0028410221,264.52226,150467.19177699,0.71,19.79,4812.32,66166.94,138.49,19881.63,122.44,7124.37,47.72,5542.53,101.81,187.61,70.41,3113.65,21.1,23744.1,30.503590000000003,1363.0527665,43.80933,3004.1139651000003,25.1682,617.4813207,11.64508,435.4659409,3.92905,15.0923912,1.76012,117.5882583,82.44,3325.4,27.28,666.05,0.0776,796451.509,0.145335,370446.14,0.00587,39810.0,False,2024,9,September,FY2024-25
2024-09-26,9.71419,887243.802102466,262.62595,144270.859235698,0.74,20.290000000000003,4804.61,66459.08,136.94,19404.51,144.07,7538.71,16.65,3396.21,102.12,188.86,70.08,3196.99,19.05,22903.33,30.69547,1418.4375457,50.36516,4926.6370158,25.24691,627.7042634000001,13.22359,677.9690794,3.9854,16.204392000000002,1.77308,125.6311988,81.51,3297.59,26.13,649.75,0.09813,821794.330972,0.1664,390195.89,0.00472,23636.0,False,2024,9,September,FY2024-25
2024-09-27,11.03239,1143071.391543346,288.3507,200069.756034696,0.75,20.62,4938.88,66716.07,136.37,20312.86,96.37,7719.47,14.75,4029.07,107.24,196.45,70.1,3275.52,19.53,24359.5,32.21332,1472.5512967,61.88971,6067.6015337,26.1911,656.9581135,15.37284,766.0605648,3.76772,15.9590618,1.76512,116.338891,84.52,3445.25,26.61,658.11,0.12865,878080.965,0.17386,437419.16,0.00825,53185.0,False,2024,9,September,FY2024-25
2024-09-28,3.18182,42854.981699541,182.66045,38430.819749589,0.83,23.08,4956.68,61976.27,132.45,17083.73,71.62,2537.88,55.95,2497.72,114.06,201.65,66.95,2894.33,,,31.49773,1353.0337889000002,64.93694,5295.348661199999,24.91467,655.3063783999999,12.04831,504.0353396999999,3.96514,17.1199304,1.47765,86.4272085,87.62,3623.41,27.81,679.08,,,,,,,False,2024,9,September,FY2024-25
2024-09-29,1.21682,16181.33484364,161.26624,21990.537359026,0.89,22.41,4773.76,50108.87,117.1,11321.58,36.45,828.86,3.47,421.95,111.75,200.53,56.82,2353.78,,,32.01733,1293.6138276,48.35253000000001,3056.3485781,24.899779999999996,607.6115048,10.22467,359.7566108,3.16848,15.0840806,1.2032,68.02164189999999,86.63,3225.79,24.63,557.35,,,,,,,False,2024,9,September,FY2024-25
2024-09-30,14.46144,1513279.2750252618,466.5729,365122.825456587,0.84,23.33,5306.08,91327.62,163.51,28668.65,49.83,9174.43,44.32,6486.22,107.73,196.89,94.13,5726.86,32.33,32909.79,53.584900000000005,2471.745857,94.62308999999999,8416.6676616,39.4308,1024.4028308,20.47291,881.0679577,2.70634,15.2325346,1.58998,105.2291848,104.34,4744.67,30.52,765.57,0.09589,789574.8217167,0.232205,1620171.05,0.00378,25895.0,False,2024,9,September,FY2024-25
2024-10-01,11.76212,1105545.984077571,474.10799,236161.556898655,0.36,14.76,5465.34,92658.75,177.97,27122.24,314.3,12406.87,47.66,6443.52,109.04,202.51,91.99,4906.54,24.88,31507.83,32.52311,1588.5563604,58.448800000000006,5237.4124703,29.96214,741.0072195999999,14.39928,683.0138671,4.19661,14.964352000000002,1.85162,115.6142958,119.33,5675.56,30.45,816.2,0.06282,766134.4705985,0.1409,460007.17,0.00587,44217.5,False,2024,10,October,FY2024-25
2024-10-02,2.24088,34622.80175103601,189.91334,35177.194227486,0.45,18.23,5447.42,77705.0,156.25,18435.14,255.85,4203.17,113.36,7343.81,107.68,195.47,82.86,4013.56,,,28.07656,1315.0410386999995,45.868660000000006,2987.3499242,24.76649,659.4351415,11.959040000000002,465.5829066,4.22553,17.0724205,1.50147,76.7922404,114.04,5197.39,35.29,924.18,,,,,,,False,2024,10,October,FY2024-25
2024-10-03,11.00622,840597.789298412,323.71101,178536.526745027,0.44,17.259999999999998,5482.69,88839.15,161.69,24682.45,157.27,6496.429999999999,166.17,11404.9,104.34,187.15,91.42,4614.84,26.48,29414.98,40.88914,2207.4275662,72.19028999999999,6259.1200931,34.356970000000004,951.4756734,17.48211,747.106488,2.59163,15.1744187,1.83428,113.8469397,110.52,5174.74,36.02,927.46,0.09554,804400.674888,0.1298,386229.14,0.00845,68375.0,False,2024,10,October,FY2024-25
2024-10-04,11.32538,844664.232275194,369.0513,191441.149127925,0.47,17.939999999999998,5448.27,86830.46,163.25,24833.89,194.29,6877.42,71.52,8017.36,110.73,196.37,88.01,4324.72,25.18,29696.02,31.65113,1844.5264178,49.858529999999995,4665.4699332,29.12801,826.0233276,13.37813,560.6716513,4.22533,16.879880699999998,1.9516,128.7725887,110.62,5153.85,37.96,969.89,0.08708,763198.3936199,0.09465,363555.12999999995,0.00761,72445.0,False,2024,10,October,FY2024-25
2024-10-05,9.19962,274361.87080803904,397.16696,140506.44309198402,0.52,19.23,5473.27,84513.18,158.01,22115.72,1403.8,32252.03,258.22,28828.07,117.67,203.11,90.24,4375.08,22.42,25588.81,31.49306,1623.8122778,41.34393,3333.5955606,28.04777,821.0621201,11.15971,460.7368741,4.4086,20.8327009,2.06417,133.7750166,116.93,5393.43,44.54,1121.13,0.00135,18006.219999999998,0.0,0.0,0.0,0.0,False,2024,10,October,FY2024-25
2024-10-06,1.32034,18471.985182944,170.82528,24275.780196385,0.74,22.67,5357.65,66431.56,137.24,14308.37,57.43,1670.64,20.12,2294.99,119.07,204.45,73.77,2946.46,,,32.20628,1591.3691552,40.69383,2551.132772,27.65921,788.9090205,10.318650000000002,365.6476401000001,3.58556,18.7379816,1.50639,81.5922803,114.12,4820.8,59.7,1397.37,,,,,,,False,2024,10,October,FY2024-25
2024-10-07,11.80385,804424.5459911299,371.75414,181475.216314662,0.78,25.26,5507.49,92458.79,168.77,25539.97,268.68,5935.94,118.75,10438.12,109.6,190.31,91.55,4093.83,25.74,27400.67,55.08006,2997.8149695,77.69724,6461.7414069999995,42.32471,1251.246181,19.21316,775.4405812,2.89764,18.3261179,1.99474,128.7796252,119.29,5480.08,70.91,1765.85,0.08444,769551.5351787,0.09996,366070.84,0.0108,54820.0,False,2024,10,October,FY2024-25
2024-10-08,10.80145,712471.087677083,350.54444,161234.158912506,0.82,28.14,5510.62,85158.96,159.88,23594.33,189.37,8463.119999999999,64.52,6808.7,109.03,194.45,89.82,3993.25,23.94,27778.14,32.20665,1710.1651813,46.25626,3886.2117332,29.489489999999996,802.7009547,12.74507,510.7880556,4.41819,19.0390375,2.07032,136.65498050000002,121.41,5623.66,65.31,1697.49,0.09209,770370.2771338002,0.0818,331634.04,0.00947,58550.0,False,2024,10,October,FY2024-25
2024-10-09,10.82687,644719.109929244,330.15753,146573.541946274,0.85,28.9,5598.86,85547.24,161.02,23360.87,247.81,10290.13,40.78,4879.16,112.54,198.73,86.26,3615.46,22.32,27371.06,33.15161,1728.7889603,46.65363,3845.3544627,29.88187,832.1857499,12.68047,505.717182,4.59868,17.7383189,2.2082,148.3527942,120.8,5534.94,56.79,1496.54,0.08985,750739.61,0.07578,323479.05,0.01219,97530.0,False,2024,10,October,FY2024-25
2024-10-10,10.36865,687391.262381005,347.63185,159442.808201978,0.86,28.94,5589.33,82983.3,163.36,22444.46,168.71,7690.65,196.6,21904.46,114.98,203.06,84.6,3584.83,21.9,25269.32,33.911370000000005,1672.7641537,42.71627,3402.1550931,30.276380000000003,831.8090588,12.14672,488.593591,4.52237,17.4227685,2.1747,143.45233689999998,122.43,5521.1,56.23,1480.0,0.12067,797607.2784861,0.077625,305597.06,0.00656,44354.475,False,2024,10,October,FY2024-25
2024-10-11,7.29199,582847.8436441111,255.17148,117064.022995447,0.83,28.15,5355.89,69918.71,148.51,18107.21,102.46,5560.38,31.15,4429.28,112.67,196.61,72.05,2786.01,13.86,16720.88,35.14109,1639.7327653,41.80287,3115.2872838,29.27542,807.8700701,11.319400000000002,424.4655403,4.35622,16.902196300000004,2.11753,140.65335240000002,109.96,4755.04,46.36,1214.03,0.08302,750603.1240394,0.0726,317359.05,0.00598,29830.0,False,2024,10,October,FY2024-25
2024-10-12,1.56385,21057.725331407,168.90325,22719.928380581,0.77,24.64,5167.94,56546.43,132.63,12402.38,89.94,1865.57,10.73,923.16,105.17,181.31,61.24,2133.6,,,28.99629,1349.6947633,31.482930000000003,1701.7522855,24.14355,742.7884217,8.30346,247.2368404,3.78556,16.6620293,1.55274,88.4366164,98.15,4041.53,37.18,909.2,,,,,,,False,2024,10,October,FY2024-25
2024-10-13,1.03691,13679.27694861,155.03927,17712.979538126,0.71,21.2,5068.84,53064.06,124.84,10321.52,1.5,175.84,3.83,394.82,115.63,181.72,65.42,2108.24,,,30.75904,1297.3151741,33.071310000000004,1541.3716717000002,24.72659,677.0601048000001,8.34625,230.4188516,2.89454,20.7279798,1.65352,101.0661855,89.95,3585.46,31.62,763.09,,,,,,,False,2024,10,October,FY2024-25
2024-10-14,11.6515,696355.687552606,319.09009,156002.60059164098,0.8,24.83,5162.22,75016.77,149.98,21136.64,115.44,6697.78,29.29,4152.32,112.1,178.02,89.29,3178.28,30.31,30560.44,53.62954,2428.9078653,60.695350000000005,3783.2352094,38.731939999999994,1125.0020496,16.05221,516.1934526,2.9528299999999996,22.142819,1.98535,134.03309819999998,100.38,4408.86,43.59,1142.55,0.07383,749034.482,0.0,0.0,0.00373,24005.0,False,2024,10,October,FY2024-25
2024-10-15,10.39674,738174.697446602,272.06921,180154.291685796,0.8,25.28,5067.63,73329.45,144.45,20541.14,257.06,8308.46,137.07,12886.64,106.94,184.23,83.3,2934.68,24.43,27129.87,30.81048,1400.8275743,41.33959,2764.9208596000003,27.179329999999997,732.6928668999999,12.25216,427.3891172999999,4.57709,19.041060400000003,2.19651,150.58672679999998,101.98,4343.62,41.51,1063.32,0.06389,726006.654957,0.157925,498557.1999999999,0.00903,57942.0,False,2024,10,October,FY2024-25
2024-10-16,10.02657,609889.751442617,284.45166,139134.235668231,0.81,24.77,5202.53,72971.45,143.1,19923.99,138.21,6630.880000000001,24.51,3191.22,108.79,193.96,80.48,2848.57,21.93,24419.86,31.24443,1441.5110209,52.0958,3530.9177130999997,27.31236,759.0548855,13.05765,474.7081983000001,4.6095299999999995,15.7841918,2.29414,154.6511471,101.11,4223.34,41.49,1026.85,0.07567,747058.4491758,0.049585,263642.65,0.00787,53085.0,False,2024,10,October,FY2024-25
2024-10-17,8.93356,618741.559833569,274.97019,128204.469924137,0.8,24.5,5157.11,70391.28,141.23,19232.54,111.94,5135.68,31.47,3108.85,111.26,200.4,77.94,2641.21,18.37,20557.25,31.66448,1476.9426047,40.58712,2817.7154640999997,27.03065,774.4507391,11.02436,383.376159,4.520969999999999,15.5162268,2.0840300000000003,149.7081744,95.63,3983.83,37.59,947.77,0.06966,755410.5944965,0.07657,315572.19999999995,0.00416,30360.0,False,2024,10,October,FY2024-25
2024-10-18,10.60815,770478.850551224,294.06719,168853.037405159,0.81,24.66,5214.61,68930.91,141.73,19595.42,146.29,6870.11,20.21,4044.31,111.53,203.83,75.45,2625.71,22.19,26709.56,33.221540000000005,1521.0068381,42.63454,3020.8703318,27.67541,792.8898415,12.07848,384.17783569999995,4.44576,17.5416522,2.15566,156.52921089999998,94.1,3932.73,37.03,942.02,0.06628,708626.659253,0.083505,329910.86,0.0083,38700.0,False,2024,10,October,FY2024-25
2024-10-19,8.61875,236897.433704178,239.81629,83039.827584624,0.85,24.94,5262.23,70977.77,136.72,18031.71,107.54,6821.71,8.32,3134.05,116.13,208.95,70.39,2591.87,19.18,21870.33,31.25338,1410.9641341,38.50954000000001,2394.4915593,25.575199999999995,754.4477152,10.16215,340.11555749999997,4.7740100000000005,17.7512861,2.21104,156.176348,97.2,4095.87,36.99,928.74,0.00149,8956.49,0.0,0.0,0.0,0.0,False,2024,10,October,FY2024-25
2024-10-20,1.26241,16766.33890964,165.86965,20161.146342725,0.86,23.880000000000003,5289.9,57448.79,124.59,11504.88,2.29,298.44,15.82,3191.48,108.89,201.1,60.58,2246.91,,,32.23576,1470.9123152,34.62286,1721.1421188,25.150329999999997,760.8110373,8.98939,261.5779331,3.849800000000001,17.6765438,1.52996,96.9615246,95.41,3674.69,29.74,701.42,,,,,,,False,2024,10,October,FY2024-25
2024-10-21,11.2209,648181.704406567,283.58865,134361.938713106,0.79,23.59,5100.34,73501.45,149.19,21329.1,101.42,5929.34,58.71,5173.38,108.71,192.86,78.68,3322.81,24.99,26213.33,55.38534,2610.5537995,68.52018000000001,4717.6850251999995,38.26003,1157.1903164,16.14198,574.183857,2.94161,16.6829934,2.10117,153.1568258,92.34,3880.21,33.56,871.53,0.07904,754506.8836002,0.076135,312526.82999999996,0.00586,42320.0,False,2024,10,October,FY2024-25
2024-10-22,10.9559,711847.303938376,274.99497,141336.836252165,0.81,24.16,5105.26,72169.83,143.46,20772.49,137.72,5933.55,26.74,4164.75,107.66,199.37,74.33,3130.84,23.46,27168.44,32.72197,1609.5481827,45.952560000000005,3439.5651078,27.12124,761.7115563,11.38262,432.3893003,4.871899999999999,16.591516799999997,1.97734,141.1351669,88.13,3697.36,31.05,805.84,0.07267,770040.8011175,0.06858,350896.49999999994,0.01123,55650.0,False,2024,10,October,FY2024-25
2024-10-23,11.12831,760295.461249187,285.15686,133832.95429818402,0.81,24.13,5197.53,72706.64,144.44,21141.48,97.05,6391.4,10.2,3081.7,110.33,205.37,72.37,3240.42,21.66,25113.67,34.074729999999995,1701.7414373,46.24551,3381.8970806,28.16402,807.0386837,11.29689,424.7727297,4.8462700000000005,16.7059524,2.12763,149.8615067,89.75,3772.69,29.18,753.58,0.08182,785549.6665926,0.064965,366035.89,0.00943,52765.0,False,2024,10,October,FY2024-25
2024-10-24,10.6818,691824.938431766,279.37294,143865.715208635,0.81,23.75,5104.26,69192.29,142.57,20103.79,93.89,6456.46,11.24,2977.61,110.05,208.27,69.91,3080.21,21.23,26216.32,34.268950000000004,1804.1191892,46.36491,3422.8614439,27.90886,859.0059729,11.53856,439.7970597,4.79258,16.82124,2.10058,151.49576349999998,87.52,3710.63,28.25,727.11,0.07592,796503.1675334,0.059435,338608.17,0.00535,27850.0,False,2024,10,October,FY2024-25
2024-10-25,12.63921,941487.8520229179,334.2009,198303.284257283,0.83,24.83,5179.06,74389.67,145.23,21865.79,110.06,8129.21,51.07,6152.23,113.7,211.51,69.87,3351.51,23.35,28037.26,35.3853,1806.8920382,44.973229999999994,3151.6940452999997,28.11686,839.7253833000002,11.3491,438.8634576,4.712969999999999,17.8529244,2.05822,144.7329158,89.45,3884.87,27.26,710.51,0.06634,756076.6500668,0.058405,311247.92,0.0061,26785.0,False,2024,10,October,FY2024-25
2024-10-26,3.66934,41359.31224047799,194.99386,37604.355477766,0.78,25.54,5250.97,68761.95,141.45,18064.56,52.02,1964.88,7.72,901.68,124.78,221.83,66.61,2940.26,,,35.59923,1700.3574132,35.28752,2266.7747162,27.8098,850.6876236999999,9.04767,324.883975,4.79981,19.2947845,1.33283,75.5888294,98.26,4327.43,29.1,771.52,,,,,,,False,2024,10,October,FY2024-25
2024-10-27,1.37903,16225.544237444998,167.53994,19151.149787654,0.77,23.3,5197.99,57620.64,130.5,11995.09,2.09,242.28,4.62,639.75,121.73,217.82,56.94,2267.28,,,36.95812,1747.4435289,34.32866,1705.9181985,27.6869,866.427653,8.31872,261.7641274,3.80828,20.2442917,1.11636,59.757501,93.71,3810.12,24.35,611.99,,,,,,,False,2024,10,October,FY2024-25
2024-10-28,15.295,846937.3493751221,399.74627,231139.946403855,0.9,29.44,5325.86,82704.73,166.84,25027.12,159.35,13996.98,84.33,6015.03,112.01,197.97,74.38,3724.23,36.52,38285.07,62.66847,3187.4631974,69.76118,5006.5393279,42.33363,1348.9584613000002,16.35218,639.3497898,3.02641,20.0861799,1.84137,126.9867913,106.57,4924.27,34.13,952.55,0.06096,762855.2425926,0.05062,278614.69999999995,0.00843,41965.0,False,2024,10,October,FY2024-25
2024-10-29,12.69696,738067.2745412971,384.07749,207445.246440583,1.15,37.620000000000005,5652.74,87452.79,170.64,25372.94,159.86,12451.9,11.6,4120.14,112.71,201.95,72.51,3913.8,27.33,32043.19,41.70964,2756.04164,45.7141,3799.10783,33.91336,1414.3386831,11.60791,497.3868604000001,4.30179,21.8395922,1.86383,128.5716199,123.78,5792.52,38.18,1045.46,0.06243,728269.877,0.055125,282265.94,0.00841,46260.0,False,2024,10,October,FY2024-25
2024-10-30,12.59224,892320.5976950459,579.27818,315618.97169677,1.44,44.22,5464.63,94276.43,185.49,28742.32,124.2,14750.46,19.87,4341.21,117.13,199.16,87.48,5695.92,20.96,24317.56,43.12448,2531.1073734,43.30876,3796.1614627,36.11146,1310.5661263,11.7712,546.7753493,4.16512,22.6796178,1.86019,122.9824749,142.43,6984.18,40.34,1094.28,0.064,717746.6755926,0.052745,263931.46,0.00633,35615.0,False,2024,10,October,FY2024-25
2024-10-31,3.61723,510267.82319189905,246.1169,101896.430581856,1.43,40.58,6441.18,85323.03,153.2,17731.97,117.75,5738.25,14.01,3456.83,87.02,153.07,63.33,3463.0,4.35,4667.12,36.88777,1947.9277701,38.82371,2950.9976755,29.719519999999996,941.3861953,10.35133,464.4952352,3.4283099999999997,17.654230199999997,1.33717,76.3415156,125.8,5715.71,35.6,900.77,0.05839,706866.09,0.1106,1280603.02,0.00301,16975.0,False,2024,10,October,FY2024-25
2024-11-01,3.44047,116564.053231464,263.2642,80618.604805185,0.48,18.59,5175.79,74047.52,148.35,17442.97,93.00999999999999,3126.83,24.56,3458.93,82.48,132.18,75.91,4480.81,7.85,10484.42,24.36079,1231.8577388,29.26933,2089.6461748,21.66801,642.5833806999999,8.7181,337.81419289999997,1.98009,14.0262289,1.39799,86.28736939999999,99.4,4557.16,29.55,805.61,,,,,,,False,2024,11,November,FY2024-25
2024-11-02,3.62299,89884.88324918,203.16455,49785.443016488,0.51,20.56,5217.82,75055.57,133.47,16112.34,62.22,1031.25,112.78,7793.89,104.2,150.49,78.66,4122.81,6.1,6860.13,29.24602,1428.6746566,29.88528,2046.9084467,25.17948,750.8874479,8.729270000000001,312.79918,2.22759,16.9078634,1.42105,87.0348072,99.97,4621.26,31.59,838.85,,,,,,,False,2024,11,November,FY2024-25
2024-11-03,1.0218,15446.368708363,156.7016,19222.500950635,0.51,18.95,5047.98,63120.41,121.98,12471.82,0.67,158.29,130.9,8203.18,130.48,179.92,73.74,3462.76,,,29.08324,1371.2626762,30.772709999999996,1705.4142316999998,23.43282,652.9783305,8.807129999999999,263.3995888,2.37606,16.3513884,1.33468,77.2056838,95.14,4000.34,27.47,691.44,,,,,,,False,2024,11,November,FY2024-25
2024-11-04,10.11749,819341.5973368419,286.96857,154485.986946698,0.54,21.22,5265.56,89858.79,157.0,24381.75,51.16,3953.86,123.29,9303.02,120.92,179.87,95.58,4987.1,22.1,22887.33,61.87729,3263.2846409,73.34398,5772.975158699999,42.27408,1283.7421501,19.00007,719.5947943000001,2.5854900000000005,16.6488576,1.90476,125.4322442,101.12,4809.65,34.7,964.83,0.04698,721392.96,0.05401,292399.23,0.00404,23190.0,False,2024,11,November,FY2024-25
2024-11-05,9.5356,672543.712123271,300.76869,148972.63521606298,0.56,21.39,5280.91,85256.12,153.28,22797.14,107.11,4693.81,300.1,31000.52,114.54,184.61,91.8,4549.16,20.68,23392.71,31.98942,1744.9538768999998,37.0722,3289.0987407,26.90131,753.8985468,11.03834,416.9606599,4.24243,18.3045319,1.5327099999999998,94.847281,102.91,4831.73,33.66,911.92,0.05161,718014.529,0.037725,225723.17,0.00336,26355.0,False,2024,11,November,FY2024-25
2024-11-06,9.77658,635895.5880852729,286.52488,141125.659083005,0.56,20.42,5294.49,81865.72,148.65,22313.52,228.21,5390.91,25.73,4577.6,115.66,192.64,87.51,4068.65,19.13,22888.29,31.923160000000003,1717.4534033999998,44.34257,3756.8140422,27.55813,780.0733062,11.69517,473.1143823,4.3113399999999995,17.663942300000002,2.04277,130.0949161,102.16,4685.89,33.02,859.2,0.047,701236.006,0.06312,236174.12,0.0093,45452.6,False,2024,11,November,FY2024-25
2024-11-07,9.09215,617221.649268897,306.36888,140695.198003903,0.53,18.549999999999997,5212.97,77688.12,143.75,20938.51,158.11,5092.48,93.97,9566.88,116.3,198.88,84.85,4074.67,16.98,22069.3,31.22996,1660.7772064,44.384910000000005,3764.5713102,26.50358,764.4614984,11.3421,451.1400449,4.539409999999999,18.1225899,2.16125,152.32729659999998,99.24,4481.78,30.19,770.79,0.07914,742159.1033268,0.054505,274671.18,0.00517,31290.0,False,2024,11,November,FY2024-25
2024-11-08,10.22587,743085.72386488,296.50232,153189.318067694,0.56,20.0,5217.96,74332.91,140.2,20446.86,261.95,16934.809999999998,70.95,6622.67,119.81,204.97,81.72,3618.27,19.29,22719.49,32.66394,1673.4178697999998,40.97004,3359.3051549999996,27.218490000000003,776.84601,11.35642,419.4727316,4.1635800000000005,16.9122247,2.28485,160.7213078,101.63,4627.24,31.28,821.46,0.05919,716742.2390000001,0.087435,313143.26,0.00733,32705.0,False,2024,11,November,FY2024-25
2024-11-09,2.93237,32866.972893548,193.43671,34339.124165290996,0.62,22.82,5311.83,73528.63,136.64,17666.92,297.76,3664.24,35.94,2289.83,128.82,216.44,76.76,3056.52,,,31.17914,1407.6620501000002,31.99036,2045.8157963,24.80306,712.7544662,8.44936,273.2761999,4.5774799999999995,18.7718761,1.93469,127.4026486,103.24,4712.75,33.87,866.25,,,,,,,False,2024,11,November,FY2024-25
2024-11-10,1.15566,14075.112277469,160.78486,18362.614465622,0.66,21.57,5308.02,62533.33,124.74,12165.52,0.57,211.1,98.53,17079.85,131.08,217.25,70.11,2614.77,,,30.74785,1314.3892049,31.22351,1460.7863933,23.56086,647.4566961,7.93505,227.7673702,3.81361,19.7509794,1.77937,112.9283278,98.39,4142.65,32.97,763.14,,,,,,,False,2024,11,November,FY2024-25
2024-11-11,12.65771,734504.077782372,355.3439,160940.80616515,0.71,23.43,5345.5,82436.94,151.13,22395.37,121.88,7899.79,107.03,7231.74,116.58,197.17,88.59,3870.54,31.75,31226.6,52.842119999999994,2507.8916716,63.210049999999995,4207.4800437,37.02797,1086.5791218,15.91139,553.5809296,3.0870599999999997,17.9390694,2.33428,159.1103809,103.8,4710.37,40.74,987.74,0.07055,785476.8159572,0.0,0.0,0.00476,28256.0,False,2024,11,November,FY2024-25
2024-11-12,10.52553,690825.7957114519,297.26224,130807.866112227,0.75,24.19,5260.88,77463.41,144.07,20603.45,154.78,7308.24,38.03,4815.87,114.43,199.87,83.47,3284.05,24.04,27778.14,30.477109999999996,1503.3357662,41.04759,2893.7858610999997,25.41801,729.5420051000001,10.86323,402.8655113,4.72264,16.3493381,2.42013,172.378172,101.28,4513.28,38.23,939.72,0.04822,731778.5020000002,0.141785,460713.04,0.0055,26065.0,False,2024,11,November,FY2024-25
2024-11-13,10.18106,649380.878918665,278.94195,138231.563690133,0.72,23.2,5285.16,75100.7,140.36,19898.01,168.94,5691.21,16.25,3092.99,118.3,206.04,81.37,2876.79,20.93,24040.54,30.867320000000003,1431.565183,41.61175,2749.583569,25.75856,743.0947563,11.07789,385.6828682,4.80418,17.3069182,2.34175,162.093935,97.57,4282.39,35.02,872.95,0.06252,763219.3236658998,0.05482,262546.2,0.00718,33340.0,False,2024,11,November,FY2024-25
2024-11-14,10.4412,765434.464015268,276.35272,156102.225203654,0.6900000000000001,22.78,5226.87,73219.2,141.97,19893.46,161.34,7183.21,27.57,4349.22,121.25,211.97,79.9,2819.48,19.95,22892.27,31.420299999999997,1429.6817846,41.29673,2776.1449907,26.08047,752.4911946000002,10.9493,380.864368,4.84173,17.1325155,2.23015,153.5688082,95.16,4131.94,34.59,871.49,0.06121,796120.87,0.075205,352201.28,0.00612,52755.0,False,2024,11,November,FY2024-25
2024-11-15,5.39882,130288.919860822,228.3184,73540.644699762,0.75,24.13,5032.81,63789.6,130.76,16523.75,195.37,3817.66,115.51,9676.71,125.22,215.75,73.05,2366.98,6.94,8315.26,25.25215,1104.4172637,30.88695,1774.5830887000002,22.38923,665.1019815,8.75057,275.61297609999997,4.84413,17.2579032,1.86194,122.1367119,95.73,3985.92,32.53,804.01,,,,,,,False,2024,11,November,FY2024-25
2024-11-16,9.05544,287131.766326083,238.03847,88611.711097999,0.68,22.04,5258.89,69831.22,129.84,17118.19,129.38,5951.42,15.44,3130.18,129.21,218.93,74.32,2324.94,24.43,25061.99,24.97916,1023.6947859,21.3457,1361.6287836,21.86955,626.0758931,6.4979000000000005,212.1579167,3.94468,16.5895262,1.94623,145.6269379,97.72,4157.15,31.1,771.5,0.00138,16822.940000000002,0.0,0.0,0.0,0.0,False,2024,11,November,FY2024-25
2024-11-17,1.12058,12442.810687185,157.4444,17292.015456395002,0.7,21.65,5098.52,54171.35,113.52,10148.82,7.45,240.71999999999997,4.94,498.29,133.87,220.17,62.19,1653.43,,,34.990970000000004,1368.3867826,39.730059999999995,1559.6281834,24.68347,742.1759232,9.137,250.9881567,4.37734,21.4991439,1.56082,85.67335030000001,90.55,3506.22,25.68,625.94,,,,,,,False,2024,11,November,FY2024-25
2024-11-18,10.60762,700882.901000226,277.76282,129811.304075848,0.6900000000000001,21.790000000000003,5094.88,70983.16,135.49,19014.64,169.63,6923.629999999999,52.56,4837.32,119.76,200.4,81.69,2793.2,21.75,22576.96,58.83937,2558.0238226,72.71658,4343.6530841,39.35262,1200.2137198,16.77849,561.7025083000001,3.2833799999999997,17.0070965,2.00836,137.04237170000002,90.48,3803.91,30.59,773.1,0.06825,805232.7122949002,0.060085,298708.75,0.00526,31096.51,False,2024,11,November,FY2024-25
2024-11-19,10.73809,719640.1151950059,291.965,138193.15925070702,0.68,21.66,5027.08,69585.3,134.79,19012.96,89.89,7468.3,17.79,3846.47,113.9,200.02,76.8,2846.02,22.9,24894.09,32.121719999999996,1468.4240648,42.02277,2723.0361325,25.502540000000003,731.9127946,10.76884,380.7250576,4.75263,17.355467800000003,1.96992,134.79335260000002,88.24,3706.26,28.25,720.97,0.05342,755189.182,0.06171,280535.9,0.00644,49080.97,False,2024,11,November,FY2024-25
2024-11-20,8.21401,200473.24812101,235.79344,94571.082324547,0.7,21.7,5057.32,67834.29,128.64,17522.38,99.68,5522.13,38.41,6157.83,117.31,206.52,75.17,3030.77,15.69,19477.62,24.194730000000003,1067.4451806,30.54049,1978.361354,20.78224,591.8852128,8.351049999999999,302.5749481,4.88259,16.962103900000002,1.77726,120.1966214,86.61,3633.35,27.18,686.2,,,,,,,False,2024,11,November,FY2024-25
2024-11-21,10.16744,717160.078808581,255.45623,138431.36479538202,0.6900000000000001,21.64,5086.23,70642.19,131.14,19179.29,129.17,11534.24,39.19,4614.46,117.21,207.23,75.46,3165.29,21.09,23540.3,41.15118,1929.3221259,53.19162,4663.1428108,29.65358,883.6416946,12.72588,476.8810573,4.45892,17.9458442,1.25855,66.9272858,84.89,3571.51,26.68,672.86,0.06065,801157.2309999998,0.063615,275510.38,0.0036,28973.05,False,2024,11,November,FY2024-25
2024-11-22,10.68644,915409.7623950411,276.72179,145063.15755466002,0.62,19.14,5102.01,66901.25,129.58,18451.7,107.51,7548.81,27.54,4455.55,121.52,213.15,71.73,2956.06,20.43,23874.77,33.34003,1526.5969053,39.6899,2750.9184958,25.674459999999996,725.2203319,10.51907,373.6278852,4.66943,16.078974100000003,1.25091,65.4309882,85.26,3542.6,25.8,654.45,0.05652,813218.7177781,0.064415,289110.35000000003,0.00373,22339.06,False,2024,11,November,FY2024-25
2024-11-23,2.86894,33020.025189138,180.95932,28771.420212062,0.7,22.81,4991.83,60675.87,118.76,14869.92,51.11,1281.73,7.4,734.8,128.81,220.79,65.3,2640.01,,,29.13414,1249.0447806,29.14028,1690.2522487,21.89005,609.7645315999999,7.34205,240.83340689999997,4.54498,16.831517499999997,0.88094,34.7925733,84.92,3543.1,24.86,643.07,,,,,,,False,2024,11,November,FY2024-25
2024-11-24,1.07779,13308.31997347,158.39601,14445.232629009,0.74,21.52,5005.79,51421.51,106.56,9840.09,77.11,1395.39,4.33,378.32,128.11,216.07,56.93,2005.83,,,32.64199,1296.601054,32.7421,1498.9300403000002,22.16605,597.2911006,7.29918,210.1552431,3.86948,21.1804317,0.88331,30.8846593,82.86,3117.47,21.81,539.34,,,,,,,False,2024,11,November,FY2024-25
2024-11-25,12.68562,803869.803024292,292.37722,162918.00355318602,0.73,21.96,5021.61,71726.73,137.98,20504.35,101.98,7320.63,58.82,6239.74,118.9,202.16,75.48,3402.89,31.45,32790.83,53.73969,2416.5707853000004,66.57787,4081.7016949,34.54767,980.5496731,14.45108,520.3671628,3.18234,18.0279504,1.08626,51.7203123,85.77,3565.05,26.63,702.31,0.06855,803259.312,0.08477,347833.23999999993,0.00816,42819.0,False,2024,11,November,FY2024-25
2024-11-26,11.1245,776000.102467006,276.06253,134642.348744954,0.71,21.36,4952.67,70195.84,132.08,19171.11,216.97,8527.98,17.82,3846.7,115.58,204.71,69.52,3120.56,23.68,27752.12,31.19157,1501.5799198,41.52363,2981.8040127,24.38246,659.9585817999999,10.09018,393.7900209,5.2179199999999994,18.1068642,0.87536,37.906737799999995,81.55,3379.7,25.07,657.81,0.0614,815909.1895409,0.08102,285250.85,0.00965,56181.75,False,2024,11,November,FY2024-25
2024-11-27,10.51482,750056.213041467,261.00896,127343.064610016,0.74,21.94,5038.54,68595.69,138.69,20052.26,119.93,8149.36,18.98,3668.23,118.85,211.61,70.86,3229.85,19.87,24475.97,31.90267,1513.6020672999998,42.25625,3019.2508018999997,25.216,690.8730987,10.20981,396.0995707,4.89396,18.242917400000003,1.1825499999999998,63.6619855,84.78,3500.51,27.23,706.88,0.06217,807464.541,0.117175,328859.71,0.00773,47335.0,False,2024,11,November,FY2024-25
2024-11-28,10.57117,729941.881550757,273.66128,169833.567937165,0.6900000000000001,20.27,5049.35,71091.2,134.46,20657.94,100.33,9771.699999999999,73.29,5034.9,119.66,215.14,73.32,3644.41,19.48,23377.14,32.30053,1569.9695447,42.44573,3064.2314469000003,24.98077,696.4989181,10.47799,423.8718685,4.88463,18.0347423,0.95973,47.8790372,82.89,3460.71,27.31,706.07,0.06538,815083.247,0.0,0.0,0.00696,40375.0,False,2024,11,November,FY2024-25
2024-11-29,11.19366,1085009.0310005627,398.44122,250472.89342302203,0.68,20.49,5199.23,77537.16,144.02,23205.53,126.98,13399.07,12.79,3694.76,120.94,220.01,78.55,4626.96,18.16,23331.6,33.18875,1686.0494061,43.9796,3582.6173265,25.4959,726.8089548999999,11.24398,499.5495953,4.844919999999999,18.0274288,1.0738,51.6008188,87.84,3872.88,25.45,669.17,0.07197,817366.483,0.297695,1449163.48,0.00973,47420.0,False,2024,11,November,FY2024-25
2024-11-30,9.53374,355176.351174118,304.71603,140063.177759378,0.6900000000000001,21.16,5351.71,84697.68,147.28,23527.03,99.10000000000002,8576.58,22.5,4613.92,124.78,225.48,86.16,5305.71,17.81,21141.04,28.10046,1382.886284,34.03481,2660.6391505,22.24151,639.3112348000001,9.3629,430.7124921,4.876110000000001,17.462374500000003,0.90122,37.3188971,96.97,4530.61,25.28,682.24,0.00225,28081.49,0.0,0.0,0.0,0.0,False,2024,11,November,FY2024-25
2024-12-01,1.29777,18692.434804631,184.44138,23103.282589434,0.44,16.810000000000002,5504.49,75107.21,145.71,16430.96,3.73,1107.89,17.65,2745.18,122.59,222.92,74.23,3850.48,,,30.46138,1387.7417789,34.83709,2242.8557414,23.312619999999995,643.2512065000001,8.64126,336.7302486,4.25788,20.4827644,0.88208,21.2270595,99.11,4426.98,25.25,682.32,,,,,,,False,2024,12,December,FY2024-25
2024-12-02,10.85776,782713.3539920452,388.63584,180014.096124904,0.47,19.22,5605.05,95915.61,166.01,25541.57,148.92,8761.56,150.66,10351.55,112.9,197.88,96.45,5414.3,21.96,25376.32,51.77288,2736.5262842,69.68013,5550.6342839,36.46802,1075.3573011,16.606070000000003,733.0890162,3.32727,17.9840493,1.1387999999999998,51.465839599999995,107.06,5212.34,30.52,861.39,0.08107,814887.0965383,0.087405,316150.76,0.01392,111060.0,False,2024,12,December,FY2024-25
2024-12-03,10.05985,758419.8412745821,305.6599,146758.937344629,0.47,18.51,5553.85,89993.99,157.96,23841.5,110.55,7759.95,173.63,12127.99,115.01,204.11,92.12,4795.95,20.44,25003.37,31.39484,1729.3330809,45.54465,3831.4041538,27.32773,752.7901575,12.16737,525.0705452999999,5.0501000000000005,18.6213573,1.07721,45.8732472,107.79,5171.4,29.77,822.44,0.09831,824731.1271962,0.06776,290162.79,0.00612,44100.0,False,2024,12,December,FY2024-25
2024-12-04,9.94432,717039.741573121,303.51613,144587.238540761,0.47,18.51,5619.83,90193.49,157.89,23758.47,111.77,7972.74,72.65,8114.88,117.74,207.76,91.31,4561.13,20.46,24302.43,32.16431,1765.7390894,41.91487,3743.5282176,27.74129,779.3008709,11.03013,472.7745716,5.06431,19.2574615,1.09694,48.63166689999999,106.29,4996.86,29.42,800.5,0.08718,825716.183,0.09952,390816.83,0.00715,60792.7,False,2024,12,December,FY2024-25
2024-12-05,9.65959,791268.301071258,319.86061,155001.14072663302,0.48,18.619999999999997,5562.69,86499.53,151.94,22331.39,257.25,8362.11,297.94,31786.68,122.66,216.4,94.1,4799.43,20.9,24338.79,32.16078,1730.1494477,47.75079,3910.2382057,26.850319999999996,757.0148034,12.32101,511.4696028,5.0287,19.7935467,1.05984,48.3447116,102.28,4708.29,28.76,760.29,0.10502,852100.833,0.107005,425399.25,0.00711,71853.25,False,2024,12,December,FY2024-25
2024-12-06,9.79132,876653.9976096781,306.0283,153586.841362524,0.48,17.79,5480.22,79287.54,145.83,21289.67,244.88,7108.599999999999,25.54,4738.36,124.06,217.81,87.11,4022.77,19.04,22233.68,32.21682,1644.6362459,43.45137,3438.4389748,26.72428,756.5575283,11.410469999999998,442.3328822,5.023509999999999,19.5022229,1.09368,51.3500953,100.78,4603.13,30.85,800.92,0.07304,786577.2732364,0.106705,464228.92999999993,0.00942,72161.8,False,2024,12,December,FY2024-25
2024-12-07,8.02484,231337.371797931,295.96323,93118.109917125,0.48,17.92,5577.86,79101.01,146.52,19611.34,126.49,5748.9,93.03,10041.35,128.56,221.14,84.58,3778.88,18.01,20803.17,30.614309999999996,1467.5293407,33.42648,2424.9361506000005,24.636269999999996,707.0314675,8.679400000000001,320.4638713,5.0599099999999995,21.833335400000003,0.9997,42.6494315,107.42,4983.59,31.21,817.38,0.00195,30508.03,0.0,0.0,0.0,0.0,False,2024,12,December,FY2024-25
2024-12-08,1.17913,14134.803966829,170.14654,19493.191450185,0.52,19.16,5496.59,64347.24,121.46,12373.27,1.8,354.1,45.41,2936.78,129.3,219.42,71.93,2936.1,,,31.209190000000003,1344.8486334,32.136669999999995,1691.5626883,24.12902,655.7245274,7.80247,250.9601319,4.34734,22.290028399999997,1.0366,44.3769457,104.81,4519.34,27.7,719.9,,,,,,,False,2024,12,December,FY2024-25
2024-12-09,10.90676,729597.2143789941,294.04729,138582.744816214,0.5700000000000001,21.3,5466.05,86326.84,157.68,22770.43,101.59,6751.42,51.05,4845.68,115.21,197.53,89.91,4033.34,22.33,23554.31,53.1567,2631.4021421,67.2469,5041.7138377,36.9542,1080.6105112,15.1863,584.3548903,3.37456,20.2878903,1.11703,52.1760853,104.23,4808.94,32.81,871.44,0.09813,821925.9847492,0.092685,407374.79,0.00612,42105.0,False,2024,12,December,FY2024-25
2024-12-10,10.51198,712523.811049164,323.76483,143703.083598903,0.5700000000000001,21.31,5513.79,84053.0,153.28,21888.31,92.28,6695.65,192.46,23927.18,116.56,203.95,90.91,3944.97,23.67,25333.05,31.50746,1560.9542272,43.76066,3376.0197938,26.37258,719.1804696,10.93892,434.609286,5.12786,20.2027187,1.13816,57.3735078,105.98,4886.51,31.27,835.37,0.07488,796576.345,0.113615,362463.15,0.00753,62680.0,False,2024,12,December,FY2024-25
2024-12-11,10.02847,761172.512502578,279.38903,146178.330706398,0.58,20.39,5505.84,80326.73,149.27,21023.09,343.19,9117.61,25.29,3902.75,119.7,210.17,87.41,3501.97,20.42,24293.33,31.63663,1517.0223745,42.78875,3030.3223134,26.77075,733.9394915,10.95681,416.2162322,5.22468,19.2244967,1.1239599999999998,55.4050344,102.94,4653.36,32.01,820.87,0.08158,810198.413,0.07828,357807.10000000003,0.00325,42170.0,False,2024,12,December,FY2024-25
2024-12-12,9.97874,789067.1496153871,275.19654,173292.55175207098,0.65,21.42,5333.41,76196.74,141.94,20164.27,191.82,9330.220000000001,26.54,4090.04,119.16,211.47,85.83,3380.37,19.88,24853.62,30.78512,1479.3586569,42.45066,2906.272514,25.09367,696.4918588,10.65103,408.5550564,5.06061,18.2915966,1.06869,47.047416899999995,93.2,4149.73,34.78,839.61,0.06543,800774.1367959,0.08429,435228.5,0.00667,45029.71,False,2024,12,December,FY2024-25
2024-12-13,11.01971,1220323.495057372,325.3799,160083.010384997,0.64,21.32,5411.65,74454.16,141.6,20172.79,223.75,9379.83,14.62,3637.79,122.1,216.55,82.14,3123.63,19.64,24466.68,32.07297,1486.3543934,43.06223,3230.9264039,25.5859,713.91124,10.8191,398.7545864,5.13427,17.1799584,1.03781,44.8849449,94.31,4135.09,33.09,823.14,0.07114,766391.903,0.105135,504907.48,0.00721,47650.0,False,2024,12,December,FY2024-25
2024-12-14,3.00147,35821.99140839,188.59353,35968.028263912,0.65,22.35,5388.81,68218.53,133.49,16140.54,90.27,1472.71,12.93,1296.59,130.98,223.47,72.22,2396.91,,,31.14156,1295.8961648999998,31.679520000000004,1815.9020342,23.9655,695.5086268,7.93543,265.2799578,5.19875,18.1017678,0.8675,30.7674786,94.81,4179.42,33.16,827.52,,,,,,,False,2024,12,December,FY2024-25
2024-12-15,1.14193,14415.734113162,167.23524,17472.08938901,0.64,19.81,5357.74,57635.58,115.0,10645.89,116.91,1640.7,67.76,8266.22,131.54,220.31,65.12,1898.26,,,30.62311,1171.7541267,31.67619,1351.8798376,22.58401,614.7225942,7.25982,223.2634137,4.28523,19.1033278,0.85528,26.4679194,93.05,3672.0,27.72,647.01,,,,,,,False,2024,12,December,FY2024-25
2024-12-16,12.60146,921474.7493491969,293.33965,159906.08631031102,0.67,20.76,5378.44,76984.49,145.62,20848.39,139.2,6436.15,86.66,6302.98,113.88,196.95,85.53,3033.31,33.29,34197.82,53.46222,2314.8116897,61.24489,4283.0142547,35.984989999999996,1048.2955059,13.78121,472.4542031,3.47494,17.9324012,0.92019,37.5826192,94.73,4049.5,35.64,854.55,0.07216,779419.284,0.112315,501475.19,0.00467,39120.0,False,2024,12,December,FY2024-25
2024-12-17,10.9264,902631.859624143,268.72262,147562.595326086,0.64,20.45,5372.01,77394.28,144.12,20148.59,68.05,7705.59,16.74,3998.88,113.78,203.04,80.8,2773.6,24.37,27173.92,31.49906,1387.9726446,41.64719,2666.357856,25.47076,699.9317811999999,9.99201,388.2582773,5.228179999999999,17.792000400000003,0.95352,41.4834388,90.03,3858.47,31.85,788.49,0.05428,782969.771,0.101575,437735.75000000006,0.0071,78650.0,False,2024,12,December,FY2024-25
2024-12-18,10.57987,750039.843651593,271.68075,132134.066194122,0.65,20.36,5342.22,73236.05,143.77,19534.84,96.62,7074.620000000001,23.7,4380.82,115.36,208.97,78.05,2745.01,21.34,25691.08,31.95147,1417.0667402,49.09762,3332.2558996,25.40929,713.3883764999999,10.96484,422.2013950000001,5.2937199999999995,20.1192892,0.9451299999999998,39.4113192,86.59,3682.9,30.13,753.14,0.05647,777542.4706688,0.09236,401815.68999999994,0.00615,33030.0,False,2024,12,December,FY2024-25
2024-12-19,10.65304,817891.187882115,266.43151,139079.674942984,0.65,19.31,5354.3,74296.62,139.57,20229.94,104.27,7291.209999999998,27.49,3559.9,115.29,211.64,76.82,2871.1,19.42,24436.45,32.83325,1476.2762269999998,42.42624,2945.3375144,25.90701,737.3472344,10.06682,391.4582207,5.25695,19.3252352,0.95647,40.4622674,86.54,3657.44,30.67,780.4,0.05434,767945.2291162,0.09219,443350.89,0.00744,53941.4,False,2024,12,December,FY2024-25
2024-12-20,10.68267,950939.2682382971,276.68944,153686.341771906,0.52,15.13,5352.75,73223.48,141.48,20040.98,99.38,7002.0,55.97,7503.36,121.41,218.18,74.14,3050.01,20.53,25096.97,34.416979999999995,1550.6185476,43.40523,3245.6528569,26.59196,763.3122779,10.63441,407.7522848,5.1909600000000005,18.1457276,0.98545,41.4452303,86.98,3662.47,29.11,743.73,0.07754,780162.1055103998,0.07468,448322.99,0.00472,31205.7,False,2024,12,December,FY2024-25
2024-12-21,8.06303,239017.999592973,220.92888,83633.47254585101,0.51,15.18,5379.54,68924.5,143.41,17748.72,86.19999999999999,4879.03,19.63,4340.49,131.97,227.3,71.82,2895.22,16.83,20216.85,31.687220000000003,1327.9736231,32.26044,1994.0695827,23.56263,672.5638501,7.91049,282.45501409999997,5.25284,19.1001707,1.02276,49.518218000000005,88.31,3727.77,27.04,687.33,0.00169,21427.78,0.0,0.0,0.0,0.0,False,2024,12,December,FY2024-25
2024-12-22,1.18926,13519.735483484,163.72618,17498.633365769,0.54,14.51,5285.35,54933.41,115.79,10601.13,2.8600000000000003,360.58,16.18,1011.13,133.71,226.03,59.93,2099.65,,,33.10463,1304.4114619,31.8178,1449.6553711,22.8569,619.072407,6.9758700000000005,213.4568864,4.42051,18.1492616,0.82313,31.3197598,84.69,3232.49,23.3,559.23,,,,,,,False,2024,12,December,FY2024-25
2024-12-23,11.47048,949652.808166267,273.51335,147762.998729758,0.54,15.55,5282.19,75243.27,144.54,21343.73,116.36,6863.08,19.43,3331.79,120.95,205.79,75.83,3322.68,21.65,23651.64,58.33764,2535.4033695,67.20709,4985.735504599999,36.86675,1081.0194801,14.045659999999998,523.5790245,3.44184,18.4626338,1.0033800000000002,47.7073415,86.54,3618.45,27.66,706.52,0.06123,760934.8010966,0.104275,446388.47,0.00365,29475.0,False,2024,12,December,FY2024-25
2024-12-24,11.2564,944350.2100569409,280.40917,163873.25512412802,0.54,15.61,5269.66,71475.66,141.44,20339.13,125.47,9664.86,13.57,4257.15,126.52,216.13,72.49,3283.03,20.73,25264.92,37.08755,1630.315642,43.540949999999995,3077.6204092999997,27.54691,766.1443056999999,9.99905,399.200244,5.213970000000001,16.767961800000002,0.98151,48.4775727,87.65,3631.73,26.28,669.73,0.05905,751344.705,0.131355,427137.0500000001,0.00259,31035.0,False,2024,12,December,FY2024-25
2024-12-25,2.735,32540.776799677,183.9657,32169.932726972,0.58,16.240000000000002,5174.29,61906.4,125.04,14135.67,108.99,2234.84,34.63,3020.43,72.68,127.18,67.02,2762.82,,,31.32857,1315.3978603,32.751520000000006,1851.2809831,21.268939999999997,598.2567385,7.42668,264.3359483,5.01666,18.5594875,0.8633,36.3872788,80.31,3184.86,26.53,647.36,,,,,,,False,2024,12,December,FY2024-25
2024-12-26,12.20756,902419.414747883,269.9952,169097.641223875,0.56,15.5,5183.96,71169.36,140.4,20343.59,149.2,7998.77,29.63,4194.29,156.45,267.06,74.46,3390.75,27.58,30569.93,47.02126,2126.8410678,54.37809,3676.8221315,30.70314,904.8294126,11.80135,465.626021,3.77443,18.245056400000003,0.9661400000000001,48.2839805,82.18,3417.74,28.55,700.27,0.05586,763910.1825903,0.094185,373581.79,0.0027,16580.0,False,2024,12,December,FY2024-25
2024-12-27,11.06336,1036143.9539805392,272.55251,161313.092805466,0.55,15.44,5085.77,68528.35,140.78,20015.26,238.72,11231.13,17.1,4928.2,158.25,269.7,72.0,3388.22,19.56,23676.01,35.26468,1617.4441829,42.17926,3140.1760663,25.51089,750.7505288,10.21152,413.2814394,4.75175,15.372072,0.93697,47.0824328,80.59,3353.43,27.47,685.22,0.04868,742047.6166317,0.08224,331012.8,0.00487,33000.0,False,2024,12,December,FY2024-25
2024-12-28,3.2854,38997.121442231,183.27995,35622.959835965994,0.5700000000000001,16.07,5149.14,64526.76,132.0,16481.43,77.21,1867.6,57.51,2570.41,134.69,227.29,67.73,3082.8,,,31.07773,1334.9489961,31.07612,2003.0071072,22.66085,650.3581539,7.74018,280.39633560000004,4.14294,16.9909203,0.77676,31.828063,83.62,3513.52,27.33,679.87,,,,,,,False,2024,12,December,FY2024-25
2024-12-29,1.22014,13908.076238259,158.77503,17607.171529458,0.61,15.16,5112.26,53660.5,115.13,10794.88,20.58,844.61,4.11,418.48,135.36,227.53,59.05,2603.47,,,31.385630000000003,1278.8923787,29.79095,1545.5782518,21.438129999999997,580.3326847,6.66714,222.39452,3.88998,15.999132,0.7509,33.7153636,79.49,3033.81,22.67,530.43,,,,,,,False,2024,12,December,FY2024-25
2024-12-30,14.44313,1037554.927387884,336.74906,239159.681601293,0.59,16.11,5252.9,78391.76,149.79,23869.34,124.5,10900.27,29.77,5101.95,121.69,207.55,79.95,4791.12,32.2,36598.73,56.31084,2605.2811781,63.79937,4739.9704736,34.86427,1036.9544638,13.99653,583.1452715,3.3076700000000003,17.7838279,0.92491,43.391629900000005,85.69,3682.63,28.28,713.85,0.06293,760824.2461694,0.09998,401997.73,0.00229,26740.0,False,2024,12,December,FY2024-25
2024-12-31,12.50673,1159323.11546108,458.39917,283915.696715685,0.66,17.89,5947.44,93147.85,163.18,27090.04,44.54,10481.84,19.04,5819.73,119.78,210.98,88.09,5428.16,22.31,26745.9,37.76071,1756.0736355,43.8656,3483.8973808,28.339350000000003,786.7414554,10.16947,507.4808743,4.984229999999999,16.927494900000003,0.92809,32.0894657,108.74,4889.73,30.04,764.31,0.04779,687764.3402695,0.23331,1751927.37,0.00545,50475.0,False,2024,12,December,FY2024-25
2025-01-01,7.36772,779209.5584366169,381.76728,160793.424807265,0.37,12.24,5684.29,81015.79,155.02,20804.92,156.91,10681.18,47.63,5846.37,123.15,209.62,83.74,4993.65,14.28,18955.55,27.258070000000004,1237.6656701000002,31.73024,2400.6204651,22.96616,639.6596394000001,8.20697,365.6593407,4.89141,16.970571800000002,0.99046,39.7276018,99.19,4453.85,27.3,698.28,0.0549,761908.9767163,0.0,0.0,0.00276,22554.75,False,2025,1,January,FY2024-25
2025-01-02,9.99556,767912.05099524,316.72952,154236.883315103,0.39,14.63,5652.23,94429.32,160.25,24384.76,128.48000000000002,7941.59,115.07,8953.61,118.07,206.1,96.22,5532.36,18.21,23330.57,42.72485,2156.0171489,56.69503,4564.232139199999,32.17488,924.1133918,13.12086,623.8500805,4.349399999999999,17.9820159,1.10958,49.452163000000006,104.09,5084.89,30.52,839.26,0.04866,736690.5346838,0.213875,629345.5,0.00531,42055.0,False,2025,1,January,FY2024-25
2025-01-03,10.24517,733909.4292831708,336.81907,161465.478040989,0.39,14.53,5594.45,86371.9,156.84,22955.7,51.260000000000005,5060.57,168.51,12365.54,117.32,206.9,91.96,4970.8,18.56,24152.26,31.9621,1698.9940525000002,45.127219999999994,3862.5834361,27.14997,778.3737765,11.9518,518.5940605,5.05725,17.7339675,1.10721,52.1065238,100.77,4849.8,29.68,806.64,0.06222,759857.3689705,0.040025,313405.18,0.00424,50465.93,False,2025,1,January,FY2024-25
2025-01-04,8.80873,248452.478563829,343.39242,114437.070119252,0.37,14.23,5623.49,87686.56,151.14,21673.8,72.02,5990.98,69.24,8200.5,122.57,212.49,85.94,4673.38,19.04,21195.99,28.90746,1401.9384099,33.70534,2786.2454439,23.892570000000003,692.4404553999999,8.62281,370.9351287,5.2657300000000005,18.7321767,1.04187,49.2846099,102.31,4899.01,28.3,769.95,0.00148,15878.09,0.0,0.0,0.0,0.0,False,2025,1,January,FY2024-25
2025-01-05,1.28899,17036.838015111,167.17946,21455.792043665,0.39,13.02,5569.97,70700.73,136.0,13586.89,11.33,601.9200000000001,243.35,26757.76,127.24,218.71,76.52,3533.48,,,29.9754,1312.7697515,32.44831,1841.5922756,22.64887,626.3191879,7.7166,275.10349149999996,4.48575,19.2263553,0.96113,38.6904322,95.76,4175.46,25.02,638.86,,,,,,,False,2025,1,January,FY2024-25
2025-01-06,10.77265,787691.106221129,307.33068,150222.607552128,0.42,14.86,5596.41,92101.54,155.46,23549.36,295.15,15566.34,81.61,7121.23,113.81,196.74,93.16,4455.97,22.98,24578.58,51.54448,2662.9376844,69.16924,5312.8834372,36.24928,1080.2355104,15.72254,653.3727735,3.55359,18.5111776,1.02061,41.174375100000006,98.7,4642.66,31.46,844.61,0.07786,789608.7341483999,0.112885,500634.88,0.00592,42325.0,False,2025,1,January,FY2024-25
2025-01-07,10.84519,690214.1929252851,380.2837,160573.261132084,0.42,15.07,5583.26,86148.85,160.66,23356.28,230.72000000000003,9378.73,97.76,11300.26,113.8,204.27,92.34,4563.78,22.77,25274.21,30.43876,1586.8105352,43.4277,3535.1127545,25.585,709.5595936999999,10.88105,467.83129670000005,5.62249,18.6077922,1.13858,55.01501390000001,102.09,4815.98,31.63,843.51,0.0845,786564.5441921,0.10924,422361.4,0.00897,61330.0,False,2025,1,January,FY2024-25
2025-01-08,10.34894,670559.3028761169,314.34011,151388.476478378,0.48,17.3,5729.69,86474.61,155.86,22425.16,195.09,7636.87,54.27,6233.67,113.79,207.92,90.25,4116.9,21.18,25677.74,31.01703999999999,1613.6138873,42.85087,3371.8213986,26.31181,729.0711083,10.7295,453.7382275,5.56233,19.5176014,1.1149399999999998,51.5549252,108.11,5100.98,37.15,971.28,0.10543,795618.899,0.10593,408319.79,0.00496,50140.0,False,2025,1,January,FY2024-25
2025-01-09,10.33066,638274.038894594,291.54796,144814.45480908998,0.49,17.55,5681.22,85038.14,158.97,22442.58,212.25,8198.97,32.37,4886.84,116.68,214.95,85.49,3710.9,20.28,23899.15,31.46531,1610.2188451000002,42.68705,3177.9013483,26.28705,738.9549672999998,10.646070000000002,438.9385185,5.71582,20.0211129,1.1420199999999998,52.7839997,104.27,4817.73,36.91,939.22,0.07915,772848.9416241,0.144935,422332.9900000001,0.00608,49690.0,False,2025,1,January,FY2024-25
2025-01-10,11.48646,721253.583323612,359.47449,174672.295268858,0.52,18.51,5787.6,86039.63,157.9,22370.88,90.22,6246.139999999999,190.27,24131.89,123.0,220.52,84.75,3602.32,22.99,27681.58,32.49698,1569.295951,41.80666,3074.0798807,26.8492,763.9057911999998,10.86882,443.7987084,5.51708,17.622143700000002,1.17164,52.827256799999994,108.78,5004.05,37.35,951.55,0.06656,760146.783,0.10559,449101.75000000006,0.00517,59564.07,False,2025,1,January,FY2024-25
2025-01-11,3.13649,36004.5010445,195.94645,34424.566834771,0.55,20.33,5682.68,76848.16,149.27,17988.47,99.75,1909.24,18.68,1427.05,138.26,233.74,76.69,2900.44,,,31.74873,1369.2760248000002,31.44939,1846.4656284,24.93772,713.0284186,7.9169,281.3232543,5.72407,20.1560753,0.92634,35.21091319999999,106.83,4929.44,35.8,921.58,,,,,,,False,2025,1,January,FY2024-25
2025-01-12,1.20835,13694.50444432,170.1046,18552.030182729,0.54,17.78,5670.88,63403.0,129.5,11779.66,173.36,2222.81,11.72,943.53,133.22,226.1,66.06,2244.83,,,31.69468,1259.2659516,30.49557,1427.5970697,23.9416,643.2034510999999,7.2604,228.430166,4.52052,18.3064069,0.74874,19.133415,98.02,4164.32,29.8,729.55,,,,,,,False,2025,1,January,FY2024-25
2025-01-13,12.67047,805301.359124768,324.11535,172235.140449829,0.66,20.24,5556.74,78541.07,154.16,21567.63,48.46,6315.61,23.82,4168.74,115.95,194.98,80.51,2909.4,31.85,31745.96,54.51306,2392.9139139,68.99267,4748.8096429,39.22374,1109.8881688,14.65829,552.563178,3.69979,20.1518486,1.04666,42.6548455,108.8,4770.99,38.84,911.71,0.07029,788570.9147218,0.12429,507763.99,0.01038,57086.49,False,2025,1,January,FY2024-25
2025-01-14,6.4348,620230.3568335191,230.42891,95317.364396119,0.55,17.0,5226.89,66339.87,136.12,16050.0,114.71,6406.02,31.03,4075.08,108.72,188.79,72.02,2449.79,13.82,14420.32,30.87059,1338.9016367,43.72311,2892.0556381,24.19892,658.2717152,9.768510000000001,369.8048084,5.3910599999999995,18.1138122,1.08942,50.520616700000005,87.26,3685.37,29.95,743.02,0.07996,810846.1436861,0.112595,452688.76,0.01338,106470.0,False,2025,1,January,FY2024-25
2025-01-15,9.53033,728080.298840614,259.69289,128361.12627941598,0.54,16.79,5335.38,72564.96,139.83,18496.26,138.42000000000002,4902.389999999999,136.03,12542.84,109.41,182.56,79.39,2733.94,20.81,22463.25,29.540799999999997,1280.1105404,44.8515,2889.7720615999997,23.42406,652.8680531,10.35468,392.035191,4.82803,17.746575099999998,1.14434,52.8244118,90.5,3928.94,31.61,798.94,0.08476,787196.5689999999,0.15492,491576.7400000001,0.00893,51990.0,False,2025,1,January,FY2024-25
2025-01-16,9.58519,724500.611455192,275.75031,126357.355426747,0.55,16.5,5330.99,71787.04,139.63,18512.19,116.25,6623.3099999999995,16.05,3573.96,119.11,200.59,81.45,2653.24,19.55,24284.71,29.89453,1318.8617069000002,45.35045,3030.5142458,23.921239999999997,664.7318955999999,10.26533,393.7459325,5.35638,19.2405104,1.19124,55.1332409,88.11,3799.71,30.99,769.9,0.07068,779653.0683648,0.160985,555434.2000000001,0.01107,80920.0,False,2025,1,January,FY2024-25
2025-01-17,10.37671,744507.7949802,258.48767,138485.846678325,0.55,16.509999999999998,5374.03,71032.39,138.64,18784.9,68.39,7448.78,19.92,3428.8,121.76,208.83,78.36,2610.12,20.56,24283.38,31.1173,1389.2194376,44.911460000000005,2994.4637965,24.622159999999997,701.8139307,10.33605,382.5072578,5.74061,20.3838819,1.0747299999999995,49.8028701,87.7,3790.02,30.05,754.31,0.10282,814492.6611222,0.17271,550778.51,0.0093,71134.98000000001,False,2025,1,January,FY2024-25
2025-01-18,8.31278,238667.861196773,231.81534,85149.974454346,0.52,15.73,5391.77,68860.95,134.85,17320.29,94.62,5949.75,32.12,4138.75,131.27,219.77,75.57,2532.06,18.23,20664.32,28.77239,1204.3350205000002,33.95266,2035.7157238,21.89386,618.2765985999999,7.80831,279.5476739,5.85848,17.85871,1.02692,48.5276686,89.0,3846.64,27.92,707.05,0.00155,19338.44,0.0,0.0,0.0,0.0,False,2025,1,January,FY2024-25
2025-01-19,1.20903,13621.107382018,163.7263,17791.856811047,0.54,15.29,5306.5,56364.25,115.81,10797.15,2.12,365.87,6.86,594.35,134.57,222.77,64.17,2028.95,,,28.912909999999997,1170.9572421,34.51862,1681.9768510999995,20.105369999999997,548.936934,7.01558,219.8789368,4.90031,18.092526,0.9114,37.9763331,83.53,3288.24,23.47,567.91,,,,,,,False,2025,1,January,FY2024-25
2025-01-20,11.27752,623728.1630006969,266.72997,139316.11481196102,0.56,16.71,5436.44,78187.93,142.8,20775.52,144.39,6706.77,59.79,7211.76,121.43,206.06,84.09,3515.32,23.08,24906.49,50.54402,2284.1026497000003,68.95602,4578.5016529,32.78996,969.8990111,13.80923,528.5656957,3.87178,18.7504646,0.9837,41.8950372,89.61,3897.92,29.88,759.36,0.07664,795991.251,0.0,0.0,0.00591,47095.0,False,2025,1,January,FY2024-25
2025-01-21,10.33439,655148.063139723,260.63261,129801.379602405,0.5,14.82,5308.28,72609.39,136.16,19446.53,71.8,7327.07,24.77,5017.61,120.37,212.84,75.82,3276.2,20.88,24697.14,30.867660000000004,1469.1165688,41.17625,3079.1897581000003,23.635119999999997,658.4359836000001,9.38396,373.3354138,6.06672,18.6326394,1.04949,49.596918,82.73,3529.27,26.77,677.73,0.05518,757127.2600102002,0.215665,752053.6,0.01079,74980.0,False,2025,1,January,FY2024-25
2025-01-22,10.30608,679600.2277844481,271.37167,132374.311738966,0.58,16.77,5415.29,72846.1,137.57,19635.02,82.55000000000001,7349.95,25.15,3782.59,123.35,219.38,76.1,3248.87,19.86,23071.94,31.042589999999997,1498.4094098,45.48174,3602.2827776,23.671560000000003,657.0032611,9.759149999999998,398.8743951,6.0492099999999995,19.5450555,1.10579,55.2838611,82.94,3515.78,26.48,666.39,0.08933,774362.8829999998,0.095735,428669.81,0.00683,49460.0,False,2025,1,January,FY2024-25
2025-01-23,9.65281,651171.2056553351,262.04961,137288.241286577,0.56,15.79,5268.29,69306.15,136.03,19211.85,122.72,5681.4400000000005,10.53,3232.19,121.85,221.05,75.26,3343.73,17.22,20764.79,31.43606,1553.7143311999998,42.19476,3428.7086185999997,23.4423,655.2414071000001,9.43479,379.7918396,5.91461,20.4972699,1.2046,58.8277858,80.1,3385.37,25.21,639.72,0.09598,798776.2641222,0.136035,432029.37,0.00731,44770.0,False,2025,1,January,FY2024-25
2025-01-24,11.16835,712746.479068612,277.33795,147466.204200096,0.5700000000000001,16.39,5367.16,69561.04,136.07,19647.63,227.19,10169.26,12.07,4023.82,125.68,223.95,73.76,3267.78,19.57,24218.65,33.00692,1605.3109813,42.62325,2991.2820914000004,23.99307,673.015347,9.76298,382.6907546,5.82601,16.823735300000003,1.28221,56.6130049,82.35,3440.94,27.15,683.04,0.07426,752023.4313666,0.16637,496415.68,0.00735,58345.0,False,2025,1,January,FY2024-25
2025-01-25,3.10783,39135.999928446,184.04756,32067.044130137,0.64,18.7,5530.17,67121.44,133.09,16547.72,137.69,3011.88,16.71,2171.17,133.95,230.25,70.42,3006.65,,,32.12125,1465.0684703999998,32.68562,1924.5671825,22.30246,635.1308248,7.51612,261.8397561,5.83231,19.5260766,1.02844,32.5471857,87.49,3678.64,29.63,728.28,,,,,,,False,2025,1,January,FY2024-25
2025-01-26,1.02097,11937.664760649,162.0561,16428.036439297,0.56,14.72,5173.03,51023.09,111.25,10042.85,62.38,1344.55,7.09,394.87,131.78,224.71,55.29,2174.63,,,29.752240000000004,1494.8684929,31.86807,1579.8791999,18.54583,538.9863034,6.496370000000001,208.2356925,4.5353200000000005,17.214367199999998,0.82613,27.5051573,76.89,2868.01,21.63,502.16,,,,,,,False,2025,1,January,FY2024-25
2025-01-27,12.74551,811472.388378834,284.0273,160739.976511199,0.61,17.01,5346.75,74950.26,142.36,21772.1,149.65,6540.66,49.07,5537.55,122.86,207.54,78.5,3627.56,31.63,34794.46,53.168800000000005,2599.357483,66.57813,4203.5654395,32.21351,951.8555791,13.49651,513.8661835,3.26027,20.8854225,1.09048,43.818640499999994,83.1,3491.95,29.8,735.86,0.07369,756788.1586833,0.1506,433868.36,0.01174,77115.0,False,2025,1,January,FY2024-25
2025-01-28,11.08096,706687.117778169,287.97868,146822.3856019,0.59,16.78,5327.98,72270.63,140.0,20963.59,101.83,7147.400000000001,74.17,5731.85,120.5,212.38,76.13,3666.73,23.17,28864.05,30.63288,1514.745986,41.41281,2954.1919162,23.263019999999997,631.2903769000001,9.67472,391.8044242,5.99444,20.7352422,1.14319,50.647984099999995,81.67,3475.58,27.26,685.28,0.08938,781972.963,0.160485,401851.53,0.00867,61255.0,False,2025,1,January,FY2024-25
2025-01-29,10.66497,731514.0784616518,265.6138,135597.75043968,0.5700000000000001,15.989999999999998,5327.46,70929.65,138.66,20661.66,85.67,5434.73,11.49,3250.4,121.92,216.12,73.52,3869.21,19.46,24525.24,30.476190000000003,1538.5597612,42.22641,3274.6384687,23.11686,626.9804429,9.803809999999999,408.9011571,6.014679999999999,19.4423875,1.12251,52.2935497,80.87,3421.46,26.62,664.69,0.09658,770463.109,0.1387,386400.1,0.00709,50303.0,False,2025,1,January,FY2024-25
2025-01-30,11.19043,801351.66272966,286.12947,192686.97939789,0.56,15.47,5359.41,76012.84,142.84,22204.78,42.22,7149.36,12.38,3432.73,125.5,225.4,79.75,4744.6,19.27,24493.57,31.474329999999995,1606.9068313,42.00261,3472.0381454,23.01299,644.1315599,9.77225,436.6691267,5.8987799999999995,19.3673442,1.1362899999999998,57.5560506,81.86,3540.21,25.65,642.6,0.06916,759407.789,0.110635,383366.28,0.00609,58069.49,False,2025,1,January,FY2024-25
2025-01-31,11.64106,1095748.6723624978,451.02616,266709.522736427,0.56,15.94,5721.28,91469.83,159.49,26664.04,40.33,10668.62,16.3,4379.53,132.28,237.69,92.07,5928.95,17.36,23811.81,31.33203,1686.4400958,42.7896,3582.4399884000004,23.91212,707.6241869,10.4639,513.2849953,5.91333,18.267561200000003,1.04068,43.9553178,96.13,4496.12,25.26,653.87,0.05665,681213.4626833,0.206615,1745726.19,0.00663,58199.07,False,2025,1,January,FY2024-25
2025-02-01,8.50053,334813.16591483704,363.39319,146082.543533839,0.39,15.29,6047.54,99835.69,171.11,25602.95,55.58,8747.71,35.39,5294.61,137.61,241.83,92.39,5769.65,16.14,21402.28,28.57314,1384.444799,33.98628,2822.9296219000003,23.28048,665.1798607,8.53374,368.3143266,5.96354,20.3716833,1.29834,53.9119092,113.42,5633.19,29.09,817.64,0.00288,29942.48,0.0,0.0,0.0,0.0,False,2025,2,February,FY2024-25
2025-02-02,1.25413,19610.495161305,169.88154,21962.556174147,0.4,14.67,5916.04,75620.6,138.32,15250.31,1.5599999999999998,439.15,102.25,6858.94,136.02,229.64,77.65,4165.16,,,29.24828,1332.7070421,32.89993,2036.3947049,22.83483,638.8812689,7.67922,284.0664162,4.98874,18.9706964,1.09683,42.524603600000006,104.11,4652.43,24.94,651.91,,,,,,,False,2025,2,February,FY2024-25
2025-02-03,10.42089,892134.895121217,317.94101,156751.406887444,0.39,14.64,5823.91,93245.74,162.08,24923.88,80.3,10707.78,182.05,12435.85,126.68,212.48,97.47,5454.82,20.63,23585.84,50.66966000000001,2748.6059376000003,68.58442,5468.6300758,35.14452,1054.4672418,15.19261,624.9781853,3.88888,18.9140857,1.39468,65.54960630000001,102.29,4922.89,27.99,767.31,0.06141,772441.4274792,0.094725,456032.45,0.0054,39260.0,False,2025,2,February,FY2024-25
2025-02-04,10.2173,790485.795650839,294.39407,142691.344196824,0.39,14.94,5764.18,91126.6,160.1,24509.35,161.69,5673.5599999999995,80.84,8560.96,125.13,218.67,97.33,5277.52,20.39,25113.62,29.887479999999996,1712.8897077,43.31872,3957.4675111,24.65848,704.1857375,10.57545,447.9273041,6.039899999999999,19.205347999999997,1.24341,60.9515149,99.93,4807.59,27.91,768.54,0.09412,808114.6570498998,0.112625,478093.27,0.00744,74540.0,False,2025,2,February,FY2024-25
2025-02-05,9.86204,677678.706281589,335.58995,148421.52775549798,0.41,15.04,5856.8,89847.56,153.99,23458.74,131.57,8622.68,290.99,31259.92,125.66,224.26,95.46,4751.65,19.66,22586.84,30.93201,1707.9095891999998,44.22532,3688.1629045,25.38437,735.0396679,10.28247,461.6406068,5.9501800000000005,20.1841131,1.30268,67.50525289999999,101.9,4850.96,28.41,764.89,0.0698,782788.6884796,0.14797,475475.99,0.0094,91645.0,False,2025,2,February,FY2024-25
2025-02-06,10.16506,796160.323717547,310.17572,161747.992179403,0.41,15.18,5793.2,85577.46,152.62,22837.8,201.35,8259.37,29.43,5029.24,126.9,225.42,93.5,4449.36,20.34,24146.79,30.96103,1686.371019,44.54805,3598.19709,25.202540000000003,724.7819049,10.48877,440.3489476,4.38161,19.5678103,1.33031,68.1096267,100.15,4729.13,29.48,778.99,0.0826,800885.761,0.14215,516338.4499999999,0.00736,106145.0,False,2025,2,February,FY2024-25
2025-02-07,10.85909,836865.048664363,359.2267,179991.144832034,0.45,16.5,5821.64,83661.64,150.6,22504.01,176.69,6799.05,98.83,11046.86,141.3,242.1,93.32,4559.75,20.59,24209.55,32.0232,1691.2498284,43.60973,3706.5066892,25.725320000000004,746.7578137,10.57154,422.3654074,6.21622,19.8110244,1.2528,60.3763505,104.56,4939.92,30.74,825.6,0.07153,796851.9518597,0.150625,516788.75,0.00926,92195.0,False,2025,2,February,FY2024-25
2025-02-08,3.11161,36638.60557374499,209.74761,36393.431038752,0.48,18.64,5848.37,78394.48,137.1,18148.02,81.06,2702.99,44.44,3798.7,148.79,247.67,83.88,3592.66,,,30.16829,1415.9004792,32.83574,2129.4402366,23.24472,694.2038912,7.94548,275.9875908,6.1918999999999995,20.0520275,1.14518,49.8191151,106.86,5104.53,31.6,881.43,,,,,,,False,2025,2,February,FY2024-25
2025-02-09,1.22728,15026.510186613,165.07862,19552.288119982,0.46,16.24,5846.95,67170.58,120.97,12707.59,18.27,477.4500000000001,20.98,1410.35,148.79,244.83,72.57,2697.22,,,29.67668,1308.8855595000002,32.91601,1658.4435087000002,21.738149999999997,613.1859146,7.46751,234.1650306,4.83371,18.0261237,0.92853,28.2740548,97.78,4270.87,26.75,702.5,,,,,,,False,2025,2,February,FY2024-25
2025-02-10,12.9942,831252.466119427,383.30648,190853.68128821297,0.5,18.0,5928.16,92183.3,158.69,24140.94,451.78,10435.22,193.58,23627.77,134.97,222.32,97.34,4279.93,33.54,33872.46,50.87143999999999,2536.3195290000003,66.37559,4538.9800141,34.91721,1073.3262921,14.451020000000002,551.3452907999999,4.08008,22.1560183,1.23308,55.15051820000001,107.63,5097.7,33.99,921.39,0.08587,809059.054,0.120975,559568.11,0.00511,47850.0,False,2025,2,February,FY2024-25
2025-02-11,10.70276,678229.5655366629,289.96095,141361.04121315,0.6,20.73,5810.57,85320.26,152.37,21789.69,133.57,6023.799999999999,33.43,5577.8,131.32,227.14,91.87,3798.09,23.08,25871.55,30.16375,1521.532449,42.28856,3174.9082391,24.59991,728.0145809,10.24399,416.8833820999999,6.229500000000001,18.3284188,1.3927699999999998,73.7145576,104.5,4897.78,39.66,1012.7,0.06349,794871.8582798,0.13787,508828.57,0.00532,53610.0,False,2025,2,February,FY2024-25
2025-02-12,9.83835,702143.8667653359,308.98529,137058.800639793,0.62,20.98,5894.27,82436.06,151.06,21166.83,132.93,6577.549999999999,32.99,4006.65,132.72,232.1,88.21,3406.22,19.71,22865.91,30.19008,1489.7625227,42.26153,2968.9591119,24.44629,725.8371334,10.16865,399.6198255000001,6.31237,21.3415605,1.42102,71.8951299,100.15,4614.22,36.98,940.23,0.06677,780306.4494208,0.17061,561489.3699999999,0.00629,47145.0,False,2025,2,February,FY2024-25
2025-02-13,10.77791,694321.261584208,280.29801,144526.841417444,0.58,19.76,5742.83,77947.95,143.91,20062.28,111.01,5717.09,18.62,3565.11,130.56,230.79,84.42,2972.99,21.41,24506.73,30.46062,1460.1957156000003,42.10421,2827.1595693,24.505069999999996,715.4527925000001,10.08377,388.4612417,5.95963,20.9636129,1.32237,65.70633749999999,95.24,4339.64,33.42,870.67,0.053,759425.6491111999,0.18588,557938.8699999999,0.00822,68255.0,False,2025,2,February,FY2024-25
2025-02-14,10.50749,810126.704257053,273.73443,141385.243876542,0.56,19.130000000000003,5872.38,77266.11,145.96,20149.61,183.79,7029.42,26.5,4231.93,137.54,239.4,82.11,2872.49,19.46,24212.4,33.42566,1555.403579,43.77845,2857.3863260000003,25.5307,746.5721762999998,10.49789,378.1840259,6.39072,21.8340556,1.53341,79.3196802,92.76,4159.53,31.68,831.69,0.05811,777172.809,0.139855,528413.64,0.00673,38895.41,False,2025,2,February,FY2024-25
2025-02-15,8.68059,254288.66582324004,233.22761,93830.17223534598,0.58,18.9,5710.54,76162.54,140.65,18617.42,213.82,8259.74,115.25,12736.76,148.29,248.49,78.75,2611.89,18.51,21528.12,29.338210000000004,1232.3954497999998,32.3118,1828.8231906,22.4066,650.9504953,8.05909,268.2167604,6.05639,18.6578805,1.27015,64.71778210000001,99.77,4418.0,32.86,830.0,0.0013,13576.38,0.0,0.0,0.0,0.0,False,2025,2,February,FY2024-25
2025-02-16,1.24203,15100.061585253,157.56228,18840.444652913,0.59,17.96,5530.48,59017.87,117.47,11097.68,3.09,373.52,7.08,662.28,150.48,248.3,67.08,1839.11,,,29.179309999999997,1177.2870902,32.074839999999995,1294.620879,20.9746,594.4761383,7.152270000000001,195.64831970000003,4.7958099999999995,19.5928641,1.04314,45.1884201,92.41,3706.62,27.81,677.77,,,,,,,False,2025,2,February,FY2024-25
2025-02-17,11.1719,741527.2210284249,275.746,141906.88064043998,0.59,18.36,5624.3,77737.39,142.75,20553.09,164.31,5711.5,36.53,3947.93,138.14,229.97,87.7,2930.73,23.15,24689.03,51.42275,2263.8438766,67.30449,3981.3616238,33.70407,1003.194079,14.79251,493.4049699,3.70709,21.304105,1.3684999999999998,68.99138140000001,92.11,4023.39,33.81,852.24,0.05527,802514.426,0.0,0.0,0.00508,35295.0,False,2025,2,February,FY2024-25
2025-02-18,10.66157,788303.563461997,271.60661,142378.058669122,0.54,16.889999999999997,5571.15,73824.81,141.24,19751.0,200.51,8687.67,34.94,4929.15,137.16,235.35,82.19,2788.86,21.13,25902.23,29.53874,1294.6214559,42.29732,2800.5029005,23.70483,647.1034147,10.61659,367.2657856,5.9573100000000005,21.6770669,1.35327,69.535041,88.18,3821.27,31.12,788.62,0.05239,767470.0021852,0.21434,698345.2000000001,0.00371,28740.0,False,2025,2,February,FY2024-25
2025-02-19,8.98352,226139.82074575505,247.49526,105940.991472593,0.56,17.15,5647.58,73200.56,135.54,18838.37,119.3,7633.2,16.08,1763.94,140.1,241.29,80.27,2861.33,14.39,18967.42,23.149189999999997,1021.3202205,31.28461,1999.053357,19.79013,536.6367262000001,8.121719999999998,287.4082269,6.2818499999999995,18.8331545,1.31652,68.50205840000001,86.14,3722.44,30.09,765.25,,,,,,,False,2025,2,February,FY2024-25
2025-02-20,11.126,882624.9641264969,261.09521,148666.549773609,0.55,16.669999999999998,5621.19,74075.68,139.65,19697.03,132.46,6184.21,56.12,8310.39,138.22,240.25,81.53,3318.26,22.35,25385.5,37.45545,1725.8241942,53.99426,4306.379936,26.69523,743.1058056,12.71644,447.8813017,6.09228,21.4315202,1.43584,76.2875475,83.76,3620.99,28.68,725.29,0.06058,778628.8688495002,0.08709,415494.16,0.00331,23750.0,False,2025,2,February,FY2024-25
2025-02-21,11.12648,858835.4593148319,270.23569,151610.805348448,0.54,16.3,5647.7,71739.87,137.17,19435.42,109.78,6856.469999999999,21.4,5257.74,144.21,247.57,77.58,3278.96,19.84,24217.55,31.76506,1472.9990300000002,39.26883,2922.8858852000003,23.21629,637.9720214,9.76947,349.1986329,6.10499,19.598981100000003,1.25242,65.7894064,84.62,3628.43,27.6,699.02,0.0551,762505.741,0.10996,495801.95000000007,0.0042,53865.0,False,2025,2,February,FY2024-25
2025-02-22,3.25899,37921.857549361,178.89274,33805.639743813,0.58,18.32,5654.72,67795.92,131.19,16198.37,91.47,3394.39,21.24,1477.5,151.47,257.17,71.24,2773.58,,,30.815869999999997,1331.6736973000002,33.383939999999996,1934.8444903,21.58773,609.9053311,7.77293,245.0057899,6.09654,17.8795273,1.16893,56.5049728,86.39,3728.16,27.19,705.06,,,,,,,False,2025,2,February,FY2024-25
2025-02-23,1.17079,14716.7076519,157.13749,17236.57464249,0.58,16.34,5605.4,54660.38,114.29,10319.1,31.21,525.4300000000001,5.87,515.07,151.85,255.74,62.15836,2251.929249082,,,28.50076,1163.934693,32.975080000000005,1453.9031556,19.2749,528.3253661,7.26773,197.1329551,4.827780000000001,16.782732799999998,0.98085,35.7175386,79.68,3081.81,23.0,556.4,,,,,,,False,2025,2,February,FY2024-25
2025-02-24,13.08695,826668.820154802,284.2674,167722.07009154398,0.7,19.75,5634.82,75820.65,143.89,20947.11,1205.87,28511.36,20.15,4612.58,137.11,231.32,77.46512,3436.532939196,31.11,34667.59,51.81964000000001,2377.2247082,70.58654,4873.7264346,31.885779999999997,925.3435684,14.51606,508.9016061,3.82224,22.8332832,1.21843,62.29800709999999,86.24,3670.35,35.94,894.45,0.0541,790567.7155923,0.149625,510962.73,0.00819,50851.5,False,2025,2,February,FY2024-25
2025-02-25,12.19892,933440.161982221,278.84452,171575.460484149,0.99,26.31,5765.01,76593.92,154.04,21884.91,108.88,7868.02,52.67,7036.52,134.35,232.27,78.93151,3717.682416495,24.33,29737.02,26.05487,1264.389914,28.792429999999996,2462.6649576,20.66473,540.4370828,7.40607,310.3194985,6.10967,19.6595654,1.19646,72.4741676,93.37,3886.43,58.96,1381.99,0.05233,791952.3252059,0.1216,407717.73,0.00751,85274.5,False,2025,2,February,FY2024-25
2025-02-26,4.72303,112393.609590343,205.80923,70222.370735706,0.95,24.42,5520.81,62994.82,136.75,16813.06,82.74000000000001,3089.34,12.82,1865.31,126.8,227.67,67.2498,3007.876496122,4.34,5174.73,22.82381,1119.2891787,31.70719,2089.5567341,17.939519999999998,499.1741768,7.28818,279.2756538,6.09766,19.1871173,1.33054,74.5764064,82.66,3289.99,48.99,1133.47,,,,,,,False,2025,2,February,FY2024-25
2025-02-27,12.95807,1000803.606825234,290.92564,194872.649346282,0.8,21.71,5554.77,75714.97,150.09,23003.61,99.63,8689.44,21.04,4865.8,128.53,230.63,79.65665,4055.041875789,25.76,29390.57,43.03801,2191.7601734,66.42704,4451.429493899999,29.013599999999997,824.8934894,14.4681,560.1522765,4.7537400000000005,24.0782199,1.61905,87.8956166,84.43,3620.09,43.17,1057.7,0.06235,788676.1492552,0.121125,405792.81,0.00654,66395.0,False,2025,2,February,FY2024-25
2025-02-28,13.37474,1291118.974365204,473.3686,312714.866836702,0.76,21.25,6006.62,97508.29,164.69,28673.47,151.96,13980.34,89.59,7701.54,128.25,236.46,99.92045,6230.607261366001,22.16,28800.75,30.67177,1653.0057944,46.0488,3662.3453432,23.46095,669.8026334,12.58622,496.03171570000006,6.2281699999999995,20.9713248,1.25847,58.8192098,98.47,4596.86,39.78,1001.96,0.05425,730173.716,0.241035,1864350.35,0.00836,72663.0,False,2025,2,February,FY2024-25
2025-03-01,9.41636,316377.72481113597,367.63738,157212.499159201,0.5,18.35,6314.25,101627.92,176.71,27119.01,112.77,9276.86,35.76,5596.54,136.86,242.39,98.62636,5889.8544716,18.45,23251.14,28.60616,1430.2502236,36.47271,2802.985864,23.21589,680.2990290000001,9.61072,374.1225127,6.22756,19.770977,1.33501,66.0041662,117.6,5852.05,41.53,1113.51,0.00181,19093.09,0.0,0.0,0.0,0.0,False,2025,3,March,FY2024-25
2025-03-02,1.41823,20617.441219758,168.7856,22989.438124398,0.49,16.7,6080.29,79157.48,144.57,16408.07,2.25,548.5799999999999,97.45,6753.61,134.37,234.61,85.04492,4688.3309314,,,28.20792,1330.8065883999998,35.0356,2156.0934246,21.37496,611.127555,8.319550000000001,276.7417553,5.12014,19.5745658,1.25123,55.7177628,103.31,4688.88,32.09,819.35,,,,,,,False,2025,3,March,FY2024-25
2025-03-03,11.84551,907631.0119916959,334.23321,175760.577103321,0.5,17.85,5994.47,97185.42,167.42,26726.99,294.71000000000004,6533.4400000000005,184.15,12834.11,121.5,215.26,102.20965,5502.864445,23.19,27196.15,49.57289,2670.4250787,72.82739,5594.4321334,34.261520000000004,1029.83393,17.229020000000002,675.1027753000001,3.86996,19.9035701,1.369,65.2100188,105.12,5099.72,38.72,1049.55,0.0552,762195.1930869,0.145585,559068.41,0.00394,59630.9,False,2025,3,March,FY2024-25
2025-03-04,11.51328,817716.797712861,297.11822,152099.64659165402,0.48,17.68,5945.58,93483.95,164.97,25855.04,188.08,7931.63,84.37,9262.11,118.73,219.18,99.31288,5486.5548059,22.49,27683.78,29.15141,1666.7332528,46.09462,3958.0764641,24.299,671.1419200999999,11.54013,467.7091376,6.37856,19.7161217,1.43908,68.2538099,100.89,4851.45,33.96,920.58,0.05328,763377.7729164001,0.14186,553858.66,0.0056,46109.91,False,2025,3,March,FY2024-25
2025-03-05,11.22623,770803.9972979049,340.24268,164141.45801513502,0.49,17.32,5962.65,93034.38,158.56,24933.61,268.67,8536.88,294.87,31771.07,120.61,224.19,102.32564,5525.7368712,22.15,26892.42,29.91828,1688.2550356000002,44.27196000000001,3838.6759454,24.51329,685.4040075,10.76078,452.1202241,6.44749,20.9346141,1.4367100000000002,75.62510970000001,103.07,4894.95,34.49,928.2,0.06058,748823.460833,0.13471,466799.36,0.00591,47897.07,False,2025,3,March,FY2024-25
2025-03-06,10.94343,858178.1174829861,342.5003,177897.688838326,0.5,17.15,5841.0,87477.02,154.02,23869.74,258.41999999999996,8055.82,27.17,5364.57,124.59,229.94,101.14115,5312.5011398,20.91,26322.05,30.19974,1707.6970427,44.68353,3770.9013762,24.36918,678.5949154,10.78784,442.4006002,6.48715,20.1506057,1.4543,76.88391750000001,100.42,4720.3,35.86,938.94,0.07206,774983.5985226999,0.12179,481694.31999999995,0.00569,45125.0,False,2025,3,March,FY2024-25
2025-03-07,12.08618,879275.463887208,374.97461,184632.735918149,0.52,18.42,5979.96,87218.22,158.2,24111.52,371.12,9976.59,101.92,11928.69,125.73,231.91,100.72144,5411.3970753,21.6,26095.19,31.36336,1692.9689954,40.91769,3715.4024227,24.93251,690.4133987999999,10.23206,410.9253258,6.43372,18.8654544,1.4570900000000002,80.9915478,104.96,4974.53,37.27,975.64,0.08049,832721.7563684,0.157355,529332.86,0.0051,56405.0,False,2025,3,March,FY2024-25
2025-03-08,3.4273,40831.120272365006,225.79476,41541.211148183,0.59,21.67,6057.62,81507.5,146.57,19627.6,544.99,11570.28,42.02,3306.31,134.48,241.94,88.59407,4138.5356442,,,31.0071,1481.3867893,38.80996,2637.8277238,23.4695,682.1742693,8.65249,321.6302522,6.420769999999999,18.133484699999997,1.31814,54.263626599999995,109.68,5215.26,41.42,1123.83,,,,,,,False,2025,3,March,FY2024-25
2025-03-09,1.34304,15729.003191632,168.5924,20306.09021317,0.59,19.9,6047.83,68403.22,134.96,13525.73,15.91,1400.4,17.93,1324.27,128.57,231.71,77.7667,3081.4215676,,,28.30439,1288.8682756,34.93347,1859.4735271,21.146210000000004,589.2194493000001,7.61864,218.3008954,4.85302,17.5043719,1.13684,37.2567424,96.84,4206.83,38.33,1022.92,,,,,,,False,2025,3,March,FY2024-25
2025-03-10,14.34298,972289.9865419979,372.81844,195109.917452639,0.67,23.42,6110.43,95763.57,167.09,26165.1,207.75,7433.77,191.39,23937.55,118.57,212.44,103.16378,5165.4408144,35.68,36229.69,47.81485000000001,2479.2844526,65.83896,5122.1284463,33.20365,970.7294769999999,13.92644,561.4353031,3.8432,19.734728,1.3197299999999998,63.1352664,110.14,5251.65,50.43,1398.75,0.05085,783355.5106799,0.14112,545886.85,0.00435,32193.63,False,2025,3,March,FY2024-25
2025-03-11,12.56451,912739.267043999,322.48977,177852.384077749,0.72,25.27,5778.13,84906.83,159.96,24429.29,188.28,9158.52,44.81,5867.11,118.94,217.5,95.20176,4374.0152132,26.7,31471.9,29.99334,1517.1473941000002,45.29875,3641.5927337,26.16677,695.8888893999999,10.71657,449.3061302,6.002829999999999,19.6020005,1.44616,72.46310070000001,110.93,5233.81,49.22,1388.17,0.05002,796010.6642884,0.14496,481709.73,0.00385,30010.0,False,2025,3,March,FY2024-25
2025-03-12,12.36034,922723.444670776,327.14126,173570.217633071,0.82,27.87,6017.22,87615.79,160.87,23858.44,382.69,11412.45,25.94,4621.3,124.38,221.98,94.22845,4145.2663122,23.61,29430.04,30.73363,1512.1881336,44.60923,3379.3721076,26.224549999999997,696.1453323,10.47447,436.7031123999999,6.77031,21.7347756,1.487,77.2262336,112.65,5241.21,52.5,1455.58,0.06261,810471.701,0.153985,477730.35,0.00687,80849.05,False,2025,3,March,FY2024-25
2025-03-13,10.81457,1093626.0714047102,292.40116,179684.550769824,0.95,29.7,6421.01,85570.94,155.2,21598.4,247.6,9938.48,21.04,4467.16,120.42,209.83,89.1318,3664.506722,19.09,23260.89,36.51657,1677.0420701,43.986320000000006,3480.2148746000003,27.515790000000003,715.5117887,9.77957,401.9966945,6.09158,16.3130225,1.35982,69.0943638,112.18,5002.97,53.43,1400.81,0.07146,811122.3087322,0.136935,487024.7,0.00413,29295.0,False,2025,3,March,FY2024-25
2025-03-14,2.82663,80219.84376850098,196.58211,55955.68496389499,0.34,9.51,5149.85,51067.26,108.13,11917.66,97.21,2443.7200000000003,15.5,1829.88,89.84,158.78,61.65425,2413.4789902,3.64,4604.8,18.75496,745.6926222,29.3841,1583.5587725,15.18142,369.07725609999994,6.7442899999999995,216.7336953,4.60358,13.5795633,0.9926,45.3471795,66.65,2687.62,19.51,506.76,0.0,0.0,0.0,0.0,0.0,0.0,False,2025,3,March,FY2024-25
2025-03-15,7.90578,297851.88538243796,199.82965,90749.775580559,0.62,18.17,5807.63,71801.28,131.76,17649.28,167.44,6434.51,119.45,12813.91,107.27,170.49,80.86728,3284.1266799,19.9,21840.0,27.15713,1177.604636,32.70138,2022.7473503,20.22848,558.9663469000001,7.52039,280.3190479,1.90132,17.0139287,1.21367,65.6030488,93.71,4065.46,35.27,912.11,0.00211,28034.31,0.0,0.0,0.0,0.0,False,2025,3,March,FY2024-25
2025-03-16,1.2577,16003.445496486002,154.63802,18588.986879315,0.68,19.78,5721.5,59622.54,123.0,11261.05,39.35,744.1,8.3,751.12,127.09,202.32,69.72058,2209.5507154,,,28.75463,1192.3728992,32.66692,1447.7215822,20.34502,560.5752358,6.913290000000001,201.6982471,4.0578,17.8022288,0.92455,36.4246213,89.13,3582.38,31.96,799.37,,,,,,,False,2025,3,March,FY2024-25
2025-03-17,12.37675,948269.393324258,282.81663,162529.41056523702,0.75,22.78,5803.52,80668.23,145.45,21653.8,174.14,4866.82,56.3,4091.91,116.69,196.6,95.11027,3559.1268395,24.28,26759.29,57.06572,2661.8244642,79.84975,5850.664783,35.2534,1028.8501138,15.58901,589.0592118,3.84881,19.167659200000003,1.1586800000000002,51.96840519999999,94.37,4189.95,43.4,1160.1,0.05998,823029.6762108,0.158255,565247.8,0.00207,18371.0,False,2025,3,March,FY2024-25
2025-03-18,11.98967,823592.7639693889,275.27416,155560.46411426202,0.7,21.19,5726.43,76988.31,142.96,20920.05,102.09,7682.05,20.05,5045.42,116.37,208.41,84.74241,3236.9392514,23.52,28422.98,30.00528,1448.7815553,43.895999999999994,3070.6932474,23.03772,636.9236662000001,9.853010000000001,370.2119309,6.5653500000000005,21.660499,1.37927,76.3469379,89.59,3963.13,38.25,1023.86,0.0549,795590.552936,0.125375,475059.55,0.00369,25400.0,False,2025,3,March,FY2024-25
2025-03-19,11.86198,869854.0297246341,283.69429,172017.788649823,0.66,20.15,5761.34,76504.71,141.58,20778.0,124.44,6778.48,14.53,3976.18,118.43,217.31,81.2763,3132.9743509,21.11,25939.46,30.16988,1434.4564359,43.55796,3129.2056315,23.26534,655.3319297,9.83009,396.5827188,6.55095,20.7094725,1.25188,69.4253635,87.46,3856.94,34.96,933.53,0.07378,796509.6876558998,0.139605,480716.2,0.00548,33595.0,False,2025,3,March,FY2024-25
2025-03-20,12.15398,978040.5177689381,276.8868,173955.342305473,0.66,19.549999999999997,5758.2,78037.44,142.14,21416.5,182.25,6087.639999999999,58.77,8227.46,119.44,221.92,80.64817,3474.6369382,22.57,28008.98,30.78582,1503.9731915,44.13326,3425.1021221,23.100299999999997,656.8389003,9.959190000000001,407.8989667,6.65373,18.789160000000003,1.18786,64.846832,86.98,3850.99,33.74,898.41,0.07313,798486.906895,0.151495,539263.37,0.00817,46575.0,False,2025,3,March,FY2024-25
2025-03-21,12.95255,1045640.717029368,284.66939,239234.682062936,0.66,19.38,5763.75,74557.68,139.39,20907.41,137.91,8350.21,24.22,5675.28,124.92,232.0,78.43509,3440.6022709,22.05,28140.4,32.09227,1569.45539,46.29634,4481.6199498000005,23.38224,672.7993853,10.28744,414.7138914,6.4568900000000005,16.0990259,1.3163999999999998,72.3427621,84.56,3707.56,32.12,858.87,0.09565,828124.3303152,0.138665,532739.48,0.0047,44972.0,False,2025,3,March,FY2024-25
2025-03-22,3.7694,44922.59329192,184.82357,38769.091101977,0.71,21.87,5842.26,70233.03,134.15,17287.8,81.99000000000001,4189.030000000001,19.24,1363.21,130.66,236.97,72.91558,2903.4775774,,,30.40468,1373.4489858000002,35.00439,2058.022467,21.07862,622.0596978,8.05244,269.721546,6.41911,19.0334375,1.17557,53.9407626,84.81,3748.1,31.95,871.47,,,,,,,False,2025,3,March,FY2024-25
2025-03-23,1.42673,15868.987944657,160.09576,20151.574885015,0.66,18.270000000000003,5874.4,58953.84,128.85,11750.32,4.66,534.44,6.31,610.21,130.24,234.14,61.91768,2386.8932937,,,30.87299,1307.3698981,34.04637,1652.9733161,20.15208,562.7622338000001,7.03775,201.8304265,5.14867,19.1226232,1.01408,33.4149447,80.8,3225.39,26.09,661.1,,,,,,,False,2025,3,March,FY2024-25
2025-03-24,15.34387,1193397.15351067,326.79881,232811.810516854,0.71,20.91,5784.36,79820.41,152.25,23329.44,130.57999999999998,8818.1,18.35,4735.81,120.1,215.41,77.1297,3485.8628613,34.87,41341.34,52.01029,2524.2648666,68.136,4613.4534549,32.03608,970.0129547000001,13.85607,539.2684116,4.16165,19.8692563,1.26807,66.25883359999999,86.87,3838.51,33.39,917.03,0.07826,819626.2411846,0.15875,554710.56,0.00303,34265.0,False,2025,3,March,FY2024-25
2025-03-25,14.17625,1001296.177217167,414.89322,224245.01184833705,0.7,20.66,5817.44,79710.62,154.61,24149.74,107.64,10702.1,55.01,7182.24,119.91,224.65,75.59404,3616.7479281,28.85,38400.41,31.81364,1587.2562956000002,43.40928,3175.2878989,23.65236,670.1777668999999,9.8001,418.1225498,6.612379999999999,21.2437278,1.4809599999999998,86.8294392,85.11,3767.78,30.84,842.02,0.06308,799815.428102,0.17799,569802.73,0.00626,46398.44,False,2025,3,March,FY2024-25
2025-03-26,14.30023,1160838.546508492,315.21428,238573.033417317,0.7,20.05,5505.09,75842.65,152.96,24230.29,195.16,10567.75,14.5,4165.89,122.63,228.37,71.55691,3500.3795175,25.13,35513.09,32.39137,1623.1872956999998,46.9084,3535.2596711999995,27.16383,728.1511422,10.57337,445.5524495,6.6321900000000005,18.5186595,1.3425900000000002,66.94005480000001,90.03,3879.78,30.62,817.96,0.08005,834526.559,0.193135,623387.98,0.00602,41824.93,False,2025,3,March,FY2024-25
2025-03-27,15.09014,1370120.863198009,303.89487,242391.811845673,0.68,19.94,5974.65,81231.4,149.1,24784.37,195.71,12177.34,15.21,4763.91,123.8,233.13,75.87726,3733.8469775,24.58,36337.29,26.15368,1349.0190064,31.295630000000003,2878.2752073,22.78156,618.3809395000001,7.20175,324.6661382,6.39438,18.8941817,1.2236900000000002,76.60111509999999,87.36,3857.96,29.67,806.6,0.09937,878875.5019582,0.156935,579424.43,0.00435,43990.0,False,2025,3,March,FY2024-25
2025-03-28,16.65487,1786603.626663452,390.74713,368110.11285319,0.7,20.42,6052.43,84515.18,155.14,27620.32,136.84,16321.19,74.88,6233.49,126.85,234.27,80.08613,4541.4862983,24.47,33308.08,39.74068,1983.2988201,58.09797999999999,4321.4951708,27.77234,826.4095298,13.54649,599.1599632,6.63906,27.9371462,1.3461899999999998,63.8787995,90.33,4043.17,29.51,806.72,0.09051,814292.3306833,0.257835,2255266.2800000003,0.00424,58480.0,False,2025,3,March,FY2024-25
2025-03-29,16.82195,863573.7148549359,366.80093,279719.293911374,0.71,20.98,6271.91,87115.79,161.12,27522.03,142.89,15992.82,9.97,5465.52,133.95,239.75,78.34733,4604.0456833,20.95,28017.25,29.942939999999997,1401.659861,32.925050000000006,2568.8023064,22.652479999999997,663.6396652,7.90566,366.0126439,4.68424,22.1268082,0.79492,27.281338700000003,100.9,4605.35,29.6,813.15,0.00264,36981.219999999994,0.0,0.0,0.0,0.0,False,2025,3,March,FY2024-25
2025-03-30,3.03406,44705.091871284,229.49839,85215.88988834598,0.76,21.05,6192.67,71617.99,141.43,16968.29,120.25,6269.99,7.74,1262.82,119.44,215.12,64.87093,3659.0013163,,,29.24704,1474.7024411,31.8242,2000.6429835,21.32481,709.8008659,6.94487,272.1910026,6.94288,18.8939322,0.77328,25.1868254,95.8,4085.21,26.54,690.7,,,,,,,False,2025,3,March,FY2024-25
2025-03-31,9.78459,332630.30022628396,427.07882,232930.303353298,0.68,20.74,5657.21,75980.99,163.27,25437.91,144.07,12508.4,17.64,5016.86,115.72,197.01,72.47704,4086.3360356,1.97,5406.86,25.43017,1260.1607563,32.282900000000005,2539.5337856,19.67215,640.1559107,7.32312,378.5484774,3.63203,15.342183899999998,0.7202200000000001,24.8406675,85.71,3737.7,25.64,704.97,,,,,,,False,2025,3,March,FY2024-25
2025-04-01,1.12869,29926.531182785,63.18371,41915.720471183,0.42,17.96,5297.18,74937.0,207.65,24387.86,6.11,1551.57,45.05,3824.78,112.79,205.06,80.86744,4325.2374733,,,23.24722,1095.2521972,33.21985,2322.9189759,22.96877,616.2967305999999,8.529819999999999,323.28332650000004,4.5770800000000005,12.5335879,0.93985,33.6514867,90.7,4018.58,26.1,754.05,,,,,,,False,2025,4,April,FY2025-26
2025-04-02,14.6744,1584740.9798889218,378.52542,299963.01677269104,0.49,19.69,6192.75,102791.42,203.84,29841.6,178.79000000000002,15074.65,102.57,9759.96,118.31,216.68,97.70853,5844.3583255,38.16,56817.05,67.02463,3516.6064996,92.46233000000002,7237.5351415,44.98156,1417.6687496,19.328290000000003,882.4937124,6.48685,21.8595439,1.2544,63.07709179999999,109.25,5502.89,37.07,1115.88,0.08078,860856.0739572,0.14992,846628.99,0.00486,36915.0,False,2025,4,April,FY2025-26
2025-04-03,11.32383,921373.060543884,303.99547,154666.661532886,0.5,19.81,6069.85,95332.97,160.46,25749.33,184.22,9827.14,169.22,12948.74,118.24,220.25,96.48978,5419.9502879,24.26,37168.61,29.5593,1685.9724534000002,46.33607,3983.5809558,26.027520000000003,787.4867711,11.8007,499.1099168,6.425700000000001,23.919448600000003,1.28096,68.9360507,103.8,5186.53,35.61,1041.72,0.10883,886604.143502,0.157915,628458.91,0.00748,60385.0,False,2025,4,April,FY2025-26
2025-04-04,11.4685,910603.014074075,298.48568,166765.01481967,0.51,19.78,6186.86,94268.0,160.98,25478.59,150.91,6323.28,75.61,8654.09,122.27,226.67,89.58923,5096.817171,21.17,33429.02,31.1762,1777.4164176,45.93758,4005.9109143,25.72761,790.1400277,11.29437,474.72256259999995,6.526039999999999,25.2663568,1.27721,68.01874560000002,101.09,4918.24,36.14,1041.15,0.08433,920922.9759577,0.15225,583065.2899999999,0.00663,43985.0,False,2025,4,April,FY2025-26
2025-04-05,9.29753,294972.975704914,382.95306,123522.313942891,0.5,18.84,6295.81,90299.35,157.52,22564.22,258.18,7812.21,271.32,31276.36,129.71,234.07,87.77614,4455.9097715,19.34,26264.01,28.71897,1399.8388385,34.51354,2538.3277882,23.12269,698.8874571,8.57447,332.8332598,6.79833,25.5337923,1.27288,73.3336677,104.07,4983.16,34.44,957.38,0.00137,18033.23,0.0,0.0,0.0,0.0,False,2025,4,April,FY2025-26
2025-04-06,1.39119,17831.840333365,161.71036,22916.211960976,0.46,15.63,5882.73,68150.47,130.36,13689.48,1.49,800.31,20.24,2309.32,124.61,226.07,73.20355,3232.9115624,,,25.30259,1169.1666447,32.79358,1859.652236,19.18498,525.6506105000001,7.2742,232.7488681,5.04023,18.0295604,1.0485600000000002,47.8895164,90.04,3936.75,27.21,685.93,,,,,,,False,2025,4,April,FY2025-26
2025-04-07,11.71924,874231.0144140071,331.54272,160130.781433154,0.54,19.75,6185.68,98216.32,160.24,25808.3,197.38,4305.2,124.82,11272.43,119.56,211.8,96.33672,4713.0009334,22.74,29477.93,52.944329999999994,2809.7796823,70.58757,5236.816586000001,36.31721,1147.3846622,15.21297,609.2512699,4.07011,27.2902027,1.22433,61.9768925,102.19,4864.48,36.82,1003.5,0.10717,985101.0482008,0.162635,601505.4099999999,0.00695,58855.0,False,2025,4,April,FY2025-26
2025-04-08,11.02552,780815.398203929,291.17953,153260.28198068702,0.56,21.19,6248.95,89887.4,161.63,23545.17,118.27,6688.76,56.48,7140.69,118.66,217.84,91.05065,4261.861268,21.74,30173.48,30.3954,1625.2442693,43.911640000000006,3449.8670455,25.33533,728.6962238,10.72172,433.3841976,6.64884,20.9694144,1.2970000000000002,71.83615669999999,103.74,4977.74,35.82,991.92,0.09278,964040.7011354,0.163525,544717.51,0.00514,66910.0,False,2025,4,April,FY2025-26
2025-04-09,11.15632,807916.5045355621,321.41325,174476.21520176998,0.56,21.08,6296.92,91452.18,157.99,23791.99,72.11,7035.57,32.16,4995.6,123.88,226.35,88.22241,3914.3165476,20.4,31755.04,31.014829999999996,1610.8954520999998,44.43214,3433.0365951,25.42268,742.2534103,10.61079,435.8187456,6.644550000000001,25.8564871,1.1898099999999998,62.3493251,102.79,4895.5,33.9,936.56,0.10284,959348.3961217,0.16731,545903.97,0.01111,63810.0,False,2025,4,April,FY2025-26
2025-04-10,5.37333,101279.117964658,234.72226,72732.41177474201,0.55,21.07,6054.15,83751.64,148.94,20343.02,73.13,3693.53,151.04,20816.64,128.71,234.35,86.50277,3510.7072926,3.92,4915.77,17.82387,864.3721247,18.9712,1573.6882475,17.160220000000002,476.7143791,5.1944300000000005,200.5120252,6.702039999999999,19.0177958,1.09086,64.6159838,96.84,4573.37,30.29,843.01,,,,,,,False,2025,4,April,FY2025-26
2025-04-11,13.31265,920333.2254361791,315.60351,185336.504415393,0.53,20.07,6202.63,85297.83,152.48,22674.21,120.26,7006.28,76.36,6884.65,129.97,233.32,86.16078,3567.8788524,28.86,35610.2,46.49193,2292.4245575,67.89565,4632.437436800001,32.95634,1002.3114963,15.04122,577.3292964,5.6809899999999995,24.547049200000004,1.61269,78.7895504,100.82,4711.27,35.2,972.68,0.17706,1049875.0838463,0.1568,583238.0299999999,0.00594,45290.0,False,2025,4,April,FY2025-26
2025-04-12,3.13444,38089.794202749,182.65459,36613.203755284994,0.56,21.48,5542.96,68876.63,140.63,17463.7,84.95,2212.58,12.61,1306.79,143.41,245.59,72.59737,2650.3376217,,,32.19169,1311.7363288,34.30243,1897.0442971,31.62855,812.6039762,9.37228,271.3894552,6.43853,25.9593978,1.13572,47.1637269,107.56,4828.26,32.18,892.61,,,,,,,False,2025,4,April,FY2025-26
2025-04-13,1.23924,14415.435578866,157.77583,18537.080897757,0.53,18.48,6139.76,65305.33,131.32,11785.7,1.23,377.62,7.04,517.4,138.79,239.62,68.47874,2057.3073914,,,20.03053,800.7958592,18.60503,936.222898,17.97704,452.6442005,4.3006899999999995,123.9498744,4.736350000000001,15.1609249,0.67638,21.520873,92.42,3883.48,26.1,692.7,,,,,,,False,2025,4,April,FY2025-26
2025-04-14,3.5621,82267.418053253,206.38585,60570.45518678,0.55,19.77,5826.86,70514.53,137.17,15907.33,61.7,1078.49,18.86,2284.57,129.33,219.39,76.2375,2573.233717,0.92,1200.09,35.34976,1450.9345908,45.05664,2353.4723451,24.16731,694.4881509,10.17667,310.6844279,4.2681,29.0997016,1.19772,47.7670364,79.9,3472.1,28.47,773.53,,,,,,,False,2025,4,April,FY2025-26
2025-04-15,13.85328,1031902.457023342,276.24443,191553.526336803,0.58,20.85,6089.39,83768.29,151.0,22512.24,211.12,8446.05,151.74,14192.09,123.39,215.7,87.99397,3124.9460091,39.48,42451.61,59.41343,2678.47682,79.7178,5110.766092399999,40.11936,1187.8857546,16.71009,582.3471016999999,5.4894300000000005,22.2834427,1.4649800000000002,87.27921079999999,94.17,4237.52,32.22,875.53,0.10213,942369.1987576998,0.183145,612379.1,0.00449,33085.0,False,2025,4,April,FY2025-26
2025-04-16,11.90103,817962.078982062,281.11755,175757.973941542,0.61,21.18,6063.92,82446.94,149.62,21881.24,222.37,8327.86,21.58,4848.2,124.24,220.86,85.25368,2909.6395394,28.33,34038.26,30.64075,1426.9876526,43.448,2953.9838161,24.76743,719.6730186,10.36877,389.8672286,6.64262,21.6779591,1.33684,83.18533810000001,93.37,4204.18,32.75,867.21,0.0866,916796.8779972,0.16674,537188.23,0.0051,31568.37,False,2025,4,April,FY2025-26
2025-04-17,11.84386,893579.7372916141,273.698,257438.971191523,0.64,21.32,5983.05,79567.11,147.63,21343.96,151.32,8542.27,17.63,4036.35,129.05,229.31,82.72659,2893.9027027,22.96,30694.46,31.17121,1433.9654314,42.84673,2809.5972064,24.46476,694.1633479000001,10.06502,377.1366577,6.62148,23.6404909,1.10795,62.7489939,89.04,3994.35,32.6,840.19,0.10175,897339.3265694,0.18183,575782.9099999999,0.00314,20309.870000000003,False,2025,4,April,FY2025-26
2025-04-18,4.40256,73792.22513102,194.16145,57915.815444971,0.67,22.85,5781.75,67342.78,129.54,15659.83,13.03,2486.5699999999997,30.24,2349.23,137.61,240.6,74.1996,2446.2129165,2.47,3382.57,26.14183,1129.10214,32.37457,1784.1712574,19.04356,548.6242706999999,7.390130000000001,247.95555030000003,6.47065,25.1714772,1.34133,80.7439874,80.75,3501.24,30.05,782.4,,,,,,,False,2025,4,April,FY2025-26
2025-04-19,10.49884,298919.74023541994,226.83533,95072.2770127,0.61,20.18,6039.46,74613.71,140.91,18841.76,162.26,7770.41,10.99,3831.68,136.22,236.6,76.11532,2806.7390974,25.45,30138.3,29.99229,1248.4150447000002,32.548700000000004,1906.5922124,22.08547,637.048859,7.501149999999998,269.28782770000004,5.03377,24.1367113,1.29288,80.2571568,87.5,3865.68,29.27,771.01,0.00141,9605.45,0.0,0.0,0.0,0.0,False,2025,4,April,FY2025-26
2025-04-20,1.34599,17060.044915342,157.73277,19540.067308912,0.61,18.709999999999997,5878.92,60985.01,122.27,11497.17,21.82,594.39,19.51,3456.89,139.1,235.81,64.58222,2383.7020519,,,29.22738,1169.5871433999998,32.70075,1464.6986354,19.60569,521.9468271,6.68382,204.081639,4.994149999999999,17.601343200000002,1.04243,56.5767296,80.94,3246.78,23.92,602.29,,,,,,,False,2025,4,April,FY2025-26
2025-04-21,11.59527,729964.937645295,268.15299,140759.78822526202,0.62,19.73,5892.08,79430.34,146.15,21070.12,98.03,8335.18,57.91,5563.79,127.64,216.61,84.0931,3676.1631809,24.48,27561.09,60.67305,2811.1926359,79.98062,6550.832520399999,36.4342,1094.5537358,15.54986,584.8349574,4.06285,23.1139598,1.16209,64.1189911,83.44,3648.93,29.4,783.98,0.06735,883184.2691005,0.18876,562702.19,0.00595,39139.16,False,2025,4,April,FY2025-26
2025-04-22,11.15076,694318.725025981,253.41897,138370.975984654,0.61,19.37,5820.08,75876.17,142.51,20612.75,78.48,8890.15,28.14,4880.34,121.56,216.74,77.25129,3414.0772187,21.54,26389.48,30.56171,1491.8702219000002,43.67854,3090.0208781,23.22527,658.7014752,9.58509,386.8567528,6.599559999999999,25.4648483,1.50118,98.4908752,79.77,3479.59,27.1,728.11,0.11504,911107.1157641,0.16283,494599.76,0.00531,35811.93,False,2025,4,April,FY2025-26
2025-04-23,10.65477,677686.2614846929,262.803,128452.20623304,0.62,19.9,5822.96,74632.32,139.34,20026.38,181.19,10626.53,11.84,3473.62,124.55,223.51,74.17662,3448.234914,19.17,25592.04,30.97097,1534.5444675,42.66083,3029.2314164,23.29014,678.0196207,9.22485,365.3250947,6.62718,25.4607265,1.2191900000000002,71.3986294,79.15,3433.0,27.13,746.86,0.11202,898594.3046903998,0.16069,487095.78,0.00583,40916.15,False,2025,4,April,FY2025-26
2025-04-24,10.65387,651441.995765995,253.16364,142084.490163149,0.67,21.56,5801.95,73457.31,138.96,19977.01,109.85,9933.0,11.81,3502.2,123.66,226.55,73.68111,3308.8151221,18.36,24689.02,30.98734,1545.4998738,42.66563,3034.4192964999997,23.08414,662.4418296,9.39331,358.8776057,6.489890000000001,21.8354952,1.49779,96.84972029999999,78.24,3385.41,30.01,862.82,0.12325,938874.8619296,0.15521,531892.3799999999,0.00783,39941.37,False,2025,4,April,FY2025-26
2025-04-25,11.32959,839118.5228633448,260.81913,163991.185716394,0.66,21.389999999999997,5850.48,74213.96,143.04,20809.31,208.74,16699.55,53.2,6460.6,130.1,234.85,73.67595,3553.8362405,19.85,25991.95,32.14837,1547.5098058,43.41887,3148.0124137000003,23.31432,664.3347716,9.48846,365.0074559,6.440289999999999,19.4699814,1.24549,79.14769329999999,79.38,3423.72,29.74,843.61,0.11703,934263.9866419,0.161665,491862.9900000001,0.00535,30015.0,False,2025,4,April,FY2025-26
2025-04-26,3.39812,39560.799994106,176.55415,36667.833874489,0.7,24.229999999999997,5831.23,69855.94,135.52,17174.29,82.31,2808.8,7.99,699.79,136.35,240.49,68.13717,3116.012639,,,30.58039,1350.2271656,33.48234,1976.7779641,21.01952,606.0667399,7.29788,246.106202,6.15842,16.2580321,1.03369,50.2841993,80.15,3502.29,30.76,892.12,,,,,,,False,2025,4,April,FY2025-26
2025-04-27,1.29274,14337.736848932002,154.87178,18703.209488816,0.65,20.76,5784.71,57359.23,122.73,11382.92,5.7700000000000005,438.87,7.38,796.55,130.15,232.91,58.75802,2406.8271985,,,29.99141,1239.6206908,32.43209,1383.217027,19.63874,533.3349748,6.62087,189.4828358,5.00385,21.590562,0.78233,30.0463368,75.64,2992.71,23.61,648.42,,,,,,,False,2025,4,April,FY2025-26
2025-04-28,13.93569,870076.265991185,302.84906,179280.032540624,0.74,24.56,5832.17,79646.93,150.96,23050.16,239.76,15704.19,80.46,6104.69,122.3,215.2,76.81223,3997.3744631,31.14,35107.56,52.11726,2489.2910945000003,67.40432,4338.904023,31.98823,954.6302525,13.51149,504.8721587,3.89357,22.2086266,1.10317,59.3374831,82.8,3676.81,32.65,949.17,0.09332,885072.1705926,0.169285,514950.15,0.00377,22365.0,False,2025,4,April,FY2025-26
2025-04-29,12.34201,835507.941951248,290.60356,191020.364631641,0.74,24.29,5879.09,81121.96,153.71,23935.02,136.37,10837.63,15.19,4611.94,126.44,225.13,78.80687,4636.1354193,21.43,27902.56,30.8588,1581.5253372,45.65380999999999,3471.9217258,23.008329999999997,672.7599954,10.16316,437.2255056,6.49262,21.4653532,1.1429399999999998,67.47199260000001,84.75,3770.29,32.02,921.6,0.08701,862920.9801731,0.157955,509374.64,0.00539,37809.53,False,2025,4,April,FY2025-26
2025-04-30,12.40103,1031763.6119109088,424.36039,289333.308916792,0.7,21.94,6159.91,101526.8,167.43,28861.71,380.2,18020.15,20.28,4980.0,135.27,233.44,97.95857,6985.6811823,18.6,24329.05,32.892739999999996,2218.0754397,45.00845,4223.217670800001,25.35711,1193.8224952,10.81763,521.8900120000001,6.39706,19.6190875,0.9401,48.9670207,97.97,4655.88,29.78,844.11,0.12582,932666.2688129,0.27347,2340792.5,0.00611,42987.16,False,2025,4,April,FY2025-26
2025-05-01,5.45755,128502.908111936,304.59326,117449.957308864,0.48,18.9,6270.44,96949.94,171.11,24668.1,106.8,6341.04,34.07,3764.66,136.51,236.9,94.61899,5926.9267965,7.05,10847.64,26.58281,1391.1226968,40.1224,3375.3149501999997,21.02277,691.6181716,8.93564,374.2497951,6.28411,15.2627484,1.2472,77.1310069,97.53,4741.45,35.88,1049.58,,,,,,,False,2025,5,May,FY2025-26
2025-05-02,11.48058,876911.638763122,333.79662,174000.486142299,0.5700000000000001,22.72,6372.71,100248.07,165.88,25877.73,174.72000000000003,11731.6,110.35,9789.43,125.5,222.29,97.05589,6088.7460763,21.9,28979.32,41.07796,2405.2259909000004,62.285120000000006,5459.0181397,30.03687,1029.2562573,13.38548,595.4740956,5.5649,14.7128605,1.13285,60.4261946,100.05,4990.1,39.97,1175.96,0.0895,874297.6681898,0.18346,601878.58,0.00524,27885.0,False,2025,5,May,FY2025-26
2025-05-03,9.04553,239779.02498645103,277.62263,102511.447475068,0.54,21.58,6381.16,95776.08,160.62,23617.27,362.05,11124.73,166.07,12982.86,132.98,229.1,94.42655,5612.0716628,19.16,24652.8,28.887010000000004,1413.3738993,39.58622,3112.8257942,22.70605,661.226583,9.23336,346.8805271,5.954289999999999,15.754305,0.8082,33.9155824,103.65,5106.0,39.78,1131.65,0.00128,13460.66,0.0,0.0,0.0,0.0,False,2025,5,May,FY2025-26
2025-05-04,1.44778,17683.163988682998,164.98345,23330.624955297,0.59,21.59,6276.41,78825.85,149.25,16166.9,2.9299999999999997,517.2,67.06,5983.12,139.44,235.45,79.52166,4297.0237059,,,29.30887,1358.5124853,37.37841999999999,2428.3052762,20.92795,571.4962616999999,7.663100000000002,256.0210943,5.13254,15.6765439,0.90576,35.2272222,92.24,4108.88,36.47,1014.51,,,,,,,False,2025,5,May,FY2025-26
2025-05-05,11.57919,747631.02864482,313.42109,154683.211029447,0.5700000000000001,21.29,6295.88,99229.03,167.81,25901.93,334.51,9266.46,299.74,32665.39,126.48,215.37,102.53098,6040.6848613,22.47,25726.91,50.69557,2743.3130475999997,77.09819,6296.601191399999,34.2771,1026.8903802,15.36813,627.0912486999999,3.95507,15.779996799999996,0.85022,32.8584054,99.25,4764.36,42.18,1181.76,0.08691,888108.7724746,0.20148,613820.3899999999,0.00286,24747.2,False,2025,5,May,FY2025-26
2025-05-06,10.85583,747252.081217132,350.76055,150803.816219572,0.58,20.91,6084.19,89592.71,156.56,23654.59,226.14,10094.78,36.86,5819.41,123.57,217.34,94.91356,4984.6699558,20.37,25140.47,30.12697,1622.0590650999998,47.06363,4009.5836384,24.164010000000005,684.3639648000001,10.34191,438.0765279,6.46449,16.9714254,0.79511,27.7666156,95.86,4586.35,38.9,1047.61,0.10672,905057.8118012,0.227495,624285.81,0.00456,33777.4,False,2025,5,May,FY2025-26
2025-05-07,10.49456,715002.8989319659,360.73234,151172.23142126398,0.6,22.139999999999997,6156.02,89345.34,159.53,23269.95,184.51,7305.45,103.17,11479.44,123.63,220.89,93.2762,4775.5354991,18.87,24081.0,29.76111,1577.7242818000002,44.58306,3754.0481487,24.204,691.2377538000001,10.01851,405.2482774,6.34044,19.8057897,0.81051,28.4939195,100.86,4952.35,41.15,1097.64,0.08212,877976.9543115,0.173205,540209.92,0.00711,31775.0,False,2025,5,May,FY2025-26
2025-05-08,10.30124,659022.585807343,302.1474,149160.0929628,0.66,24.040000000000003,6220.41,88440.61,156.89,22669.22,323.55999999999995,9774.29,49.02,6043.08,125.92,224.25,93.80514,4804.2640648,18.24,25168.55,30.101909999999997,1581.5572629,44.31487,3674.9959938,24.35805,687.5375311,9.88483,398.2496675999999,6.0727400000000005,17.262345,0.74034,24.8429026,104.17,5046.19,41.58,1144.14,0.10633,920844.7695001,0.166195,502866.69000000006,0.00984,76850.0,False,2025,5,May,FY2025-26
2025-05-09,10.99108,827751.425665137,321.13858,159528.395878244,0.7,25.89,6130.56,86292.19,156.6,22547.41,191.49,8253.09,44.66,5543.35,129.2,226.54,88.59639,4305.2766317,17.61,23128.41,31.93735,1576.2205319,43.109849999999994,3442.9849113,24.93579,704.6401373,9.44866,376.6789448,6.21696,19.4329248,0.73748,22.4659233,105.54,5156.51,40.64,1146.75,0.13248,958079.0068,0.174415,505023.41,0.00597,55020.0,False,2025,5,May,FY2025-26
2025-05-10,3.3048,40005.000042543,196.30172,40632.504395245,0.71,26.9,6176.41,83538.15,149.7,18864.66,36.89,1486.08,118.07,18533.66,140.56,242.64,85.39058,3890.2855679,,,29.27468,1280.9226986,32.24364,1902.8865901,22.01003,628.8379941,7.18077,249.4974548,6.0505,18.3985128,0.66569,17.0214668,102.63,4954.43,39.82,1122.22,,,,,,,False,2025,5,May,FY2025-26
2025-05-11,1.27215,14469.54882071,159.97221,21309.116324706,0.64,22.02,6023.18,65341.59,126.85,11968.05,0.55,195.01,11.86,1454.92,134.84,230.02,70.78081,2650.0531991,,,28.43088,1161.2755898,31.76707,1403.962085,20.08038,537.4513916,6.659590000000001,195.3755162,4.558789999999999,15.3994636,0.69582,14.9698612,87.19,3743.87,29.38,777.26,,,,,,,False,2025,5,May,FY2025-26
2025-05-12,8.61275,206108.559263374,244.48175,95674.40384405601,0.66,23.77,5586.78,78333.03,148.45,20548.08,135.32,3535.3900000000003,95.75,5045.18,125.89,213.38,88.34254,3773.6708679,15.93,17113.51,23.52108,1052.6969498,31.29873,2016.0678606,22.481219999999997,607.923102,7.50405,277.6618507,3.48035,14.2354188,0.6718,19.9089622,90.99,4093.98,36.1,980.08,,,,,,,False,2025,5,May,FY2025-26
2025-05-13,13.16467,927136.3875256111,291.14557,164593.308682542,0.64,22.7,6050.66,84780.86,151.3,22066.17,71.82,7377.31,17.94,4879.65,121.53,215.06,96.01392,3929.4392367,31.13,32445.08,56.19567,2630.1848661,77.35713,4873.405081,37.24747000000001,1074.9777273,14.81383,564.0287474,5.533200000000001,19.7897831,0.74207,21.3646334,90.18,4156.97,35.08,979.99,0.08975,861159.3342805,0.19741,595614.9700000001,0.00922,67465.0,False,2025,5,May,FY2025-26
2025-05-14,11.45845,716609.1005649411,268.91763,150415.649050256,0.65,22.68,6097.36,84134.23,152.53,22108.19,79.06,6196.6900000000005,26.47,4904.37,125.68,224.14,88.69361,3434.1540558,22.81,26420.0,29.37079,1380.8337199,42.38166,2855.7256687,23.55696,667.1770974,9.58245,396.1062395,6.54194,16.1814334,0.73706,20.29569,90.46,4146.77,33.77,947.22,0.09289,849304.6099087,0.147095,502805.2,0.00656,49765.0,False,2025,5,May,FY2025-26
2025-05-15,11.13326,770230.927253167,274.36961,157574.77264450802,0.65,22.32,6064.93,83793.22,148.61,21745.28,324.23,9384.49,141.43,13759.74,126.81,228.91,88.96389,3406.4949117,21.15,25866.62,29.66933,1373.9904941,43.13683,2794.5748445,23.3518,685.9957793,9.793529999999999,394.1420106,6.38655,17.069740399999997,0.69428,19.3116962,90.64,4063.93,34.44,933.22,0.13259,916283.2382189,0.178515,537160.99,0.00979,79075.0,False,2025,5,May,FY2025-26
2025-05-16,10.68624,823099.857401794,272.37962,156962.469759647,0.6900000000000001,22.28,6031.17,78259.65,143.51,20345.93,130.63,7545.3,20.07,3760.9,130.64,235.93,82.7965,3131.2240772,18.99,23996.84,30.96414,1405.8881563,43.87576,2795.5435933,23.5345,682.9822149,9.707550000000001,382.8210702,6.40041,17.2561618,0.70221,25.9200227,86.16,3797.12,36.06,928.88,0.11486,906036.4708396,0.163845,520379.25,0.00558,52740.0,False,2025,5,May,FY2025-26
2025-05-17,8.7274,210641.220745716,224.24256,82125.63172592901,0.71,22.44,6058.72,75787.32,137.53,18346.27,111.96,5471.92,9.86,3932.46,139.3,241.59,77.41911,2701.504155,17.06,21620.54,28.642859999999995,1174.1207759,32.662789999999994,1819.5708447,20.72099,590.8103762000001,7.38914,259.9684194,6.29026,17.5231681,0.64716,24.4299515,85.07,3771.47,33.09,856.87,0.00093,6814.53,0.0,0.0,0.0,0.0,False,2025,5,May,FY2025-26
2025-05-18,1.30781,14802.22067996,161.05218,19778.976261324,0.65,19.26,5950.87,60347.3,125.28,11279.79,9.59,493.3,11.11,1452.55,140.47,238.37,64.39629,1977.6507833,,,29.05674,1114.2920147,32.15442,1276.7976844999998,19.383609999999997,514.8967110000001,6.50875,190.9634752,5.14386,15.3612373,0.62932,16.4399105,79.57,3196.55,25.32,628.86,,,,,,,False,2025,5,May,FY2025-26
2025-05-19,11.36829,766736.4368719871,274.97712,133983.597434918,0.6900000000000001,20.76,5948.07,80321.57,150.37,21142.41,160.83,6100.82,19.94,3413.88,126.78,217.5,86.09402,3377.5399162,19.86,22196.0,49.06486,2182.1315107,67.91209,4140.3167187,30.63561,908.7457703,13.07666,494.10285739999995,3.94656,16.529816500000003,0.6833400000000001,23.3975403,81.87,3580.06,33.88,884.75,0.10629,864392.7955198,0.154425,488567.45,0.00446,43985.0,False,2025,5,May,FY2025-26
2025-05-20,10.92116,728168.927352951,255.94536,137109.92688006102,0.6900000000000001,20.61,5844.7,78514.86,150.22,21024.04,63.61,5338.4800000000005,71.39,8009.13,121.97,217.37,81.47651,3634.2610942,20.72,25920.54,29.3243,1360.1534218000002,43.62859,3573.9639872,22.20176,611.1095213,9.40053,378.04656710000006,6.43185,17.996209699999998,0.66706,21.9822757,77.84,3397.96,31.78,822.86,0.07874,827364.5637068,0.145225,464725.57,0.0042,22520.0,False,2025,5,May,FY2025-26
2025-05-21,10.35443,640839.085953619,336.93303,128845.883290228,0.66,19.72,5910.06,77375.62,147.34,20545.39,80.35,7138.04,23.1,4647.09,125.19,224.53,78.19869,3563.5276207,18.08,23436.44,30.06104,1387.3506706,43.6323,4205.7047572,22.701870000000003,621.0630114,9.25915,369.9321094,6.47321,17.1600619,0.64194,19.1450773,77.88,3371.96,30.14,785.92,0.08968,834414.2876534,0.154925,454046.09,0.00336,24427.05,False,2025,5,May,FY2025-26
2025-05-22,10.04895,728051.768524445,244.17418,127092.84367973502,0.6900000000000001,20.25,5895.76,75556.0,146.77,20153.52,67.87,5114.860000000001,25.69,4290.03,126.84,227.29,75.54449,3360.5637134,17.37,22220.22,32.71925,1521.957465,44.42572,2937.3845629,23.2295,639.3668729999999,9.22081,370.3627809,6.369,18.269372599999997,0.6395200000000001,19.0715341,77.61,3340.59,30.39,798.66,0.11725,903668.4096287,0.133855,423523.37999999995,0.00414,37685.0,False,2025,5,May,FY2025-26
2025-05-23,10.84964,845288.673815816,260.24903,153098.025698934,0.64,19.0,5917.59,73524.04,147.97,20444.01,116.13,8936.96,13.69,4052.63,132.6,234.91,74.72003,3570.5678433,17.47,22481.75,32.52405,1520.9168241,43.91985,2942.1798466,22.59139,625.8891456,8.96815,357.8583601,6.1753,16.8414587,0.64444,8.6645885,75.97,3244.65,27.85,737.29,0.08756,846679.9789788,0.13414,429685.4,0.00577,37526.8,False,2025,5,May,FY2025-26
2025-05-24,3.20021,37077.148170847,174.08112,33965.946352821,0.67,20.81,5854.68,69120.98,140.12,16417.8,95.05,2517.21,6.26,717.7,143.16,246.63,69.5542,3007.3784621,,,30.49231,1290.4819385999997,33.06073,1812.2196272,20.125829999999997,562.8406718,6.88759,236.2502866,6.27856,17.7998827,0.63464,8.4471377,76.68,3303.96,27.12,733.02,,,,,,,False,2025,5,May,FY2025-26
2025-05-25,1.19749,13421.179183494,157.61311,18514.345987306,0.67,19.08,5835.6,58284.01,127.58,11003.42,2.7300000000000004,237.86,16.36,1841.44,139.72,238.69,61.16552,2471.3985814,,,30.118160000000003,1197.5728958,32.516799999999996,1456.8770552,18.75242,481.6726028,6.203679999999999,185.8294309,4.93269,14.8463239,0.58708,6.522219600000001,73.11,2850.16,23.67,588.91,,,,,,,False,2025,5,May,FY2025-26
2025-05-26,12.45903,739225.219357844,261.05365,160798.620361524,0.66,19.75,5785.37,76999.96,149.98,21220.72,99.78,6303.73,50.27,5287.89,126.14,217.72,75.96346,3703.0845559,28.3,31424.41,51.65938,2373.9944436,68.75166999999999,4235.479604,29.90378,855.3939871,12.46406,481.6330091,4.13314,17.2493857,0.6320399999999999,9.0451147,74.79,3227.19,27.36,743.77,0.08183,836954.6430086,0.0,0.0,0.00322,28265.0,False,2025,5,May,FY2025-26
2025-05-27,10.97104,806473.943327631,244.02946,133111.312159705,0.65,19.66,5775.12,74452.63,143.83,20638.01,96.2,6573.81,16.2,4225.83,123.94,220.86,73.9385,3594.3469202,20.72,25076.17,30.00107,1425.1487908,42.85546,2904.4652134,21.588520000000003,575.9383537,8.89779,367.2621415,6.3032,18.7068431,0.6790200000000001,9.4264153,75.21,3226.94,26.87,726.5,0.08657,840768.0269365,0.347695,767391.6499999998,0.00442,35220.0,False,2025,5,May,FY2025-26
2025-05-28,10.766,798720.5410662579,261.86422,139998.761335639,0.65,19.11,5817.54,75951.73,144.8,20842.62,67.47,6002.13,71.78,5846.22,130.12,228.91,74.11524,3821.9885775,18.3,24026.76,30.94585,1478.734963,43.28988,2977.8938299,22.448269999999997,622.6765804,9.27093,377.462099,6.30974,17.057200700000003,0.65364,8.879504299999999,77.48,3343.13,25.51,688.72,0.07022,821418.7719572,0.159605,493466.11,0.002,15935.0,False,2025,5,May,FY2025-26
2025-05-29,10.43263,763603.017249676,251.90591,150393.441035083,0.61,18.0,5793.6,76027.13,147.31,21809.38,111.28,8465.539999999999,9.19,3221.47,129.11,232.7,74.77616,4265.1518027,16.64,21896.18,30.862499999999997,1524.5499711999998,43.21469999999999,3130.1811492999996,22.38566,628.1677609,9.10604,391.0043292,6.21177,17.464427299999997,0.6555799999999999,11.0466449,73.91,3207.19,24.07,655.93,0.09764,829425.2261989998,0.151695,454557.32,0.00252,19275.0,False,2025,5,May,FY2025-26
2025-05-30,11.35457,1121394.0483285538,378.29824,259801.03962137597,0.63,18.729999999999997,5992.32,86128.51,153.23,25046.57,124.28,13281.64,13.04,3744.98,129.9,236.04,86.16407,5937.8753095,16.99,22397.63,30.90493,1561.6690532,44.44567,3470.3031682999995,22.329649999999997,627.8263961,9.42297,446.664948,6.183189999999999,18.7140147,0.69117,10.565831,81.05,3692.04,24.47,670.89,0.08506,899202.7865246,0.24513,1843608.93,0.00414,27670.0,False,2025,5,May,FY2025-26
2025-05-31,9.46492,342130.526605727,292.28659,144682.076798867,0.62,18.73,6176.33,93024.8,159.07,24933.98,137.4,6259.66,23.18,4442.23,139.89,245.84,87.80378,5683.0548737,14.74,19975.0,28.90841,1375.2502416999998,33.99593,2584.1737804,21.30418,620.078401,7.37123,357.4663251,6.26138,20.7443071,0.6585799999999999,10.1428927,94.27,4528.37,24.53,686.38,0.00154,19102.45,0.0,0.0,0.0,0.0,False,2025,5,May,FY2025-26
2025-06-01,1.45512,19545.258565825,184.12732,28618.771219371996,0.34,12.93,6443.07,82861.02,146.85,17668.1,7.66,1355.06,25.64,2954.07,141.51,244.79,81.35577,4954.965818546,,,29.791189999999997,1324.4721532,35.65726,2153.1653695,21.513299999999997,589.8201357,7.60467,301.67422600000003,5.19305,14.3846347,0.6184499999999999,6.8536612,93.4,4221.69,21.05,586.72,,,,,,,False,2025,6,June,FY2025-26
2025-06-02,10.82867,875299.876155889,391.36457,194918.822171673,0.39,16.14,6502.55,106309.47,177.47,26890.19,139.43,7454.27,115.23,9805.03,128.87,222.7,97.79915,6019.996505643,19.35,23885.47,52.18720999999999,2709.9782837,73.42679000000001,5750.8864117,34.19358,1024.9035099,14.37211,689.8338842999999,4.015280000000001,18.2361876,0.6964699999999999,8.3475903,100.82,5046.46,27.41,816.57,0.08729,852493.396001,0.15637,555695.8,0.00331,23165.0,False,2025,6,June,FY2025-26
2025-06-03,10.25712,708385.396133346,285.15003,139110.865360981,0.4,16.42,6487.37,97443.74,164.0,25095.03,187.26,7725.85,172.3,13558.9,124.12,221.88,98.59328,5734.155375051,18.82,25379.8,30.30802,1659.6833981,47.80882,3877.3051474,24.41652,680.0824366999999,11.24425,489.6906648,6.26376,17.7627109,0.65847,8.756003100000001,97.01,4799.89,27.32,796.79,0.07575,810680.6268070998,0.1659,566274.4700000001,0.00368,33950.0,False,2025,6,June,FY2025-26
2025-06-04,10.16071,725690.160862719,286.09103,137625.28249701898,0.42,16.71,6375.92,98723.85,173.19,25963.07,295.71,6717.900000000001,76.18,9177.06,129.49,228.08,94.92596,5708.504898757,18.06,24074.01,30.859069999999996,1688.9881805,46.80947999999999,3916.354006699999,24.5711,695.9533747,10.28988,452.5228447,6.51489,17.296331000000002,0.68038,7.2307414,97.86,4753.42,28.75,806.38,0.07469,792312.9196422,0.16605,533312.78,0.00579,46055.0,False,2025,6,June,FY2025-26
2025-06-05,10.11623,812943.9310081911,296.10267,149684.559201883,0.44,16.39,6413.93,96560.1,162.82,24545.67,356.41,8556.0,306.61,34659.24,135.27,233.29,94.56559,5144.359599308,18.9,23430.3,31.17333,1666.9182034,45.38044,3823.3994866,24.673710000000003,705.5402304,9.87827,446.0518066,6.36834,16.8809328,0.6937199999999999,8.5169484,100.16,4787.74,32.45,852.23,0.06947,797392.165,0.12748,501382.62000000005,0.00729,76286.3,False,2025,6,June,FY2025-26
2025-06-06,10.62658,931630.073626623,384.08365,176362.716680469,0.48,17.689999999999998,6583.48,93649.21,159.14,23207.34,139.13,7479.11,28.58,5852.82,137.68,233.56,93.87568,4810.894005085,17.82,22914.43,31.31359,1586.9347812,42.53383,3460.4319085999996,24.19863,677.6889546,9.174959999999999,403.6261497,6.4399,18.123155200000003,0.68086,8.3548128,105.3,5001.53,35.73,922.09,0.07934,845550.7698076,0.16231,546925.06,0.01193,115615.0,False,2025,6,June,FY2025-26
2025-06-07,3.42316,56904.64798959401,251.15976,56137.406861785,0.45,17.669999999999998,6068.29,75791.75,137.19,16857.54,42.010000000000005,1846.21,94.59,9251.95,135.95,224.34,84.12342,4309.6010905,1.85,2476.27,28.88052,1292.242989,33.790749999999996,2313.1671128,20.44999,574.1442897,7.00424,272.0953665,6.0986,16.018825,0.61412,7.4002964,94.65,4369.08,27.17,726.36,,,,,,,False,2025,6,June,FY2025-26
2025-06-08,1.19957,15206.602858541,157.54304,21326.629208319,0.47,16.68,6015.04,63812.4,120.72,11619.85,5.46,200.02,29.47,2436.97,142.21,225.77,71.98416,3167.990577428,,,29.10689,1208.5237029,30.64696,1655.5491868,20.56196,537.2242249,6.56466,213.0852374,4.28586,12.7611955,0.6093999999999999,6.521937899999999,88.69,3772.38,25.12,649.39,,,,,,,False,2025,6,June,FY2025-26
2025-06-09,12.15024,872979.252363033,308.85526,151954.81309711398,0.5,18.57,6231.65,91121.07,157.23,23749.97,155.17000000000002,5252.799999999999,44.54,5546.31,127.95,211.21,92.98604,4370.474178325,27.96,29893.35,51.70994,2553.5133401,70.32834,5237.5941317,33.93061,1002.2076199,13.57793,589.5070939,3.8267,15.0114904,0.66449,7.5734337,96.69,4520.99,33.92,910.67,0.12612,902571.778,0.169075,540978.44,0.00697,68345.0,False,2025,6,June,FY2025-26
2025-06-10,11.11073,839447.522168268,296.82897,151441.1435191,0.52,19.48,6342.94,91838.53,158.6,23107.3,134.47,7268.97,206.82,26525.49,125.25,217.46,95.62579,4480.570922099,23.43,26394.29,29.472019999999997,1476.6914811,45.64913,3156.2177556,23.11012,651.7242917,9.66886,423.0643591000001,6.5008799999999995,16.0668093,0.67682,8.5049264,97.89,4620.13,32.55,895.65,0.08785,840261.5274311,0.13216,463373.13,0.00952,110415.0,False,2025,6,June,FY2025-26
2025-06-11,10.33408,771029.4715795651,382.20032,141600.117121056,0.56,20.71,6266.08,87210.64,154.14,22069.18,282.69,7345.52,22.86,4387.54,127.66,225.37,92.65687,4114.044589204,19.51,28413.08,29.51411,1463.7203490999998,43.156679999999994,3100.4015192,23.01642,655.6519959999999,9.50925,424.6016985,6.364650000000001,15.5259582,0.6937599999999999,9.7150326,93.85,4364.71,33.1,917.55,0.08184,846101.0778026,0.14151,428665.64,0.01262,94305.0,False,2025,6,June,FY2025-26
2025-06-12,10.11303,751288.9218204292,260.26173,147008.286688478,0.62,22.33,6134.45,82500.72,150.47,20954.3,139.72,5792.74,28.53,4312.38,125.58,227.29,89.58048,3728.953155511,18.99,22841.99,29.11097,1431.0250422,42.6988,2999.465395,22.67797,645.7932437000001,9.24661,405.5496871,6.39576,14.30898,0.6884899999999999,10.1952401,88.85,4073.46,35.03,982.48,0.08362,897159.0815926,0.132055,434992.5,0.00653,39931.98,False,2025,6,June,FY2025-26
2025-06-13,10.94602,969777.7721402668,292.2995,189807.197857603,0.64,23.290000000000003,6133.8,79449.86,147.95,20790.68,265.06,13672.18,19.2,4403.6,130.03,233.47,85.15177,3249.713660469,18.55,23015.22,30.13573,1406.7937955,43.00763,3034.7846105,22.76015,641.1378163,9.26887,399.5472575,6.37521,14.6278297,0.70382,10.0085567,86.8,3938.55,34.46,974.3,0.08884,862517.637,0.152805,503524.84,0.006,38269.0,False,2025,6,June,FY2025-26
2025-06-14,3.27456,39019.077751562,183.17653,36794.108683999,0.7,27.8,6129.77,74677.34,137.29,16854.43,54.57,2087.17,14.75,1458.41,137.1,238.87,76.27176,2811.328892295,,,29.12885,1218.0210633000002,32.30419,1806.5481701,20.76518,588.9892798999999,7.066530000000001,257.9164747,6.35816,16.5761028,0.6083700000000001,7.0653539,86.21,3893.13,35.64,1032.18,,,,,,,False,2025,6,June,FY2025-26
2025-06-15,1.22288,15814.664978745,152.44279,19135.496737256,0.64,21.950000000000003,6056.44,62265.9,125.79,11451.33,116.03,1370.46,73.24,8864.15,136.26,233.87,67.12269,2193.174023948,,,28.9811,1107.9129845,33.275130000000004,1406.2624769,19.4447,505.97443179999993,6.64763,217.4637724,4.7980100000000006,13.6163177,0.6227199999999999,5.8031379,83.04,3361.61,29.65,777.21,,,,,,,False,2025,6,June,FY2025-26
2025-06-16,12.57277,888966.191969616,319.18943,176028.166736939,0.7,24.819999999999997,6049.52,82363.95,156.47,21849.16,288.85,7643.88,83.32,6508.29,122.57,212.26,91.99423,3410.052003388,30.59,32575.95,49.06872,2161.2955371999997,68.01461,5051.420515100001,31.059850000000004,903.2379432999999,12.89372,521.2440649,3.87714,14.4674081,0.69274,9.914826300000001,87.23,3790.29,39.54,1069.57,0.08028,865550.4221333,0.16369,526016.53,0.00425,29845.0,False,2025,6,June,FY2025-26
2025-06-17,10.83494,781874.1958689708,260.14389,138184.062563301,0.77,27.15,5975.23,77388.82,150.31,20533.2,210.65,8461.259999999998,28.83,4343.21,118.79,213.11,83.888,3155.8600639650003,21.84,26268.83,28.1762,1253.0548437,42.11426,2816.3515774,21.929309999999997,601.812213,9.05128,383.8277333,6.44115,15.8492812,0.61643,8.747885199999999,81.78,3548.05,40.78,1089.14,0.08552,882000.1263656,0.15971,440711.5,0.00634,37850.0,False,2025,6,June,FY2025-26
2025-06-18,10.37817,691664.947375426,262.29456,134164.757777141,0.89,30.81,6029.92,77121.9,149.54,20236.95,117.63,7319.58,27.8,4934.74,120.39,217.06,81.55535,3113.727206476,18.98,23164.7,28.722590000000004,1268.4570774,40.65009,2682.553679,22.02584,605.3211981000001,8.87083,373.0492518,6.55454,14.239349100000002,0.6549900000000001,8.8682118,80.72,3497.12,43.95,1240.1,0.09285,868319.6351679999,0.145575,439140.57,0.00414,23490.0,False,2025,6,June,FY2025-26
2025-06-19,10.1485,715430.277206241,242.95801,135295.18186676202,0.78,26.7,5909.43,75273.14,147.63,19906.73,107.57,5017.49,14.47,3875.29,119.74,219.9,80.84233,3322.3291762569997,17.19,21890.37,28.82156,1300.5479965,43.73912,3058.3579291,21.44345,582.7388325,9.23681,385.4881526,6.59874,16.3297279,0.67589,9.5098674,76.14,3279.45,37.76,1056.59,0.0787,842130.2830606,0.0,0.0,0.00687,34760.0,False,2025,6,June,FY2025-26
2025-06-20,10.30486,893700.179909644,254.36969,145434.262497379,0.76,25.1,6066.72,74977.8,144.32,19663.57,45.44,4936.91,57.09,7935.15,124.79,225.88,79.2629,3588.899950083,18.69,23087.6,30.52043,1392.1201398,45.345600000000005,3396.7673373999996,22.01085,606.569495,9.19804,387.7702809,6.730250000000001,16.5839581,0.65246,9.1425547,78.37,3356.42,35.44,965.32,0.0875,839958.4188421,0.323715,720791.75,0.00398,23665.0,False,2025,6,June,FY2025-26
2025-06-21,8.11946,247807.68140772797,221.94795,90469.678547213,0.72,23.7,6037.75,72526.08,142.73,17952.94,185.6,9782.150000000001,18.92,4749.88,132.74,233.89,74.61805,3433.755456788,15.99,19984.93,27.878570000000003,1200.6412171,31.41164,1817.441706,19.54229,547.0800082000001,6.611910000000001,261.5809494,6.38973,15.7274186,0.63471,8.9064777,79.79,3391.96,32.54,878.03,0.0011,17453.13,0.0,0.0,0.0,0.0,False,2025,6,June,FY2025-26
2025-06-22,1.21232,14232.712113967998,157.66137,18802.325101423,0.71,20.869999999999997,5910.89,57113.84,123.11,10707.92,3.51,281.38,16.98,1035.46,132.44,230.81,62.07966,2429.894914078,,,30.990349999999996,1234.3342107,34.04557,1484.4725444,19.67907,513.1702963,6.481299999999999,206.1309022,5.436629999999999,15.2842968,0.69251,9.0112983,74.31,2845.61,26.02,663.36,,,,,,,False,2025,6,June,FY2025-26
2025-06-23,10.83572,878190.934923499,251.53856,140914.876606177,0.72,22.5,5926.09,75796.64,148.81,20362.29,160.16,6223.179999999999,19.82,3418.63,120.41,210.76,79.73509,3851.849140488,19.41,22514.14,50.21664,2284.5205530000003,68.14259000000001,5361.9159772,29.80812,868.7714275,12.19761,515.2413629,4.10509,16.1456774,0.7031299999999999,9.6547422,76.09,3203.21,32.76,880.1,0.08364,857335.494,0.134225,454642.61,0.0065,35315.0,False,2025,6,June,FY2025-26
2025-06-24,10.35587,789775.8696071729,241.85831,129605.573295389,0.72,21.94,5858.02,72710.14,146.33,19777.79,104.72,7502.55,12.52,4250.37,118.62,213.87,75.26585,3586.1250342239996,18.57,22843.14,29.122589999999995,1382.9446197,43.59381,2971.3226443000003,21.34202,573.9193936,9.140080000000001,390.9783735,6.59366,16.9006866,0.66088,8.9062385,73.3,3067.75,30.92,824.31,0.07858,850581.27,0.17161,505051.1,0.00798,52330.0,False,2025,6,June,FY2025-26
2025-06-25,10.52498,828484.4604205489,260.31828,152517.178796049,0.7,20.79,5954.44,74007.96,149.82,20893.12,117.06,5694.2,51.56,6477.38,120.82,226.1,77.40219,3871.911047908999,18.54,23390.64,29.336979999999997,1401.7914294,44.54215,3101.2436589,21.4665,582.4907449,9.30798,415.548868,6.666370000000001,16.567749600000003,0.6805900000000001,9.536179200000001,73.8,3087.03,28.97,760.1,0.08889,841841.6477975,0.168915,507704.44,0.00897,69400.0,False,2025,6,June,FY2025-26
2025-06-26,10.56033,891919.500558169,247.37844,155626.82048405102,0.7,20.47,5940.23,74401.66,150.39,21417.24,194.52,7364.38,13.59,3872.3,124.45,243.79,75.71527,3814.720949714,17.43,23244.42,29.57362,1449.6146257,44.35980000000001,3117.5717194000003,21.23774,587.7351284,9.09536,417.3624952,6.752619999999999,16.0233611,0.71256,9.363777100000002,73.39,3107.83,28.46,748.88,0.0787,838097.8393706,0.18062,504154.21,0.00378,32533.9,False,2025,6,June,FY2025-26
2025-06-27,11.61738,1343618.7606017513,281.50441,196390.865660186,0.7,20.06,5982.99,73713.91,149.66,21789.15,117.18,9494.52,20.29,5092.75,128.27,230.5,74.47517,3929.661827444,17.32,24736.61,31.58811,1531.3195777,42.4392,3009.6132127,22.35732,643.5023115,8.59874,390.4987588,6.589009999999999,13.5779712,0.7025,9.785399199999999,76.07,3178.29,28.35,736.65,0.0826,898694.87,0.1639,602133.69,0.00526,34904.4,False,2025,6,June,FY2025-26
2025-06-28,3.62095,47632.277725265005,187.99959,41231.557216968,0.72,21.21,5989.64,70198.78,142.65,17742.78,41.95,1912.03,57.83,2764.96,135.34,238.13,72.70481,3694.930175244,,,30.12345,1339.1863413,35.35634,2143.4891866000003,20.23676,599.0077694,7.95401,319.0928036,6.44516,16.1727687,0.68773,9.3944844,75.61,3229.79,27.29,719.7,,,,,,,False,2025,6,June,FY2025-26
2025-06-29,1.38646,16802.836840918,164.26434,21234.32499871,0.68,17.79,5894.65,58111.17,130.34,11957.85,3.55,262.8,5.67,738.54,136.33,238.27,63.0238,3135.5235699669997,,,29.74347,1245.2472796,33.199940000000005,1651.8403343,18.86537,523.3454284,6.434189999999999,240.3218564,4.9968,14.7713087,0.64856,8.5613467,72.62,2800.86,22.23,546.3,,,,,,,False,2025,6,June,FY2025-26
2025-06-30,15.18453,1577296.170625516,455.40905,347315.707779749,0.73,21.49,6239.76,104009.3,176.09,30741.63,148.74,16413.62,41.16,6765.47,122.17,217.12,107.96143,7703.655114228998,29.64,33756.5,49.99417,2463.6629994,71.34087,5080.6791531,30.77035,955.1637533,13.9537,702.044812,4.05607,15.412431,0.6909500000000001,9.8092933,89.05,4221.52,30.26,821.4,0.07588,897462.507,0.274445,2192671.07,0.00344,24686.05,False,2025,6,June,FY2025-26
2025-07-01,11.64083,1366012.3310530067,418.10119,229348.045078577,0.51,18.67,6535.13,110062.3,190.34,29733.77,312.16999999999996,13764.22,47.35,6735.17,117.42,216.96,104.957,6808.053455,21.03,28444.64,28.649869999999996,1562.6146685,46.49313,4003.2518244,23.14287,653.4921782,10.78534,573.5118977,6.798380000000001,14.545126300000002,0.72527,10.5239078,100.35,5014.91,34.68,984.43,0.07332,930436.9218788998,0.169395,676250.08,0.00457,31865.0,False,2025,7,July,FY2025-26
2025-07-02,10.46746,832144.1527047061,336.20367,148232.617113563,0.52,18.8,6649.96,104976.26,177.12,26353.82,145.13,7436.45,97.76,9441.09,117.28,213.84,101.56595,6472.1634681,19.28,25665.76,28.81206,1569.7214614,46.36774,3999.6966671,24.50123,690.7563983,10.64088,536.6345496,6.89897,13.7294518,0.72048,8.8423514,99.36,4924.25,33.9,942.75,0.08604,904995.7025074,0.149965,585057.44,0.00546,35010.0,False,2025,7,July,FY2025-26
2025-07-03,10.47582,789450.0627833189,288.28735,155656.75568341202,0.51,17.99,6446.99,95041.19,170.38,24593.26,275.95000000000005,6992.88,176.75,13455.03,116.92,215.51,98.45803,5877.6965752,17.97,24543.56,29.57108,1645.5618661,40.48969,3807.7163317,24.1876,682.3014075,9.00038,495.7680721,6.76842,12.985851299999998,0.6654599999999999,8.3772315,93.46,4514.3,33.14,901.51,0.07497,867953.8435408998,0.154455,590973.2,0.00529,29230.0,False,2025,7,July,FY2025-26
2025-07-04,10.3504,786282.594718683,299.77705,157167.541659297,0.5,17.419999999999998,6483.11,92737.86,171.07,24048.39,281.38,10458.42,79.13,9307.32,122.53,223.98,92.66841,5487.3613109,17.81,25323.93,30.2192,1662.2274784,52.70916,4081.8978735,23.642200000000003,678.6503366000001,12.14769,495.1395150999999,6.84712,13.8225864,0.77409,9.2274478,90.24,4248.12,32.18,853.05,0.07408,870229.1001857,0.0,0.0,0.00703,49495.0,False,2025,7,July,FY2025-26
2025-07-05,8.78451,244561.67780445,403.8436,129958.54062033798,0.51,17.78,6561.36,92883.49,163.86,22049.58,189.25,7150.219999999999,283.82,33425.71,129.12,227.06,94.23076,5718.1412358,17.68,21579.22,29.06683,1410.9462734,34.67393,2603.439628,21.62678,642.5868459,7.67981,346.3906781,6.7125200000000005,13.427382,0.68145,8.320799,96.08,4528.02,33.42,848.53,0.00094,8071.81,0.0,0.0,0.0,0.0,False,2025,7,July,FY2025-26
2025-07-06,1.3294,19028.817662602003,169.86056,23299.282679534,0.5,15.98,6234.23,69207.26,135.92,13326.6,3.13,422.82,19.4,2458.61,123.58,214.85,76.95458,3719.93999,,,28.77019,1310.7515114,34.15073,1885.917446,19.7364,567.0309314,6.934419999999999,257.59199060000003,5.454400000000001,14.2925778,0.57804,5.3807758,86.8,3739.15,27.76,666.2,,,,,,,False,2025,7,July,FY2025-26
2025-07-07,10.98086,816106.9129083981,339.33439,155376.471620644,0.56,19.44,6415.8,95194.06,168.03,24276.02,316.71000000000004,7145.14,122.71,11533.73,117.15,200.93,99.53494,5195.5353865,20.82,22949.13,46.899829999999994,2484.0107218000003,65.94788,5345.7134927,31.30074,953.6933347,13.07525,610.0981801,3.99795,12.6648869,0.69182,9.6260231,95.18,4450.27,36.72,949.99,0.0734,853865.7894511,0.298575,812106.15,0.00282,22250.0,False,2025,7,July,FY2025-26
2025-07-08,10.39507,719788.381560083,294.44275,138136.98164641598,0.59,21.15,6481.43,89965.21,162.66,22665.74,103.17,5697.160000000001,67.42,7541.78,114.84,204.94,97.18485,5067.4577364,20.13,24597.15,31.85421,1639.0696673000002,49.919830000000005,3896.5259028,24.58862,697.7604373,10.85629,510.3018175,6.80867,12.3740547,0.69324,9.4203052,96.98,4550.59,37.91,986.15,0.06718,814786.9571925,0.12888,471040.84,0.00275,17360.0,False,2025,7,July,FY2025-26
2025-07-09,8.99265,631540.160477716,280.74062,133486.228372551,0.63,22.57,6381.36,87860.16,161.86,22130.75,120.29,5706.139999999999,36.84,5165.85,115.22,208.12,91.42759,4472.7996334,14.82,20259.16,23.0361,1243.9825433,31.63365,2692.1278181,19.0683,505.8865408,6.939580000000001,343.6180218,6.912179999999999,10.5383851,0.5649200000000001,9.364239,89.33,4143.0,36.66,966.8,0.068,810784.5708662,0.144235,489220.3,0.00367,33951.977360697,False,2025,7,July,FY2025-26
2025-07-10,10.61774,678992.553212427,302.03563,147765.440719137,0.66,22.74,6555.67,90757.83,165.39,22757.54,202.39,8473.189999999999,192.62,24436.75,122.71,217.75,94.18632,4589.7718551,22.06,25752.09,34.62376,1731.6074043,55.27418,3859.6263551,25.7326,752.2171789,12.22441,571.0376607000001,7.08475,14.2271182,0.90429,12.5042656,96.88,4485.56,38.52,1036.28,0.06801,820075.3801439,0.155785,499582.13,0.00204,12886.629064285,False,2025,7,July,FY2025-26
2025-07-11,10.83285,722914.100910687,301.69127,153558.764870947,0.67,23.13,6460.48,85108.8,162.4,21686.86,168.29,6207.12,27.89,5278.79,123.29,222.12,89.93842,3968.3571522,20.07,24842.36,30.344590000000004,1473.7390374,44.87581,3208.4939594,23.72829,673.3405542,9.82568,443.9841531,6.81921,11.7856712,0.75616,11.7784714,93.59,4321.61,41.18,1072.76,0.05991,828264.7884199,0.160405,522274.42,0.00589,42495.0,False,2025,7,July,FY2025-26
2025-07-12,3.19706,36920.445135147995,193.79122,36053.223134315995,0.76,25.959999999999997,6446.34,77724.93,152.06,17366.41,142.2,2544.56,14.79,1555.28,131.84,228.2,81.59912,3511.4349968,,,30.410030000000003,1334.623937,44.94737,3330.9368585,22.1953,642.3106883999999,8.07179,320.4418815,6.97232,13.576151,0.67096,9.9790346,91.24,4158.73,40.91,1049.45,,,,,,,False,2025,7,July,FY2025-26
2025-07-13,1.21299,14057.1659239,172.26702,22645.214220448,0.68,21.02,6348.89,64248.65,134.11,11509.29,2.59,215.16,7.65,666.31,130.03,223.73,72.8641,2749.4024238,,,29.053029999999996,1209.3727573,42.44863,2277.0055961,20.12532,557.0563368,7.29008,256.4638939,5.36574,13.5340337,0.6372,12.0747481,82.13,3392.87,30.88,760.07,,,,,,,False,2025,7,July,FY2025-26
2025-07-14,12.46812,721636.3452704039,342.21352,162441.542578471,0.7,22.24,6286.84,86145.07,162.06,22424.22,146.94,6263.5,31.85,5326.67,114.05,198.63,94.38559,3781.8610831,30.5,31354.27,48.37649,2281.9084304,81.71604,5426.4415812,31.64253,955.8645812,14.61911,646.4215071,4.22848,11.9741407,0.7419199999999998,13.2181878,85.26,3836.68,38.91,981.45,0.08535,848040.1461132,0.123595,456263.74999999994,0.00424,28477.92,False,2025,7,July,FY2025-26
2025-07-15,11.08012,801083.6773147212,290.44175,161093.36359710802,0.74,23.5,6346.66,84602.21,160.44,21457.39,302.27,7715.82,146.35,14758.23,113.48,207.15,90.43956,3595.3799706,23.43,26694.67,27.60032,1294.3409097,47.50899,3202.9247469,22.183490000000003,616.4148828,9.95028,459.4912786,7.191859999999999,12.7245959,0.74301,9.9099909,89.8,3933.9,38.86,958.2,0.06766,824984.179405,0.147225,476493.86,0.00566,50590.61,False,2025,7,July,FY2025-26
2025-07-16,10.60403,817561.3440679391,292.64817,143317.665881505,0.73,23.33,6313.62,81454.6,155.44,21212.1,68.97,4374.84,18.03,4385.28,115.61,211.58,85.77954,3371.6788212,20.53,24589.72,28.33661,1319.4838436,46.00765,3012.5789617,22.48997,626.2193198,9.61601,423.118767,7.29852,14.9304631,0.8099,11.7774655,84.1,3630.86,36.17,885.94,0.07127,819243.1013805,0.13599,452765.21,0.0039,23353.84,False,2025,7,July,FY2025-26
2025-07-17,9.92297,670893.411232666,284.8463,132818.913882049,0.68,21.549999999999997,6182.45,76195.17,152.22,19518.07,112.19,6036.719999999999,11.75,3599.85,114.52,212.75,82.45439,3100.2854153,18.83,22946.93,28.29515,1295.6498184,45.28218,2913.7266883,22.111,614.7142022,9.28861,405.0863713,7.26987,15.0050377,0.87477,12.8098008,79.1,3387.56,33.85,839.4,0.05647,814309.4753197002,0.151745,499223.3,0.00194,24961.72,False,2025,7,July,FY2025-26
2025-07-18,10.43888,873838.185955559,258.33353,154071.248836819,0.7,21.83,6213.91,73841.65,147.02,19151.0,122.81,7262.55,22.03,4650.69,118.27,217.25,78.91108,2964.277659,18.06,22588.6,29.35062,1314.1178149,43.41666000000001,2679.9449522,22.46322,620.464261,9.02063,396.9444589,7.19287,15.1199099,0.91867,13.6830215,77.79,3293.39,32.36,814.06,0.07759,828585.549164,0.156875,528612.25,0.00302,23529.62,False,2025,7,July,FY2025-26
2025-07-19,8.35579,210326.562554389,222.14794,83270.325284313,0.7,22.02,6244.42,72515.93,143.55,18011.16,102.54,5090.61,12.76,3399.55,124.84,222.48,74.75964,2999.0729388,15.99,18632.88,28.51422,1194.0737069,34.78488,1951.8886957,20.96565,585.1824911,7.21528,302.8437853,7.15994,15.7070929,0.81185,12.4490572,80.84,3444.96,31.97,806.63,0.00084,6133.740000000001,0.0,0.0,0.0,0.0,False,2025,7,July,FY2025-26
2025-07-20,1.26726,16699.457600857,163.29764,18975.647555256,0.68,19.61,6252.9,60707.39,127.77,11023.12,2.41,241.6,19.09,3567.66,124.75,220.87,64.58596,2587.2921112,,,29.36006,1166.9032705,33.983830000000005,1428.0762749,19.68734,536.5959453,6.55634,236.1508749,5.85057,13.9627445,0.68885,9.2409111,77.66,3030.41,26.79,648.85,,,,,,,False,2025,7,July,FY2025-26
2025-07-21,10.5908,757418.8541008859,254.77196,128840.882894145,0.6900000000000001,20.8,6126.68,77296.08,154.98,20204.96,117.43,3677.13,70.1,5373.38,111.25,196.66,84.07333,3927.8635837,20.81,23179.85,48.97208,2260.7076546999997,71.79455,6093.8541074,30.64917,907.9265147,13.006340000000002,605.9708006,4.331860000000001,14.3992885,0.95394,13.2112478,76.74,3234.43,32.46,822.2,0.0826,864418.0724013,0.151995,498816.28,0.00284,37040.85,False,2025,7,July,FY2025-26
2025-07-22,10.00392,692395.314499474,246.3721,128229.333161736,0.66,19.8,6096.52,73274.46,149.79,19340.66,62.17,4276.83,27.26,4633.07,111.45,203.56,75.66542,3533.2968241,18.26,22510.84,29.08486,1387.0408023999998,45.02115,2959.4270371,21.8041,579.4245751,9.252189999999999,460.1457164,7.21719,15.6721743,0.86335,13.1473809,73.23,3049.63,29.14,738.32,0.06544,824620.0432402,0.16165,481682.39,0.00366,32546.5,False,2025,7,July,FY2025-26
2025-07-23,9.91599,641260.516280133,258.97979,121671.983758249,0.65,18.88,6094.14,72901.37,150.5,19513.33,56.650000000000006,4634.76,14.31,3817.6,113.34,209.79,74.06974,3625.7618059,17.67,21766.83,28.7501,1390.6830594,44.300830000000005,2902.4370982,21.617779999999996,582.2001462000001,9.078299999999999,432.379288,7.30809,15.6423248,0.87436,13.0184951,73.47,3031.48,27.74,698.31,0.0627,808315.7399698,0.143235,417373.95,0.00479,53625.0,False,2025,7,July,FY2025-26
2025-07-24,9.83347,670168.593963564,242.50062,137952.093444746,0.66,18.790000000000003,6022.45,70319.08,149.33,19510.21,76.59,5911.91,11.6,3684.39,115.94,216.89,72.50195,3416.785289,16.77,20938.68,28.77657,1408.1615038,43.71409,2770.9126443,21.115170000000003,569.6148189999999,8.94464,418.1447214,6.8777,16.0089593,0.88798,13.5948292,70.41,2871.56,26.62,677.38,0.05954,815251.9630596,0.125755,437474.08,0.00295,29050.0,False,2025,7,July,FY2025-26
2025-07-25,11.30138,830804.605115518,259.50018,155114.647134208,0.62,18.139999999999997,5974.38,72926.31,150.5,19903.67,74.8,7976.29,52.41,7401.62,122.07,223.65,74.05113,3685.0827366,18.47,23416.0,29.80373,1440.7852666,43.58237,2880.8240654,21.3938,596.8284771,8.90524,427.5759146,7.35156,16.0666365,0.86684,12.8022499,70.6,2953.25,24.85,641.91,0.06181,803766.4302732,0.133365,451442.3000000001,0.00507,38531.3,False,2025,7,July,FY2025-26
2025-07-26,3.39708,39350.31631002,183.13374,35267.987498365,0.7,20.24,6032.41,67031.53,141.53,15874.33,149.03,2945.19,8.48,717.67,130.89,230.06,67.02195,3143.234458,,,30.20535,1332.0633817,33.99155,1891.7963995,20.16155,584.9606269999999,6.979419999999999,284.6008045,7.31627,17.737258500000003,0.74108,12.1969006,73.92,3088.25,25.39,644.47,,,,,,,False,2025,7,July,FY2025-26
2025-07-27,1.24742,13871.301534759998,160.14012,18106.214068192003,0.79,20.62,6094.34,55840.25,127.18,10359.3,3.86,345.89,6.89,757.96,128.66,223.5,58.41366,2448.6105665,,,28.61192,1197.7724234999998,33.227579999999996,1384.8845279,18.58762,519.3371716,6.314559999999999,218.655839,5.65801,16.3875471,0.67456,9.776594,72.5,2717.07,23.57,559.84,,,,,,,False,2025,7,July,FY2025-26
2025-07-28,12.90758,813045.992926654,284.91835,172529.410968197,0.76,20.76,6075.99,76306.71,156.73,21204.14,166.14999999999998,6928.789999999999,81.23,6581.2,114.09,202.66,76.07853,4053.9240899,28.68,31932.05,51.5933,2430.5753258,69.02837,4170.4575468,30.70169,913.7884264,13.04453,585.6789315999999,4.3442099999999995,16.7272154,0.88435,13.0293163,75.23,3166.76,28.1,714.1,0.07776,842747.3535577,0.139925,438210.2400000001,0.00417,30230.0,False,2025,7,July,FY2025-26
2025-07-29,11.27693,757394.2310308269,246.66861,140643.508001426,0.72,19.119999999999997,5908.51,73041.58,151.13,20539.38,154.73000000000002,7738.05,12.38,4346.66,113.26,209.76,73.82972,4219.9215464,20.2,25854.05,28.22363,1409.2700842000002,43.84427,2981.9166358,21.5039,580.6824013,9.03285,434.0742157,7.25627,16.0370341,0.79575,12.3726933,71.53,2961.56,25.58,647.47,0.06845,826412.406,0.147115,428705.26000000007,0.00489,33980.0,False,2025,7,July,FY2025-26
2025-07-30,11.53265,821380.522705921,281.58775,188053.41050178,0.73,20.07,6077.25,79458.74,155.75,22322.71,161.08,9229.82,13.98,3970.12,117.93,218.64,79.50417,5097.7071763,18.53,24781.18,28.739839999999997,1484.0122152,44.1138,3223.7528620000003,21.79785,614.5880716,9.24179,481.1965938,7.30322,16.046820999999998,0.95677,18.7851417,74.41,3157.2,27.79,713.01,0.07532,827244.6337726,0.14222,440500.8000000001,0.00566,29065.0,False,2025,7,July,FY2025-26
2025-07-31,12.25108,1056973.86309947,427.26396,280876.924650807,0.75,20.82,6335.26,98871.97,170.78,27343.46,189.97,12571.79,19.03,5128.61,119.69,225.25,95.65086,6647.8785456,16.19,22360.17,27.26083,1465.6741344,46.4342,3880.2528455,21.58445,620.3172614,9.43601,548.0010356,7.49773,14.9996954,1.1529200000000002,25.294629599999997,86.23,4014.61,28.94,764.81,0.073,829761.332776,0.253345,2085612.28,0.00574,39110.0,False,2025,7,July,FY2025-26
2025-08-01,10.41056,924102.872857772,429.51993,219088.596088895,0.43,16.5,6693.32,103856.25,185.69,26825.1,150.78,10775.0,48.66,6255.11,121.37,233.54,99.98098,,16.27,6552.2526659879995,31.46276,23086.94,,1632.8643747,25.03101,4381.3349437,,717.5302197999999,7.47628,601.0956926,,16.6870109,99.97,38.85423,33.57,4949.66,0.0701,938.83,0.18938,824847.64,0.00206,611409.3,False,2025,8,August,FY2025-26
2025-08-02,8.26737,248473.25613549296,275.16437,103929.801923298,0.56,19.87,7072.16,102420.12,173.12,22599.48,1121.54,26870.82,88.74,8991.31,128.24,230.63,95.70127,,16.09,5950.794268418,28.962099999999996,21024.7,,1398.4242155999998,23.143659999999997,2926.4092189,,669.5402085,7.68819,378.2277007,,16.6582137,107.46,42.7562911,48.77,5260.94,0.0014,1252.5,0.0,10401.55,0.0,0.0,False,2025,8,August,FY2025-26
2025-08-03,1.41146,17630.652127722,176.32009,23171.440182974,0.7,23.4,6679.26,76155.36,149.81,14504.56,3.09,302.87,149.48,10246.5,127.77,224.43,81.36725,,,4527.384818249,29.916490000000003,,,1387.4762812,22.24886,2361.5719897000004,,677.2839634999999,6.55241,287.8908741,,15.995224099999998,94.68,32.831302,54.16,4144.7,,1304.56,,,,,False,2025,8,August,FY2025-26
2025-08-04,11.00618,830094.211096624,294.99757,152764.67057748,0.73,24.57,6653.74,98588.87,182.15,25147.95,241.39,8142.62,106.79,9943.87,116.4,204.87,100.78232,,20.27,6085.070023919,49.39731999999999,22518.33,,2692.9543699,34.06861,5993.4961062,,1048.2053713,4.76335,704.5937704,,17.7487748,96.64,30.1199126,58.72,4539.77,0.07081,1500.69,0.155485,833796.974,0.00839,602761.14,False,2025,8,August,FY2025-26
2025-08-05,10.86007,819131.9682689179,309.20266,159022.22425579,0.71,24.09,6716.64,97550.71,174.59,24302.94,350.53,10306.21,314.88,35167.22,115.06,210.25,98.83159,,20.58,5519.157904611,28.78772,25110.93,,1574.9740937,23.56507,3916.1529383,,660.4318247,7.9822,469.7542571,,16.678418,96.99,59.0510363,52.31,4586.46,0.09681,1353.51,0.165465,865169.7986263,0.00504,585118.0799999998,False,2025,8,August,FY2025-26
2025-08-06,10.6052,736305.9398329139,344.93464,177088.549541724,0.76,25.5,6752.68,93102.41,171.32,23307.51,321.54,8338.779999999999,26.62,5431.21,119.21,218.23,94.79041,,19.02,4955.778066701,24.82369,23421.98,,1365.9035364,21.80124,3353.3548165,,617.237985,8.03252,408.6791743,,17.547706499999997,100.68,52.956348899999995,55.15,4706.98,0.07735,1417.08,0.154525,852907.1713074,0.00857,582313.6000000001,False,2025,8,August,FY2025-26
2025-08-07,10.87709,724431.7891743069,373.40053,160940.832826472,0.8,27.11,6733.55,93176.2,176.29,23807.1,247.27,7743.09,106.52,11952.19,122.27,224.9,94.95674,,18.48,5066.199869019,36.58574,23383.33,,1885.0792701,28.88188,4635.1567392,,811.5701677,8.20199,492.3949740000001,,19.5145798,108.05,60.35356159999999,54.36,5057.24,0.08985,1381.22,0.126795,853702.8796902002,0.00332,505256.6699999999,False,2025,8,August,FY2025-26
2025-08-08,11.06365,805489.09568856,363.18686,169648.82119533402,1.08,35.62,7212.7,93002.51,181.66,22894.54,435.66,15185.59,65.71,7216.83,131.62,231.83,92.2538,,19.58,4517.790592202,31.54852,23253.39,,1524.3812937,25.369560000000003,3255.6668775,,689.3343896,8.23117,402.0865389,,18.2873207,127.46,48.90759430000001,69.21,5912.82,0.07314,1707.09,0.12965,860956.1381315,0.00544,528560.41,False,2025,8,August,FY2025-26
2025-08-09,2.2735,26706.450660159,192.32113,32440.73551877,0.98,28.86,6802.34,76578.76,157.56,15815.5,219.64,6787.17,22.3,2084.22,133.26,221.96,76.94757,,,3336.163582775,27.8608,,,1147.82513,21.29071,1786.9942537,,546.2922617,7.99019,227.68622479999996,,14.6457952,118.33,31.0970184,50.09,4915.72,,1199.22,,,,,False,2025,8,August,FY2025-26
2025-08-10,1.35059,15885.46054511,161.82859,21180.683436607,0.79,23.85,6450.79,69866.81,139.88,12222.6,57.53999999999999,746.84,108.26,18380.02,130.55,211.71,74.61189,,,3033.709097089,28.05377,,,1175.9182588,20.16916,1586.6951044999998,,560.6109085,4.41338,219.2184134,,15.4310501,86.87,10.2863327,40.08,3763.22,,1042.14,,,,,False,2025,8,August,FY2025-26
2025-08-11,12.28847,819235.121796072,303.93659,171172.45480713202,0.86,26.6,6528.05,90606.77,172.62,22686.52,173.36,29560.13,106.64,7972.48,122.06,202.48,96.90731,,28.03,4399.434947729,51.24046,29199.3,,2494.2213856,34.419169999999994,4444.7619536,,1027.1019066,4.75642,560.8095492,,18.4031069,94.32,29.058482,53.07,4400.55,0.08263,1398.2,0.11989,876770.896091,0.00488,544383.74,False,2025,8,August,FY2025-26
2025-08-12,11.20174,652237.19737295,323.95308,154528.491948715,0.84,26.51,6516.25,85866.64,167.63,21460.7,99.45,7329.88,31.95,5483.86,118.19,210.65,93.31406,,22.1,3955.056152847,28.03588,25759.35,,1391.9076674,22.918850000000003,2945.1523545,,655.1349523,8.07127,408.8806132,,18.7666715,92.54,67.2957447,48.18,4270.27,0.07705,1255.75,0.12296,863409.7092564,0.00458,461065.05,False,2025,8,August,FY2025-26
2025-08-13,10.98692,686272.345736295,323.81497,146734.706817135,0.79,23.91,6436.44,83460.62,162.81,20695.05,141.23000000000002,6534.929999999999,21.28,4219.41,122.51,221.11,90.62494,,19.56,3471.9776004779997,29.06419,23803.89,,1392.4228826,23.21453,2779.3321646,,670.547398,8.128630000000001,403.0156822,,18.04412,86.82,48.4985698,41.26,3932.81,0.08359,1069.39,0.104215,879931.9074776998,0.00766,388391.35,False,2025,8,August,FY2025-26
2025-08-14,11.82968,826917.7603827692,317.45926,173071.816109024,0.87,25.6,6600.47,83159.03,164.69,21044.74,314.93,9170.32,24.92,5428.73,130.56,237.29,88.45659,,18.9,3455.321620717,31.36294,23632.9,,1434.3248013999998,23.98357,2866.5823684,,684.7879188,8.133899999999999,403.0821312000001,,17.381031800000002,89.53,62.8118769,43.64,3956.42,0.08616,1095.54,0.11869,873591.5538093,0.00596,421364.15,False,2025,8,August,FY2025-26
2025-08-15,1.76156,21044.243532612,170.99257,26440.390104138,1.07,28.39,6298.8,63117.09,136.78,12215.47,124.03,1723.5500000000002,94.31,9561.99,130.52,220.69,68.7102,0.0,,2341.516356338,27.53035,,,1319.9483784,18.60387,1616.1461798,,603.5435011,7.179209999999999,221.5856469,,15.2332271,80.34,34.9178414,36.99,3275.94,,884.96,,,,,False,2025,8,August,FY2025-26
2025-08-16,4.52381,175317.593287796,197.94786,66869.59094716099,1.06,27.8,6367.68,68278.92,144.34,14370.82,52.27,3342.41,30.11,4174.37,122.15,209.11,74.04065,0.0,9.47,2464.752627964,26.73455,9552.32,,1160.9824531999998,19.033579999999997,1480.8504751,,569.1954912,3.4922500000000003,225.3502749,,12.3870161,81.64,30.9355014,39.99,3388.76,0.00103,942.64,0.0,16016.820000000002,0.0,0.0,False,2025,8,August,FY2025-26
2025-08-17,1.23613,13561.264556346998,158.07909,18670.204794841,0.85,21.61,6123.11,57594.29,130.81,10025.06,1.85,186.48,6.52,487.16,133.64,216.83,66.57815,0.0,,1983.739187082,27.48676,,,1127.8969383,18.44558,1394.7833009,,517.2282567,4.52827,192.5616008,,15.0809806,74.81,48.2183315,29.12,2919.35,,671.91,,,,,False,2025,8,August,FY2025-26
2025-08-18,12.5993,765937.961431943,276.99634,142785.161313337,0.93,24.89,6270.5,79754.87,159.99,20524.02,209.94,4753.52,53.29,5552.57,117.62,197.13,91.22818,0.0,26.95,3494.527236925,57.18947,29166.18,,2683.0016542,33.98947,4523.2253792,,1070.1409047,4.5588,589.4379919,,15.8880616,80.96,41.5379606,40.95,3473.55,0.09873,1006.97,0.153345,914590.2507004,0.00386,476331.96,False,2025,8,August,FY2025-26
2025-08-19,11.1968,700545.7700039699,245.51458,134637.893547301,0.87,23.84,6141.89,76331.59,155.07,19823.98,74.30000000000001,5935.16,28.19,4459.4,109.82,198.71,80.95384,0.0,20.1,3319.560023085,26.960109999999997,24492.57,,1262.4113809,21.17841,2673.3057616,,587.0967396,8.12365,389.8138259,,15.2740882,77.43,62.4621411,38.54,3313.08,0.06457,958.37,0.131625,864584.1398307,0.00805,413536.6500000001,False,2025,8,August,FY2025-26
2025-08-20,11.08624,718815.262202182,267.98257,140182.257964433,0.86,23.09,6391.41,81160.77,156.27,20130.99,125.17,5957.22,58.19,8128.4,112.45,208.5,82.55928,0.0,19.77,3878.877653007,26.46117,24176.76,,1207.0079944,21.093259999999997,2859.8002235,,583.8962951000001,7.86383,357.00117359999996,,16.427057400000002,79.55,64.5668144,36.26,3408.02,0.06977,898.6,0.12898,853397.2784196001,0.00404,382144.83,False,2025,8,August,FY2025-26
2025-08-21,10.79996,765202.661666134,254.27745,140170.659292,0.83,22.09,6315.06,78191.58,154.98,20051.1,112.66,6036.4400000000005,27.19,4930.4,113.19,213.67,80.04562,0.0,18.72,3846.508348536,30.77793,24778.26,,1567.4684124,23.04172,5104.266122,,688.799558,7.98427,450.480886,,17.8391311,76.15,66.4834489,33.0,3228.15,0.06794,826.72,0.144665,867726.1529464,0.00287,448782.35,False,2025,8,August,FY2025-26
2025-08-22,11.23953,806173.6120689901,266.98897,150789.993027032,0.77,20.54,6226.44,72461.6,158.5,19044.46,93.35,6212.280000000001,26.96,4957.13,114.63,218.24,74.8412,0.0,19.07,3489.5618587339995,29.91831,24591.76,,1470.8646149,22.07052,2775.8490384,,626.5883977,8.26243,375.6384127,,18.0011258,74.46,70.5874298,30.14,3131.27,0.0651,751.48,0.146545,891815.9334791,0.00358,407931.92,False,2025,8,August,FY2025-26
2025-08-23,3.49873,41587.811271999,188.24745,36462.365052265006,0.8,21.54,6178.33,68686.99,136.88,15723.99,91.66,2117.88,6.74,919.01,120.29,222.04,69.44315,0.01,,3294.051430036,29.19162,,,1267.0323819,20.291310000000003,1971.6586459,,564.4825163,8.1008,255.0514796,,18.2528147,75.63,45.5365994,29.23,3189.17,,733.83,,,,,False,2025,8,August,FY2025-26
2025-08-24,1.30095,14295.403859464,162.45065,18539.285583157,0.81,19.65,6277.93,58510.27,120.83,10464.68,2.21,135.60000000000002,5.62,435.04,117.69,218.59,60.48978,0.02,,2469.509886937,29.74432,,,1239.6223024,19.37359,1437.8071558,,538.3212062,6.15955,177.2402152,,19.4784388,74.54,16.2037319,26.27,2864.54,,612.14,,,,,False,2025,8,August,FY2025-26
2025-08-25,13.25944,850860.080183725,297.04047,182823.567382312,0.94,23.73,6378.24,80294.19,152.11,21564.52,195.89,8231.15,58.32,6964.97,111.0,203.03,81.77951,0.02,29.37,4162.045462466001,50.276349999999994,31982.38,,2421.2260576999997,30.63463,4049.8579806,,912.3781637,4.85953,529.8039624,,19.9982171,79.91,43.981846999999995,35.26,3363.87,0.07766,866.01,0.13955,922399.6493536,0.00417,469979.0500000001,False,2025,8,August,FY2025-26
2025-08-26,11.9288,797379.737541882,291.58726,167654.13501235802,0.86,21.700000000000003,6416.38,77157.83,143.75,20610.69,123.07,7186.99,17.12,5486.95,109.26,206.53,75.5961,0.02,21.63,3870.645157069,29.88716,26411.83,,1418.880258,22.22288,2868.5375004,,597.3544858,8.30498,375.1243736,,18.6686369,81.62,78.08591330000002,30.05,3407.13,0.07403,738.09,0.12563,917740.8689177,0.00541,390099.71,False,2025,8,August,FY2025-26
2025-08-27,5.63332,123844.636885676,216.31372,67088.058898227,0.82,20.73,5935.56,62308.47,126.72,14957.73,126.25,4150.88,10.09,1548.53,102.68,203.92,65.67012,0.01,7.57,3120.8385570349997,21.26565,9538.57,,947.3450993,16.606,1776.6672368,,454.9341946,8.23136,247.9482951,,19.1757818,74.25,37.332241,26.61,2974.58,,655.11,,,,,False,2025,8,August,FY2025-26
2025-08-28,11.0464,920939.2054273598,271.76352,180776.651971868,0.83,20.93,5976.77,74062.22,132.51,20210.8,187.26,8969.970000000001,76.52,6530.14,107.48,201.67,77.42721,0.01,20.63,4250.139624637,35.03702,26100.18,,1731.5782647,24.38599,3415.6945603000004,,684.1445006,6.9533700000000005,450.2032759,,19.933921500000004,73.95,67.407335,28.99,3097.95,0.08315,705.27,0.11956,900635.4174373,0.00448,486980.42,False,2025,8,August,FY2025-26
2025-08-29,11.91804,1159222.870662529,372.01588,271819.246830985,0.85,21.06,6178.53,81491.51,140.78,23028.69,206.03000000000003,15340.22,15.94,4427.29,111.62,210.84,84.77788,0.01,17.43,5692.828641465,28.2812,23801.48,,1424.7560471000002,21.555729999999997,3064.7703150999996,,599.2409635,8.10465,417.91623789999994,,21.9273674,78.43,70.9553921,29.48,3423.33,0.08322,722.3,0.216125,855769.8489973,0.00353,2081686.42,False,2025,8,August,FY2025-26
2025-08-30,10.25345,337954.843074896,289.31022,145999.75708571498,0.83,20.81,6451.28,87522.18,141.16,22701.9,56.309999999999995,5299.150000000001,12.73,4748.23,117.8,219.32,89.60009,0.02,16.44,6297.915366388,26.1672,21237.25,,1253.3580067,20.12965,2412.7078683,,576.9945898,7.94108,343.2338723,,19.899875100000003,87.35,66.5406417,28.66,4036.13,0.00138,712.83,0.0,14007.25,0.0,0.0,False,2025,8,August,FY2025-26
2025-08-31,1.96246,25618.647625426,171.05052,28766.908033637,0.81,19.37,6306.8,71157.47,121.32,14785.53,11.34,632.38,13.54,1946.87,116.31,221.35,73.33929,0.02,,4363.153520692,26.03272,,,1174.8575588,18.84605,2022.6497076,,535.1850412,6.45526,272.2607605,,19.2730308,82.94,47.3097055,23.37,3565.58,,554.23,,,,,False,2025,8,August,FY2025-26
2025-09-01,11.05077,744527.958399072,428.03675,208325.532559248,0.46,16.58,6537.87,103346.42,162.75,26307.86,107.21,7630.74,51.67,6216.29,107.16,203.94,100.89711,0.02,19.01,6667.1004299,45.42058,24074.45,,2398.3384266000003,31.23659,5128.982309200001,,936.066839,4.99731,656.8034803,,18.3396253,92.55,57.2253078,32.71,4532.93,0.07305,877.93,0.0,847579.5898268,0.00268,0.0,False,2025,9,September,FY2025-26
2025-09-02,10.48888,775967.7301074592,305.95332,141350.95961816498,0.46,16.52,6699.28,101199.28,149.65,23636.22,100.03,5328.700000000001,93.88,9923.61,104.4,202.22,97.22079,0.02,18.29,6138.3154747,22.04802,24401.39,,1269.0006678,20.11208,2811.8878336,,557.7761587,8.28514,333.7502463,,17.253329600000004,93.46,81.36321930000001,31.07,4589.92,0.07394,813.38,0.30758,862072.172,0.0026,853622.42,False,2025,9,September,FY2025-26
2025-09-03,10.31772,814844.894720683,295.55706,146841.524155174,0.48,16.75,6698.13,95949.97,144.34,22921.83,334.5,13008.8,183.6,13970.98,109.03,207.17,96.46234,0.02,17.37,5805.9802019,33.71517,23640.94,,1800.6774159,26.975440000000003,4280.5235857,,777.9291798999999,8.22219,587.1865106,,21.735897800000004,94.39,71.83150950000001,31.6,4524.48,0.07999,804.74,0.11562,851715.997,0.00314,430801.85,False,2025,9,September,FY2025-26
2025-09-04,10.59784,1002650.703729141,299.79763,181361.650750232,0.48,16.33,6673.71,95176.51,143.05,23267.56,138.32999999999998,6843.58,82.14,10130.48,112.52,210.1,94.4442,0.03,17.09,5796.1926542,29.39843,23873.66,,1617.7299522,23.87199,4153.522112,,666.6112549,8.34183,446.6735287,,20.6594295,91.96,78.2549137,32.08,4285.8,0.09137,809.95,0.161085,845390.0557492,0.0049,528177.32,False,2025,9,September,FY2025-26
2025-09-05,5.82626,242157.03039901695,281.02815,98618.63207862,0.51,17.8,6433.47,82199.29,130.92,18833.88,98.04,2047.77,308.53,32810.81,114.11,212.17,89.13136,0.03,5.26,4750.4740837,23.10576,6370.8,,1132.6589508000002,17.954120000000003,2279.7548245,,513.5979388,8.15769,284.405334,,19.4152475,83.68,62.0750566,31.37,3832.4,0.00256,772.26,0.00067,35867.75,0.00385,8461.34,False,2025,9,September,FY2025-26
2025-09-06,8.62944,268872.10878696,289.91573,107947.958505228,0.5,16.86,6420.34,82162.11,124.49,18533.32,122.69,5439.09,22.11,6289.62,111.36,206.82,89.51551,0.02,20.27,4799.9129707,25.56778,24586.58,,1202.6457146,19.292389999999997,2200.8963394,,560.8922888,6.757440000000001,278.5487128,,18.0717471,89.19,102.3212409,30.8,4164.09,0.00132,763.96,0.0,9248.7,0.0,0.0,False,2025,9,September,FY2025-26
2025-09-07,1.40028,16691.671112231004,169.66671,23026.418836421,0.52,17.61,6346.63,67737.98,107.82,12067.59,8.55,406.88,75.43,7551.2,110.1,205.82,77.11831,0.03,,3907.6660057,25.6895,,,1094.1588091,18.66215,1948.1896137,,491.7208414,6.18068,222.7029868,,17.0221452,89.41,30.7172438,26.43,3913.33,,649.06,,,,,False,2025,9,September,FY2025-26
2025-09-08,10.50181,284126.89056487405,291.05563,127864.985918507,0.58,20.020000000000003,6742.07,91323.72,137.12,21949.71,225.64,5073.8,72.16,6692.11,102.85,190.91,97.79764,0.03,20.56,4924.9477452,29.11128,24084.97,,1564.5513651,22.94025,4123.0978904,,651.7745517999999,4.696899999999999,400.2458324,,20.4669686,97.27,54.2076415,34.92,4556.33,,896.81,,,,,False,2025,9,September,FY2025-26
2025-09-09,11.6,979506.3259234979,314.00163,167802.413588106,0.63,22.02,6710.52,91406.67,139.03,22446.19,285.74,10228.34,42.33,6211.72,104.4,202.39,93.48136,0.03,21.97,4518.3512201,52.54606,25540.22,,2801.8649254,33.96106,5480.4693032,,1000.5277901,8.73011,628.3480201,,21.5381957,96.7,88.98877580000001,37.39,4512.57,0.17214,949.46,0.289175,990473.228,0.00494,937370.57,False,2025,9,September,FY2025-26
2025-09-10,11.40618,786662.931386433,323.33099,156742.421906204,0.64,21.67,6824.83,94319.1,142.82,22648.35,152.65,6463.5,208.04,25093.74,108.57,212.75,95.75439,0.03,22.12,4380.151935,27.92498,25380.95,,1424.144664,22.4332,3210.3363958,,628.102398,8.71591,394.1404252,,20.3584795,97.71,74.6225983,38.65,4582.2,0.08319,958.27,0.08549,879045.925459,0.00468,380773.88,False,2025,9,September,FY2025-26
2025-09-11,10.8946,793071.1650261689,287.51683,156829.446764002,0.66,21.6,6615.98,87398.93,139.24,21395.37,403.41,9378.64,28.73,5154.28,109.43,216.65,91.45919,0.03,19.42,4114.1768537,27.194180000000003,23224.69,,1347.8635859,21.98129,3067.8969424999996,,608.4716268000001,8.606800000000002,386.45673,,19.4797106,93.22,49.4959813,41.46,4281.55,0.09865,978.1,0.15154,920176.538,0.00433,477336.93999999994,False,2025,9,September,FY2025-26
2025-09-12,11.66244,927062.176086144,295.90312,169626.056293011,0.68,22.06,6703.27,83819.17,134.78,21161.5,412.17,10443.73,24.99,5670.95,113.1,221.32,87.87074,0.03,19.53,3734.8748223,29.16814,23306.77,,1409.6694638,22.55844,3243.9015155,,632.5381219,8.50936,377.3844309,,18.457122100000003,90.99,36.686000799999995,44.42,4094.48,0.08937,1025.96,0.140095,859137.7409598,0.00383,468436.05999999994,False,2025,9,September,FY2025-26
2025-09-13,3.58312,41247.068859423,225.27797,40160.090754776,0.74,23.22,6568.81,75989.11,123.85,16784.86,53.02,841.53,11.16,1044.92,117.29,222.17,78.72708,0.03,,2873.5502624,28.0028,,,1164.9564025,20.64779,1895.899276,,587.8393313,8.47518,243.8251369,,17.8558981,88.33,33.3224064,44.02,3951.29,,1030.41,,,,,False,2025,9,September,FY2025-26
2025-09-14,1.42618,17090.481053958,168.11218,20765.722628681,0.61,18.14,6534.01,63705.14,110.59,11330.07,1.25,175.29,8.69,909.88,113.0,216.67,69.55643,0.03,,2267.1571181,26.64336,,,1021.0507609,18.62729,1496.0702106,,499.2575874,6.2998899999999995,200.92837940000004,,18.4542385,81.82,12.2140104,31.53,3338.15,,718.67,,,,,False,2025,9,September,FY2025-26
2025-09-15,13.48775,1051452.662780831,323.33168,211408.390684772,0.62,18.7,6525.17,86868.41,137.21,22165.94,318.22,7785.2,153.36,14930.41,104.05,198.93,92.68088,0.03,30.4,3578.7663284,45.87055,30966.63,,2134.6323505,29.4621,5449.530622,,867.27324,5.063960000000001,526.5299682,,18.5603545,87.12,22.052977799999997,39.39,3827.38,0.09713,921.94,0.18255,881904.9159228,0.00279,558781.61,False,2025,9,September,FY2025-26
2025-09-16,11.52514,834095.8862306611,276.53406,147972.722944316,0.67,20.05,6480.36,81334.96,131.86,20230.08,95.6,6567.23,18.99,5152.12,105.57,206.52,84.55275,0.03,22.31,3153.9015372,27.457230000000003,25158.21,,1262.41591,21.25239,5169.8081411,,563.8774615,8.61037,369.8546488,,17.9939159,84.74,63.2707636,40.01,3657.11,0.06347,927.78,0.140805,903773.6638368,0.00332,453164.81999999995,False,2025,9,September,FY2025-26
2025-09-17,10.40213,773876.4869129019,283.61552,147444.443510252,0.71,20.44,6512.7,76781.03,128.96,18863.93,178.57,6696.26,15.73,4005.89,104.36,205.97,80.30289,0.03,18.89,2999.7250837,27.412080000000003,22088.96,,1223.5626192,21.32931,2363.2923573,,571.2193606000001,8.799240000000001,334.5419435,,18.4845539,80.25,55.3513591,36.69,3396.2,0.06889,854.46,0.147485,896146.0240306,0.00489,444932.92,False,2025,9,September,FY2025-26
2025-09-18,10.53194,798194.77674205,293.11095,153828.448517881,0.6900000000000001,19.83,6363.22,75545.7,126.13,18551.65,104.33,5810.96,23.43,5136.96,106.04,209.81,81.83789,0.03,17.84,3039.7185777,27.08529,21875.39,,1227.8471867,20.91834,2573.858419,,558.5145009,8.55404,339.3410051,,19.8296783,77.46,59.1548245,38.45,3296.98,0.08518,911.26,0.1426,909147.6710000002,0.00506,465035.48,False,2025,9,September,FY2025-26
2025-09-19,10.77983,896557.297858183,298.50651,154760.37220808302,0.65,18.79,6460.19,73973.14,125.11,18688.16,148.05,7353.29,15.97,3895.83,110.28,217.28,78.88356,0.03,16.75,3220.5309617,29.11726,20253.48,,1497.7370246,21.44558,3023.4710931,,576.781981,8.552660000000001,339.5336051,,19.5769533,76.46,59.4605059,34.07,3227.64,0.07524,805.38,0.15213,879151.5422332,0.00401,493756.4,False,2025,9,September,FY2025-26
2025-09-20,8.88211,245414.56322051695,243.53203,90002.676724939,0.6900000000000001,20.22,6600.31,76649.34,122.57,17745.17,82.04,5582.42,36.06,7331.07,117.18,224.3,74.98748,0.03,17.46,3453.0234278,28.24994,19892.93,,1203.8846435000005,19.70004,1835.848561,,526.466536,8.35577,259.0363419,,19.7153275,82.44,57.5270406,33.36,3531.22,0.00139,804.47,0.0,10723.36,0.0,0.0,False,2025,9,September,FY2025-26
2025-09-21,1.46337,17166.188425853,168.74946,21224.89863221,0.66,18.31,6501.72,60320.66,106.64,10520.22,8.21,1254.17,11.68,1341.76,108.98,216.96,65.09536,0.03,,2907.8462593,27.803500000000003,,,1106.6077363,18.2104,1514.3710303000005,,454.7752522,6.68491,193.2716712,,19.6040597,77.96,17.8148059,27.04,3002.4,,627.96,,,,,False,2025,9,September,FY2025-26
2025-09-22,11.24746,819420.0471456329,269.00295,158426.416083451,0.66,18.97,6370.58,82477.13,131.17,20240.58,142.17000000000002,5585.23,67.1,5426.85,104.67,202.35,80.27704,0.03,18.61,3987.1997238,48.514489999999995,20579.05,,2533.5382568,29.244099999999996,10411.8354399,,874.6896399,5.034549999999999,814.4170823,,21.7777622,78.55,50.0948891,32.75,3320.09,0.0975,797.42,0.142075,937460.0513098,0.00375,455016.19,False,2025,9,September,FY2025-26
2025-09-23,11.41105,814620.254378683,261.58195,144716.115470145,0.6900000000000001,20.4,6419.36,81647.55,131.66,20113.91,159.13,8309.74,13.21,4222.5,107.58,210.89,82.93452,0.03,18.96,4203.440446,28.654680000000003,23495.97,,1648.29516,20.92138,7274.2006366,,621.3040014000001,8.619509999999998,739.276095,,21.2664828,76.08,53.772582400000005,33.21,3244.58,0.08071,824.25,0.13968,899625.222,0.00417,390596.08,False,2025,9,September,FY2025-26
2025-09-24,11.8562,852580.531123384,270.73594,156560.574112983,0.66,19.48,6505.07,82219.56,134.17,20882.15,116.46,5561.59,17.7,4399.43,112.09,221.15,80.99077,0.03,18.32,3945.9673083,29.3474,23896.87,,1655.2775665,21.51379,6816.7849473999995,,669.9914296000001,8.65029,635.7160762999999,,21.2191931,78.18,65.88581409999999,31.12,3362.52,0.09445,777.95,0.1409,926875.392,0.00385,435480.31000000006,False,2025,9,September,FY2025-26
2025-09-25,12.06572,893233.702752182,297.99308,215990.795929646,0.6900000000000001,20.05,6464.77,82763.15,131.46,21619.92,130.42,8681.39,55.5,6986.29,114.77,228.68,81.13329,0.03,19.58,4103.386825,29.443409999999997,26957.84,,1667.4065247,21.46086,6075.016745000001,,661.0728995,8.67634,562.7289976,,22.0254712,77.17,45.404292000000005,31.63,3354.4,0.08119,792.83,0.171105,921482.852,0.00503,475736.69000000006,False,2025,9,September,FY2025-26
2025-09-26,13.08392,1112838.507988201,302.56064,208787.415607106,0.7,21.54,6427.94,81147.56,131.79,21834.21,205.8,13544.68,16.83,4791.24,119.26,235.61,78.46354,0.03,19.07,4007.9517457,30.49675,26380.21,,1726.3185543,22.09391,4717.5905368,,680.8484404,8.64603,531.9034587,,20.6922852,80.49,41.8423211,32.09,3544.57,0.07624,905.7,0.14868,941635.1482605,0.00717,467327.81,False,2025,9,September,FY2025-26
2025-09-27,4.26865,54517.29676778,190.35832,45846.069080985995,0.79,27.959999999999997,6470.99,76740.06,125.93,18075.07,52.59,2126.94,11.17,1371.19,126.99,239.9,74.11235,0.03,,3609.6250371,29.16132,,,1487.9654006,20.22429,2591.6018641,,647.8089714,8.44886,321.4020415,,26.8660439,83.28,41.3945972,37.24,3748.1,,1342.74,,,,,False,2025,9,September,FY2025-26
2025-09-28,1.66603,19508.084314054,166.76768,25936.653329143,0.77,23.26,6355.23,63884.47,106.95,12002.64,57.45,1055.4299999999998,48.02,2081.66,122.43,233.1,67.01288,0.03,,2957.0982099,29.19356,,,1495.5632025,19.21974,2765.0972445,,620.9336567,6.55248,301.2471186,,20.202457000000003,76.32,21.5700909,30.08,3132.95,,918.48,,,,,False,2025,9,September,FY2025-26
2025-09-29,15.3505,1343448.606829876,330.98023,282591.28181168303,0.81,24.75,6626.1,88429.61,134.83,23670.24,74.47,9185.95,39.07,6304.0,105.17,202.17,81.39743,0.03,27.6,4966.6732527,49.76828,36271.67,,2771.4237449,30.52208,5988.463839600001,,1020.4257026,5.06992,674.1835515,,21.5578001,84.68,27.3692964,37.35,3729.44,0.08536,1149.47,0.12626,921100.207,0.00325,476377.15,False,2025,9,September,FY2025-26
2025-09-30,13.425,1615537.9375343109,450.69424,352549.067905689,0.75,22.3,6741.7,103220.79,146.9,28358.85,76.59,13064.21,29.19,7116.35,119.95,234.85,99.34304,0.03,18.18,7476.3533704,29.828650000000003,24163.91,,1733.7935961,22.74879,4181.3985732,,696.3800966000001,8.2874,556.5859867,,21.1139459,92.92,38.2762361,32.03,4318.27,0.0786,944.53,0.225305,873529.5249999998,0.00487,2215815.06,False,2025,9,September,FY2025-26
2025-10-01,9.85095,1100764.612133851,385.70687,201123.787786843,0.48,17.59,7056.18,106297.2,152.33,25773.98,79.12,7699.63,50.1,6719.05,114.29,216.5,93.6229,0.03,12.8,6241.4875047,31.5412,19472.7,,1818.3902684,23.49403,4282.3509175,,752.9280561,7.77384,572.7309138,,19.6641498,99.16,51.0020242,30.26,4778.64,0.06655,862.94,0.133095,909687.9841222,0.00995,549815.64,False,2025,10,October,FY2025-26
2025-10-02,2.05525,26916.289441681,171.63522,33625.392065107,0.44,15.49,6562.93,82995.89,122.5,16235.51,169.69,2531.7799999999997,83.95,6774.2,105.85,199.12,82.33994,0.02,,5051.9850738,23.93333,,,1519.4881937,17.549979999999998,3045.744893,,704.4133369000001,7.127479999999999,349.3345146,,15.1119636,84.15,15.4200875,25.33,3813.16,,671.7,,,,,False,2025,10,October,FY2025-26
2025-10-03,12.76207,995917.315933724,357.24704,200384.263258657,0.43,15.73,6746.33,97261.44,137.71,24410.97,156.51999999999998,7504.04,190.79,14410.37,109.0,193.36,104.53092,0.03,11.41,6295.7548971,40.13064,13511.07,,2456.0151244,27.68463,4911.3732361,,977.2678968,4.1777500000000005,606.0142315,,20.9476045,92.53,28.7076402,28.96,4528.4,0.11898,868.55,0.13408,1008050.167,0.00472,565886.39,False,2025,10,October,FY2025-26
2025-10-04,10.38632,276088.275046841,367.71742,138138.179851339,0.47,17.34,6769.6,99228.42,137.54,23124.79,395.73,10603.44,80.49,9840.01,121.9,212.66,95.28396,0.03,23.09,5814.8167392,28.03576,30378.51,,1523.0196371,21.15426,2968.9074012,,691.5013887,7.92016,350.97997780000003,,21.7065574,97.16,54.7801432,30.23,4757.59,0.00141,945.75,0.0,11497.1,0.0,0.0,False,2025,10,October,FY2025-26
2025-10-05,1.81979,23921.434053777,170.24475,28637.752190869,0.51,18.42,6785.92,82431.5,118.83,15061.1,5.5600000000000005,351.26,253.42,30306.24,129.03,225.08,86.58894,0.04,,4939.08115,29.13718,,,1536.1280308,20.27508,2318.473948,,668.513728,6.625640000000001,282.370273,,21.009095,91.41,35.4084833,30.2,4114.3,,893.06,,,,,False,2025,10,October,FY2025-26
2025-10-06,12.74024,925282.3514859179,320.17582,187605.695719874,0.59,21.34,6768.48,102255.51,142.41,25261.77,138.29,6175.530000000001,83.06,7597.87,114.52,208.65,102.46516,0.03,20.28,5630.3809502,49.626909999999995,27153.09,,3036.1202399,31.97411,5734.6303252,,1125.5516642,5.1621500000000005,646.0332263,,22.8608068,95.06,29.2978871,42.34,4547.74,0.08915,1253.32,0.11867,949835.171,0.00398,503404.11,False,2025,10,October,FY2025-26
2025-10-07,11.27928,736034.9973824101,348.53699,167641.43844376798,0.58,21.84,6463.2,94312.62,141.11,24377.49,219.54,6793.37,105.66,12089.89,112.96,214.7,99.65309,0.03,10.55,5315.7134194,29.16877,12899.16,,1764.0119917000002,24.43947,3609.2926205,,772.8755007000002,8.784450000000001,440.94340609999995,,27.1797447,98.73,62.1632232,39.11,4710.0,0.08048,1133.14,0.11527,926808.9139632,0.00829,465154.28,False,2025,10,October,FY2025-26
2025-10-08,12.74253,751562.223903739,334.46957,165979.361660615,0.65,24.1,7003.22,101998.71,145.1,25021.34,156.24,6303.13,72.21,7643.25,114.04,222.61,102.33453,0.03,27.27,5411.9926205,29.99121,35244.23,,1834.8999641,25.04447,4356.7201178,,834.8902462000002,8.434640000000002,459.5230999,,25.7107892,105.37,52.886733,44.57,5107.83,0.08972,1314.74,0.105515,936993.7,0.00575,480333.49,False,2025,10,October,FY2025-26
2025-10-09,12.68846,1020749.147680859,311.61527,185726.513645609,0.67,24.51,7096.11,102964.42,148.27,25449.91,146.07999999999998,7039.290000000001,38.54,5343.37,114.47,230.5,97.03368,0.03,9.17,4884.5768873,30.302619999999997,10931.37,,1875.7332115,24.129980000000003,3435.5850572,,834.1484402000001,9.032560000000002,443.6486648,,25.713135600000005,101.39,47.3010784,42.47,4874.96,0.09375,1228.11,0.10489,920687.54,0.00484,552261.57,False,2025,10,October,FY2025-26
2025-10-10,13.44489,886624.707894076,331.472,179080.094730794,0.66,23.51,7175.11,100827.85,145.82,24147.09,434.54,11020.8,198.88,26169.56,112.39,228.93,94.6644,0.03,36.05,4813.6001513,24.339,48742.38,,1550.6284363,20.72489,2929.4419072,,712.6755554,8.795419999999998,347.4686422,,22.145428399999997,102.26,50.516307,40.03,4875.37,0.08239,1123.3,0.109645,925683.165,0.00423,639463.1,False,2025,10,October,FY2025-26
2025-10-11,4.12009,47101.53724712301,203.02112,44047.301666433,0.64,23.16,6910.44,90437.39,132.07,19314.66,80.55,1226.29,19.24,1780.81,123.26,237.02,84.54495,0.04,,3731.7869494,36.6021,,,1910.5290314,24.94242,2737.7119053999995,,891.7749762,8.31156,403.8092621,,29.8056909,97.08,44.8331137,41.89,4640.43,,1089.38,,,,,False,2025,10,October,FY2025-26
2025-10-12,1.6568,17984.300681182,168.23857,23196.073725589,0.61,20.34,6933.16,75027.23,114.9,12719.1,35.099999999999994,573.38,8.09,1083.15,124.34,239.31,74.50052,0.03,,3056.1519943,31.41433,,,1625.1372259,22.00963,2109.5964912,,780.1165542,6.92689,231.0999193,,25.5287509,89.09,12.7850367,33.48,3918.85,,828.95,,,,,False,2025,10,October,FY2025-26
2025-10-13,15.80703,1033904.587339199,372.16288,185115.447557176,0.64,21.97,6878.74,96747.94,145.21,24799.68,271.48,8905.29,34.03,5461.32,112.75,220.1,99.6801,0.03,22.28,4438.8521786,51.19826,26632.53,,2988.6727338,33.25815,4958.8331466,,1234.6129897,5.63284,587.1134441,,26.6101924,92.9,35.4601392,41.39,4382.86,0.09087,1063.42,0.0,955471.9343081,0.00469,0.0,False,2025,10,October,FY2025-26
2025-10-14,14.15712,937888.3286376268,300.09141,176141.66179981598,0.66,22.19,6857.99,95603.07,143.4,24080.25,82.77000000000001,7170.24,23.94,6050.87,114.53,228.8,89.35192,0.03,27.14,3803.0628474,29.21916,30920.63,,1725.9924059,22.54896,3407.3284089999997,,769.4405865,8.970249999999998,439.2480519,,26.4292605,91.71,63.2634697,39.52,4348.48,0.08459,1031.21,0.24939,908297.9241076,0.00806,905540.25,False,2025,10,October,FY2025-26
2025-10-15,14.52275,917487.7295147801,338.13881,191629.624239156,0.7,23.1,6998.75,99092.97,145.67,24795.2,283.13,11377.69,150.71,14981.83,119.1,237.5,89.36376,0.03,25.13,3883.492223,30.47814,29459.74,,1800.312112,23.434120000000004,3253.1583288,,820.3421830000002,9.17754,443.6046563,,29.0904388,96.98,56.5863011,39.93,4548.5,0.08904,1048.44,0.13095,894798.5833413998,0.00616,510884.56,False,2025,10,October,FY2025-26
2025-10-16,14.21781,943886.183780896,412.22398,193889.40377085505,0.72,24.18,6926.84,95599.29,144.2,24205.26,154.45999999999998,8747.71,18.94,5124.75,122.69,243.44,88.14719,0.03,27.26,3798.4032423,34.002750000000006,33538.96,,1974.4026656,25.76261,3217.2788491,,903.008452,9.176570000000002,424.2274504,,29.3252112,95.4,51.9026372,39.8,4489.46,0.11236,1054.19,0.1128,954095.7587913,0.00599,468416.01,False,2025,10,October,FY2025-26
2025-10-17,15.15504,1012030.54540181,425.46735,226248.77832457403,0.81,28.1,7124.76,98266.13,144.98,25265.65,253.28,11371.9,16.97,4690.49,128.37,248.28,85.44412,0.03,20.86,3575.9806602,36.37386,29324.11,,2134.0495879,27.74482,3342.1006869000003,,1037.3028149,8.968650000000002,385.2836842,,31.0217865,101.75,65.6945282,43.48,4877.38,0.07773,1200.79,0.16757,886643.8529249,0.00723,504607.84,False,2025,10,October,FY2025-26
2025-10-18,12.03779,309854.380055464,346.37562,137862.319084484,0.98,33.730000000000004,7543.7,102753.58,142.61,23279.96,225.01,11354.4,19.54,6145.29,133.52,242.79,79.76862,0.03,25.62,3323.2645999,33.427580000000006,33737.7,,2459.5963268000005,24.36087,2211.0749192999997,,1271.0198851,8.64122,290.8819502,,32.345938000000004,118.02,65.9278022,50.57,5710.81,0.00131,1361.18,0.0,10661.66,0.0,0.0,False,2025,10,October,FY2025-26
2025-10-19,2.272,24193.696117559,187.9388,31697.094868665,0.96,31.729999999999997,7390.42,85667.27,125.34,14563.29,20.23,1336.42,6.88,615.52,125.67,233.2,67.08259,0.03,,2758.8782555,34.45613,,,1857.9697687,23.62296,1821.5838182,,927.1128586,6.45528,246.0046664,,29.036533499999997,105.78,38.9257075,41.39,4818.03,,1071.52,,,,,False,2025,10,October,FY2025-26
2025-10-20,3.85439,564242.4434041439,245.75391,80529.904585341,0.97,28.4,7172.68,74285.26,120.64,13183.11,138.46,4494.45,66.77,7886.78,78.81,151.91,59.14586,0.02,5.58,2725.9491796,58.733720000000005,5877.58,,3472.6666077,32.66413,5026.1972243,,1319.7330593,3.91171,459.2679136,,21.6512565,90.77,42.625403,39.93,3868.62,0.09992,973.9,0.13697,905492.9857864,0.00221,452771.61,False,2025,10,October,FY2025-26
2025-10-21,5.3114,140529.141129028,198.70195,66239.053876882,0.65,18.82,6026.67,67047.73,109.6,13800.59,123.09,7259.25,30.21,2093.62,82.24,136.02,74.36108,0.02,10.79,3623.7783446,23.81747,15143.7,,1104.4140218,17.033920000000002,1758.1172878000002,,493.2872811,3.01864,237.7156218,,21.574975700000003,73.05,48.7113329,29.17,3094.8,,744.74,,,,,False,2025,10,October,FY2025-26
2025-10-22,5.51299,144067.061342392,196.25137,83093.38018949301,0.74,21.68,6152.94,71327.82,110.38,15114.99,103.99,3414.09,26.2,1822.6,105.72,167.72,73.50087,0.03,8.35,3477.266796,24.03664,12097.16,,1187.4318327,17.53244,1879.6565631,,558.4071587,3.99237,247.7773357,,23.0964356,75.86,58.2692168,32.94,3219.25,,841.27,,,,,False,2025,10,October,FY2025-26
2025-10-23,8.5808,736487.594931076,230.18179,135908.535971203,0.77,21.85,6117.53,74735.1,118.73,17672.47,45.23,6519.12,17.8,4114.36,117.96,189.6,76.21183,0.03,12.41,3861.936046,45.79983,14524.61,,2444.0365644000003,27.29517,4016.0764724,,883.2286388,4.86727,478.32842029999995,,23.0356296,78.53,63.3570372,33.39,3283.52,0.04713,840.74,0.126035,869828.7620717,0.00618,517587.3,False,2025,10,October,FY2025-26
2025-10-24,11.75953,826626.413234037,253.83364,157696.983605691,0.74,21.85,6171.68,78118.62,122.06,20046.52,137.87,10000.41,14.66,4667.06,123.74,207.27,79.91833,0.04,13.38,4151.5037268,30.453899999999997,18469.75,,1576.5169125,20.69893,2853.8181912,,639.4598757,5.33093,383.7113001,,24.7220814,74.26,62.9033205,34.07,3258.57,0.06452,933.08,0.09011,909786.0611939,0.00463,319713.35000000003,False,2025,10,October,FY2025-26
2025-10-25,3.77465,44678.223993376,180.49883,38587.884403786,0.8,24.92,6224.36,75021.93,115.91,16937.8,106.01,1030.64,16.2,2365.8,130.35,223.39,75.21999,0.04,,3735.5534392,27.59632,,,1298.0284059,18.48969,1888.889774,,556.6903817,6.45039,256.9944487,,23.9318387,76.14,35.3507715,34.25,3368.41,,975.27,,,,,False,2025,10,October,FY2025-26
2025-10-26,1.57297,17679.351573855,158.63596,21710.189569955,0.75,20.66,6147.51,61084.11,97.98,10908.41,1.62,149.11,5.98,498.43,135.34,231.15,63.74854,0.04,,2902.4057124,27.01437,,,1215.7039961,16.91722,1587.9078532,,493.3343292,5.49012,195.3936566,,22.0176221,71.1,14.350066599999998,26.95,2818.28,,674.5,,,,,False,2025,10,October,FY2025-26
2025-10-27,13.47529,821380.393710158,261.37862,172722.9912429,0.66,17.55,6084.87,77187.79,118.99,20658.76,137.91,10543.99,55.87,6425.37,117.69,210.97,78.96196,0.03,22.12,4233.1686495,46.082530000000006,25368.95,,2441.0007132,26.45989,4537.2534537,,835.914442,4.60142,505.8102429,,24.512692,69.29,42.4994658,26.91,2974.7,0.07507,669.52,0.093155,909836.7103209,0.00322,346560.9000000001,False,2025,10,October,FY2025-26
2025-10-28,11.93353,773166.2031605588,248.20642,148798.752479626,0.63,16.7,5974.61,75624.67,115.28,20293.54,110.57,8206.99,74.88,6487.65,111.92,208.8,77.81472,0.03,24.39,4356.4098417,26.50094,29934.07,,1445.1904119,18.93974,2777.5734287,,538.3208045,7.197970000000001,377.6953981,,23.2184048,68.06,71.0701774,24.82,2931.26,0.05913,632.38,0.11299,874665.071,0.00421,373353.64,False,2025,10,October,FY2025-26
2025-10-29,12.15025,753543.0565547869,250.76518,181582.569584848,0.68,18.209999999999997,6171.14,79470.12,118.57,21412.93,116.41,8617.51,10.23,4157.91,114.05,215.2,78.65932,0.03,21.12,4781.1999222,27.2914,25956.27,,1500.3102236999998,19.93989,2842.1453655000005,,575.4074733,7.80769,390.3349976,,24.117076299999997,72.37,57.5349492,27.33,3163.63,0.06393,720.32,0.119785,900493.919786,0.00214,421623.47,False,2025,10,October,FY2025-26
2025-10-30,12.24399,871878.074217431,269.95203,191605.811704896,0.61,16.790000000000003,6203.74,83284.16,121.21,22862.2,73.24,8793.09,14.59,4468.57,116.19,225.41,83.64037,0.03,19.2,5812.385383,27.99908,23765.5,,1593.8642051000002,19.97245,3117.4442797,,589.6510862,8.09174,412.2138556,,26.4274703,71.12,66.5906921,24.44,3142.93,0.06842,649.58,0.12625,908866.5819136,0.00531,471619.62,False,2025,10,October,FY2025-26
2025-10-31,12.87226,1050231.5428991893,444.33405,297361.61218124104,0.65,17.31,6569.6,100834.97,136.53,27185.28,80.18,11379.21,23.43,5231.65,122.73,235.64,96.79845,0.03,15.87,7207.8513972,28.53248,21470.64,,1640.1037326,20.4085,3474.5277122,,622.4169641999999,8.08486,486.8991338,,23.7061453,83.89,62.3324201,25.19,3980.75,0.07676,680.37,0.223275,886927.181,0.00421,2112873.8600000003,False,2025,10,October,FY2025-26
2025-11-01,8.91338,259164.044679092,358.96965,143605.414751507,0.48,17.28,7042.17,108113.06,139.13,25214.64,104.14,10096.06,35.6,6019.73,125.55,233.11,100.33197,0.04,15.62,7376.9353874,26.70213,21641.77,,1361.0266938999998,19.96715,2268.7250121,,604.3306681,7.96925,347.8222935,,25.9916968,100.54,64.8681278,33.11,5056.51,0.00186,979.02,0.0,16717.32,0.0,0.0,False,2025,11,November,FY2025-26
2025-11-02,1.63837,23070.922461358,169.21594,22672.727293127,0.47,16.689999999999998,7040.1,88237.13,115.34,15494.26,1.93,445.36,81.73,6641.59,131.11,239.83,86.78035,0.04,0.0,5425.7409627,26.64147,0.0,,1291.4487413000002,18.74303,2210.0774987,,552.0593974,6.47997,259.5293985,,21.0388662,92.24,27.6984738,26.86,4229.67,,740.87,,,,,False,2025,11,November,FY2025-26
2025-11-03,11.98218,779023.11682499,316.40552,164947.243109778,0.47,17.21,6903.27,104487.3,139.58,25535.61,110.43,4455.99,212.85,15153.91,118.86,217.05,105.51491,0.03,17.28,6739.7602572,46.56056,22625.72,,2711.0700678,29.94596,5166.0095492,,931.6208078,5.0246699999999995,645.5194618,,25.9062116,93.69,44.8533328,32.15,4573.4,0.07991,932.23,0.1538,886020.89689,0.00238,513439.57,False,2025,11,November,FY2025-26
2025-11-04,12.07646,892152.525824475,311.0999,162543.455428796,0.5,18.360000000000003,6913.88,104828.1,140.4,25826.95,617.5699999999999,14450.97,84.83,10898.66,115.99,220.63,101.69413,0.03,19.79,6774.3735836,28.494670000000003,26021.23,,1690.8602732,22.02178,3855.6565139,,622.452615,8.39584,448.4085156,,26.4968876,92.58,59.4977682,32.06,4449.78,0.0752,911.31,0.12338,851668.7071009,0.00323,489209.53,False,2025,11,November,FY2025-26
2025-11-05,6.38385,131025.928714142,248.25324,87386.816117173,0.54,19.01,6908.38,93513.51,128.18,21052.58,79.81,2672.79,284.57,32999.53,120.51,228.12,96.143,0.03,9.84,5502.5703518,22.51491,12939.76,,1207.271287,17.819989999999997,2369.3422794,,532.3057051,8.442300000000001,299.0547198,,25.7715981,91.01,42.0812421,36.98,4248.5,,948.08,,,,,False,2025,11,November,FY2025-26
2025-11-06,12.81163,882589.765225317,353.76688,175405.62506120902,0.51,17.229999999999997,6777.73,95130.44,130.15,23532.28,193.44,10411.42,61.24,7190.25,115.78,226.63,97.01101,0.03,18.7,5513.8628566,35.38762,22468.47,,2169.1288894,25.17767,4281.770737700001,,747.7015012,6.6903,501.137008,,25.2997923,89.28,63.1603563,35.97,4215.0,0.08328,905.97,0.08825,889970.7905253,0.00429,491106.22,False,2025,11,November,FY2025-26
2025-11-07,12.93066,904291.3403181169,369.69604,188700.81039481895,0.56,19.77,6948.16,96328.59,133.35,23880.57,115.78,9354.8,116.69,14376.24,122.08,234.77,96.48091,0.04,21.21,5673.0437191,29.58635,26593.66,,1693.3858719,22.196859999999997,3610.437555,,644.9005663,8.546740000000002,403.5633983,,27.342832799999996,95.37,63.7552754,36.52,4554.7,0.08149,974.54,0.11837,879300.2260394002,0.00517,497255.08,False,2025,11,November,FY2025-26
2025-11-08,3.85383,45220.757010966,222.9143,41818.579072075,0.6,22.87,6956.77,88350.79,119.56,18696.32,150.02,1398.73,37.22,3222.6,129.15,240.7,86.88203,0.04,0.0,4569.4643338,28.81895,0.0,,1409.6182374,20.620710000000003,1946.1045651,,613.7414057000001,8.26203,254.5270959,,28.2822952,98.04,24.4752916,34.69,4677.71,,973.93,,,,,False,2025,11,November,FY2025-26
2025-11-09,1.58013,18168.029784135997,170.71706,22295.609481088,0.57,20.16,6936.38,75982.55,104.93,13032.57,33.09,611.1,16.8,1247.82,129.2,240.03,74.44434,0.04,0.0,3431.1272172,28.73605,0.0,,1305.0571851,19.03667,1839.7713086,,547.7388346,6.8437399999999995,199.5342932,,24.6371108,89.09,7.2676404,28.04,3875.99,,744.26,,,,,False,2025,11,November,FY2025-26
2025-11-10,14.47119,841145.214064936,368.48547,185105.937968808,0.6,21.31,7021.29,102018.93,137.32,24779.51,279.29999999999995,9553.89,217.69,26776.96,114.87,217.05,97.83501,0.03,23.26,4843.7525314,47.94948,25774.02,,2596.4824863,30.21127,4490.4383667,,941.9985194,5.38655,516.7793094,,27.631469600000003,96.9,30.6262614,36.49,4634.02,0.07698,996.91,0.11877,882446.053,0.00449,510873.26,False,2025,11,November,FY2025-26
2025-11-11,12.29666,693600.25431539,307.72967,161464.439862428,0.61,21.65,6907.81,95430.93,131.66,22590.38,139.51999999999998,10330.25,41.22,6616.95,112.24,220.66,94.26241,0.03,29.99,4566.281345,27.93931,35680.71,,1497.9493891000002,21.6323,2938.0651919,,614.3263846,8.718770000000001,383.159922,,29.5971365,94.78,62.8535245,35.75,4505.23,0.09459,944.26,0.0,915583.0089615,0.00603,0.0,False,2025,11,November,FY2025-26
2025-11-12,11.88758,736272.572985854,298.53827,145349.397479753,0.64,22.24,6973.49,92633.75,131.04,21762.87,237.63,8521.11,25.88,5251.59,115.13,226.82,92.17727,0.03,23.45,4054.4489877,26.16508,28579.9,,1367.1979425999998,20.45424,2681.2356721,,581.8805533,8.28588,351.6495215,,29.644444899999996,91.39,52.2175752,38.76,4266.34,0.08932,1009.56,0.21487,895581.193,0.00357,623051.53,False,2025,11,November,FY2025-26
2025-11-13,11.62212,789297.912406993,327.75606,158627.179529146,0.65,21.52,6846.47,88130.37,123.7,21264.97,78.49,5987.4,15.81,4044.32,117.62,233.81,90.14101,0.03,20.35,3636.1408807,30.476619999999997,24840.69,,1582.5459428,22.69784,2500.252801,,647.5078881999999,8.52712,335.5641513,,29.8440669,85.71,62.6334991,36.98,3942.78,0.10154,952.42,0.11109,901942.094459,0.00181,432878.93000000005,False,2025,11,November,FY2025-26
2025-11-14,11.69029,933400.924795459,298.98914,154819.363998926,0.64,21.17,6830.91,84751.72,123.26,21023.22,170.82,8225.16,26.47,5194.35,119.3,235.46,83.14418,0.04,19.0,3327.0364947,29.69173,25314.88,,1499.388736,21.69504,2765.9901911,,623.4284456,8.506969999999999,378.7932525,,30.6469653,82.59,51.4691467,33.97,3741.65,0.06845,888.91,0.13212,857976.8479048,0.00433,509988.35,False,2025,11,November,FY2025-26
2025-11-15,9.3451,253589.966745306,238.08088,92919.716691396,0.65,21.09,6916.75,86252.67,118.23,19233.43,202.11,7232.32,108.36,13080.62,127.65,242.9,81.56835,0.04,18.27,3134.8859194,27.67069,23227.19,,1220.1257241,19.76542,1637.9030711,,580.472372,8.41348,249.983269,,29.1884709,90.43,58.3114163,35.26,4044.27,0.00152,905.95,0.0,13947.13,0.0,0.0,False,2025,11,November,FY2025-26
2025-11-16,1.56508,21956.696758443,165.88211,19801.079864159,0.64,20.13,6818.24,68114.84,96.37,11047.47,0.91,218.23,7.3,639.24,128.79,241.01,67.68197,0.04,0.0,2115.0959153,28.62216,0.0,,1191.9978535,18.68997,1299.5072443,,539.3607905,6.80293,172.5868059,,21.9180339,83.96,34.7234704,28.84,3419.89,,719.19,,,,,False,2025,11,November,FY2025-26
2025-11-17,12.45883,799923.262509671,312.71897,137840.548183576,0.64,19.6,6739.06,86746.09,123.64,20994.53,152.15,6309.08,55.39,5152.76,115.51,218.85,89.75396,0.03,18.78,3383.9724971,48.29634,24132.08,,2427.8640957,28.83681,3586.4732894999997,,898.314621,5.16955,462.4519817,,27.7483007,82.08,28.585185399999997,35.31,3628.15,0.08086,915.16,0.13445,888486.581,0.00356,528196.5499999999,False,2025,11,November,FY2025-26
2025-11-18,11.94989,794172.173794343,267.85939,130045.912697045,0.64,19.95,6647.56,84795.14,120.42,20290.26,80.95,6409.759999999999,23.89,5790.2,114.97,224.87,83.84719,0.03,20.94,3265.1522353,27.79227,27013.7,,1396.7256674,20.70612,2532.0731422999997,,594.8753664999999,8.64528,329.07737569999995,,27.6833164,78.26,62.3591571,32.75,3458.43,0.06737,853.17,0.092695,879615.0770487,0.00672,396934.9,False,2025,11,November,FY2025-26
2025-11-19,11.75405,707751.4517650021,266.08802,144099.21298071698,0.65,19.69,6710.65,84412.33,123.76,20632.09,871.99,25058.79,17.73,4109.94,115.75,229.77,81.18958,0.03,18.9,3473.8187782,29.13037,24798.33,,1461.6122829,21.973280000000003,2643.4757409,,621.3351202,8.68095,347.613443,,29.926400200000003,80.92,43.9190886,34.43,3514.73,0.07967,874.6,0.137955,888945.091,0.00439,426381.02,False,2025,11,November,FY2025-26
2025-11-20,11.79825,740343.084123132,258.03291,156415.991323839,0.93,27.82,6851.82,86690.37,126.47,21289.56,289.33,11982.21,59.8,8549.69,118.04,236.62,84.2903,0.03,18.73,3999.2777359,29.32004,23494.72,,1485.3765626999998,21.43054,3130.8117152000004,,599.7527897,8.541680000000001,358.1376389,,30.758245099999996,82.49,51.04950049999999,58.54,3563.98,0.06901,1416.5,0.113315,898177.724,0.00313,421702.02,False,2025,11,November,FY2025-26
2025-11-21,12.05484,766289.417734785,268.77868,159369.346371749,0.88,25.69,6804.79,83048.09,125.69,20950.33,160.57999999999998,8259.06,24.43,6050.39,123.74,242.91,79.32722,0.04,18.28,3844.9733781,30.924660000000003,23882.69,,1627.7686663999998,21.567570000000003,3586.0051206,,627.7922627,8.477509999999999,354.33276629999995,,27.808290699999997,80.68,53.588587100000005,51.07,3487.69,0.0771,1258.58,0.138035,901447.555,0.0049,447207.12000000005,False,2025,11,November,FY2025-26
2025-11-22,3.72147,41664.32562245101,188.29434,37653.150688099,0.85,25.99,6706.65,76278.14,110.91,16639.01,103.07,1895.06,20.41,1305.28,134.66,249.88,70.35897,0.04,0.0,3095.0765214,27.41191,0.0,,1213.7857418,18.80209,1523.9170912999998,,526.3717208,8.30588,208.1890533,,25.1718428,82.27,37.7770422,43.31,3566.95,,1085.03,,,,,False,2025,11,November,FY2025-26
2025-11-23,1.44684,16055.261733503,159.90424,20257.275758783,0.75,20.729999999999997,6615.87,62917.13,97.33,10801.6,1.13,187.48,6.13,487.78,135.85,246.24,61.1952,0.04,0.0,2624.4248745,30.77126,0.0,,1347.4921365,18.41762,1447.8413102,,531.3553949,6.379659999999999,154.407006,,19.5308822,75.64,11.4883895,31.52,2962.44,,746.69,,,,,False,2025,11,November,FY2025-26
2025-11-24,13.82313,772027.2339246179,276.79828,160857.871311474,0.79,22.26,6605.27,83598.27,123.89,21521.62,126.25,8317.68,33.58,4741.1,121.24,226.52,78.79014,0.04,21.95,3863.2834647,50.13919,27117.2,,2622.3563433,28.49301,4082.9787723,,881.3014518,5.03236,500.4589013,,29.8827245,77.5,44.6871388,38.71,3350.47,0.08669,980.63,0.13541,946062.267,0.00573,449269.74999999994,False,2025,11,November,FY2025-26
2025-11-25,11.76844,830748.064367892,260.59444,166685.18602778402,0.75,21.06,6593.86,83111.04,124.39,21632.58,149.81,10209.73,54.46,7552.05,121.56,232.07,80.77635,0.03,24.18,4144.1220712,29.19094,29558.67,,1564.1805424,21.22332,2831.5527072,,593.4148516,8.23527,362.6319261,,28.993923,77.11,57.7776247,34.59,3322.41,0.07793,882.83,0.16411,950565.7741974,0.00598,518587.93,False,2025,11,November,FY2025-26
2025-11-26,11.83519,840800.714943763,260.63953,150943.048936695,0.72,20.01,6648.39,81897.99,123.14,21254.13,181.58,10347.54,28.31,4368.99,124.9,239.89,75.19366,0.04,19.62,3953.3469205,30.02666,24848.21,,1610.2092141,21.11641,2829.3197476,,595.6422134000001,7.85803,361.0125947,,27.115528499999996,76.7,60.118598299999995,31.13,3305.99,0.08159,795.71,0.130365,946834.4514513,0.00445,500757.83,False,2025,11,November,FY2025-26
2025-11-27,11.53505,827185.873942416,269.62659,167593.75138677,0.73,19.74,6599.59,82358.08,121.24,21620.41,169.71,11354.4,20.96,4551.82,125.22,244.3,77.06068,0.03,17.69,4243.1710427,29.88436,23284.03,,1612.4577518,20.70186,2836.0723454,,596.0270203,8.08933,372.0637799,,30.1847712,75.1,60.5382195,30.86,3244.13,0.08026,788.58,0.0,927605.8435156,0.00455,0.0,False,2025,11,November,FY2025-26
2025-11-28,12.51301,1121330.6439948273,399.72207,284739.284682704,0.72,19.99,6761.24,90124.99,126.45,24126.42,151.97,18302.5,81.69,6637.14,126.48,246.71,85.61923,0.04,16.86,5521.1615808,30.91914,24205.52,,1700.1840595,21.31893,3151.6388727,,627.9821555999999,7.9258,421.8888782,,30.5243013,80.2,60.3414913,30.27,3635.15,0.07444,787.92,0.356845,924827.9157294,0.00568,2343727.29,False,2025,11,November,FY2025-26
2025-11-29,11.00169,389259.505852291,287.06863,158029.318790252,0.72,20.5,6855.69,93645.91,122.38,23482.75,102.27,9284.08,14.8,4762.76,133.21,253.7,89.29561,0.04,15.91,5996.9449747,27.30797,22207.73,,1391.2267569,19.06192,2140.8259270000003,,570.6622079,8.21709,324.82036439999996,,28.9863475,86.37,64.4343129,29.53,4024.18,0.00206,809.17,0.0,18090.26,0.0,0.0,False,2025,11,November,FY2025-26
2025-11-30,2.17584,30083.523177331994,172.40894,32106.098389578005,0.64,18.99,6787.55,79704.39,107.4,15973.88,10.34,807.58,19.89,2102.35,139.04,255.49,82.09008,0.04,0.0,5219.2555335,27.71334,0.0,,1342.6097428,18.04917,2328.598745,,531.0899786,6.29307,266.0285326,,21.2584313,85.85,38.7091539,24.51,3710.99,,635.71,,,,,False,2025,11,November,FY2025-26
2025-12-01,12.36216,849908.263436468,440.01871,221586.044366923,0.458,16.95,7136.19,115449.97,151.14,28877.04,113.39,13599.87,54.73,6622.99,121.93,231.21,103.53763,0.04,16.89,6621.4039289,47.19061000000001,20954.31,,2748.7431722,28.70569,5125.690657900001,,905.3122748,4.94551,649.1756611000001,,30.767811100000003,95.4,41.9922,33.37,4759.3,0.0757,951.67,0.121355,921273.358,0.00747,523680.97,False,2025,12,December,FY2025-26
2025-12-02,11.44387,801777.8970674471,298.0979,155242.186180802,0.479,18.31,7268.16,112235.89,141.0,26487.75,102.34,7365.35,93.44,10091.48,117.4,230.12,102.8302,0.03,19.47,6577.1076587,27.75085,27703.24,,1668.8774883,21.44785,3458.526718,,614.8657248,7.87777,444.3360545,,27.7002243,93.91,69.6609192,31.22,4695.12,0.08238,885.1,0.130155,924896.0392398,0.00714,524771.4099999999,False,2025,12,December,FY2025-26
2025-12-03,11.43233,787365.822765474,304.54564,149448.218949085,0.468,17.720000000000002,7102.12,104190.87,136.36,25537.12,284.05,9777.77,202.01,15426.65,118.59,230.96,104.04289,0.04,18.0,6250.2063357,28.24523,24574.27,,1732.6948429999998,22.06712,3601.7345633,,625.1143671,7.81954,451.6032738,,26.767127,91.35,55.7915265,29.68,4445.77,0.09559,821.12,0.134565,943421.1899592,0.00392,526360.36,False,2025,12,December,FY2025-26
2025-12-04,11.2142,830616.2476312459,288.40692,165415.59611988202,0.467,17.110000000000003,7040.88,103618.87,137.95,26015.77,164.51999999999998,7967.74,89.86,10421.67,125.22,240.82,100.55818,0.04,17.05,6019.9228956,28.5529,23679.84,,1761.8404642,21.58686,3900.8982003,,624.0717386,7.80626,447.913292,,27.8697564,89.04,74.4255254,30.12,4255.6,0.07419,805.9,0.150285,929486.3971054,0.00476,571950.7300000001,False,2025,12,December,FY2025-26
2025-12-05,11.62184,1011354.3465688152,317.19446,187968.35173561,0.457,16.75,7074.09,101063.5,133.37,25022.69,236.52,9020.11,320.94,38231.07,127.18,240.77,101.77663,0.04,17.64,6172.9853707,29.68388,24223.23,,1774.8092492,21.96401,3771.8467524,,632.6002504,7.83177,429.1169825,,27.1077366,89.74,71.8074605,29.3,4273.82,0.08246,769.08,0.162145,888735.2691645,0.01034,645879.4199999999,False,2025,12,December,FY2025-26
2025-12-06,9.25614,267261.658261801,369.01735,116794.377784958,0.517,18.65,7128.98,95845.96,121.9,21339.81,65.83,5961.85,23.05,5668.27,131.64,245.49,94.17742,0.04,16.93,5091.9192087,27.68879,23130.4,,1396.7068536,20.20327,2354.6535861,,595.5376753,7.9116,292.1853649,,29.2262601,96.61,74.1199319,32.52,4631.44,0.00161,867.29,0.0,19649.71,0.0,0.0,False,2025,12,December,FY2025-26
2025-12-07,1.63334,20373.058019825,180.20167,27626.214578839,0.553,19.68,7047.08,78447.4,103.31,13379.84,1.67,366.75,84.83,8260.93,131.55,244.9,82.10248,0.04,,3947.1944169,28.482460000000003,,,1331.1953394000002,19.16599,1915.017665,,556.9626615,6.48191,216.9879657,,20.1642535,93.83,35.4794592,27.22,4199.51,,716.68,,,,,False,2025,12,December,FY2025-26
2025-12-08,12.34081,795713.913667028,317.62024,151257.248661935,0.577,20.59,7120.4,101849.7,132.55,24257.78,100.19,7280.51,67.85,7309.86,116.41,220.15,102.65627,0.04,17.81,5566.6535678,48.09668,21052.32,,2770.4238711999997,29.8951,5550.4248079,,939.0208386,5.068109999999999,565.9637443,,28.7171559,94.98,46.958167,35.08,4555.79,0.10974,958.57,0.174925,975620.4587254,0.00634,663269.23,False,2025,12,December,FY2025-26
2025-12-09,12.34669,911354.193770285,304.1575,148804.301157531,0.587,21.92,7085.57,102672.16,133.03,24308.86,253.43,12202.72,51.31,6449.46,117.58,230.86,97.99239,0.03,19.51,5080.6940861,28.633940000000003,24231.41,,1650.1310238,21.3573,3296.3133093,,610.3503713,8.07457,414.62551,,30.381998299999996,93.15,80.85564429999998,32.35,4463.99,0.07847,887.23,0.14991,952151.1755035,0.00741,563596.94,False,2025,12,December,FY2025-26
2025-12-10,12.24548,822510.9515270289,320.71054,158886.98893852098,0.627,22.31,7235.37,103463.35,133.21,24066.41,310.43,10683.61,203.69,26876.59,120.05,234.21,99.32607,0.04,19.89,4970.7132714,29.051219999999997,25087.74,,1613.4381233,21.80486,3152.3405073000004,,640.4547868,8.26859,412.92916950000006,,28.174703,96.96,67.0263966,35.39,4632.79,0.08289,929.57,0.13601,984784.9639795,0.0067,501039.57,False,2025,12,December,FY2025-26
2025-12-11,11.62422,770522.300014015,295.57945,169586.117015658,0.637,22.13,6996.58,93099.57,126.41,22441.75,108.4,9277.21,27.83,5791.09,120.92,237.91,92.32356,0.03,19.54,4119.5380573,28.76394,24912.81,,1560.4445806,21.647830000000003,2890.2977701,,631.9453004,8.24735,388.05227949999994,,28.7953741,90.82,83.97525859999999,37.44,4295.32,0.08168,932.75,0.137215,978960.294,0.00378,487886.56,False,2025,12,December,FY2025-26
2025-12-12,12.39135,1011324.4478767392,316.57737,165292.397857322,0.647,22.66,7059.95,90399.4,125.26,21950.71,221.4,10383.82,28.94,6055.5,124.43,243.36,91.7489,0.04,18.2,4057.7642876,29.822329999999997,24833.65,,1579.1685659,21.98354,2693.7495302,,639.470287,8.31363,363.0791488999999,,28.2642325,89.35,91.06758029999999,37.14,4130.9,0.08389,920.38,0.14982,947286.3154314,0.00444,502958.67,False,2025,12,December,FY2025-26
2025-12-13,3.88421,45419.442222404,197.61201,41245.918277029,0.638,22.43,7028.34,83028.01,111.61,17734.63,33.84,1981.98,9.74,942.93,131.24,249.34,82.56333,0.04,,3359.6821734,28.92416,,,1316.0909256,19.973419999999997,1825.6849721,,598.2253905,8.40335,244.88906760000003,,26.1662162,89.12,45.7887457,36.63,4066.74,,905.99,,,,,False,2025,12,December,FY2025-26
2025-12-14,1.57374,19265.032861403,165.7218,25062.288705249,0.614,19.82,7003.34,70004.33,98.09,11779.41,1.7200000000000002,394.22,11.34,1080.56,129.66,243.6,69.51401,0.04,,2319.5069321,28.53761,,,1209.9273506,18.7483,1361.5350924,,546.5458387,6.53064,193.8328032,,20.3463635,83.28,15.7588815,28.78,3467.01,,689.58,,,,,False,2025,12,December,FY2025-26
2025-12-15,15.10179,1148277.594082165,296.35001,195778.828369107,0.627,20.49,7054.22,95630.48,130.4,23728.83,125.11,9675.86,153.32,15754.65,115.0,219.96,95.71511,0.04,23.13,3864.1204473,48.723110000000005,27829.07,,2542.2102282,29.46143,5748.7484133,,941.7561482,5.1360600000000005,529.3922712,,26.622880100000003,88.53,56.7313221,36.2,4040.7,0.07535,904.13,0.168275,919285.7894064,0.00289,541988.8500000001,False,2025,12,December,FY2025-26
2025-12-16,12.78214,1013993.2749354212,278.59357,158206.372783305,0.607,19.83,6874.39,89498.14,127.81,22581.28,111.6,8767.880000000001,27.12,5706.88,114.93,227.36,87.3348,0.03,26.99,3467.2199726,28.38096,33304.44,,1478.4436323,21.12723,5376.8189618,,617.7147302999999,8.28754,376.8958839,,28.5992728,82.85,90.369158,32.29,3733.59,0.07323,818.16,0.15548,914000.4603157,0.00207,565369.2000000001,False,2025,12,December,FY2025-26
2025-12-17,11.99553,855219.384231542,273.61887,161395.076215972,0.5670000000000001,19.92,6957.98,86431.01,124.51,20806.83,89.07,10826.59,13.07,4255.75,116.07,232.63,83.12159,0.04,20.91,3111.1858278,29.017990000000005,26981.9,,1452.4313234,21.77368,2560.8761632,,631.1804903000001,8.48354,364.7672391,,26.824671,81.47,103.1107716,30.62,3634.7,0.07319,777.69,0.153115,909252.9797017,0.00381,621756.2200000001,False,2025,12,December,FY2025-26
2025-12-18,12.16733,1031916.968092822,264.04333,156925.773036774,0.537,19.1,6872.88,87159.49,121.02,20801.53,91.3,8230.61,24.58,5529.59,116.48,236.15,81.51368,0.04,18.83,3147.3088265,29.05341,24438.49,,1460.6028131,21.51572,2499.1355174,,627.6140949,8.46558,370.5973004,,28.0423861,77.23,66.48834880000001,28.87,3424.47,0.07135,751.28,0.138005,934898.3,0.00258,571289.25,False,2025,12,December,FY2025-26
2025-12-19,11.664,1002345.7491581292,420.02145,166118.164032843,0.527,18.32,6833.96,79987.96,120.0,19901.14,50.669999999999995,8205.8,29.11,4718.6,118.14,237.73,77.62248,0.04,17.61,3226.0004476,30.5461,24342.59,,1531.1081392,21.500729999999997,2883.6102339,,624.181274,8.24408,371.8154325,,29.236949900000003,75.34,92.14759920000002,26.89,3303.68,0.07435,696.32,0.135845,910033.017459,0.00182,446712.54,False,2025,12,December,FY2025-26
2025-12-20,9.69517,272881.79420931,227.47169,95344.148229988,0.527,18.37,6958.01,84002.35,116.41,19041.08,97.19,8313.27,39.98,7629.07,126.12,244.96,74.64545,0.04,16.68,3535.0653934,28.48671,22375.53,,1287.2400264,19.41001,1542.8799898,,571.2845943,8.43417,242.6726636,,29.3176247,80.21,84.7616767,26.94,3566.75,0.00164,692.23,0.0,11555.77,0.0,0.0,False,2025,12,December,FY2025-26
2025-12-21,1.55486,18208.190230327,165.30899,22002.021208135,0.544,17.970000000000002,6862.7,67104.1,91.32,10962.34,5.48,717.5999999999999,10.42,1397.55,125.73,243.4,64.17618,0.04,,2737.532964,30.20436,,,1308.8701695,18.67152,1735.7715084,,553.8713222,6.83957,223.8932946,,21.302642,75.31,35.4041774,23.41,3040.21,,571.92,,,,,False,2025,12,December,FY2025-26
2025-12-22,12.85757,900092.210944384,272.46666,157650.55225203402,0.557,19.18,6853.16,87815.07,123.66,21812.72,99.04,7814.89,56.17,5844.39,115.88,222.22,80.67482,0.04,18.33,3766.7004044,51.85943,22237.8,,2746.3971489,29.73608,4863.93829,,968.0887968,5.23219,527.2856487,,32.787216199999996,77.96,73.2856235,28.61,3448.03,0.06814,740.46,0.14764,956930.811787,0.0035,438598.37,False,2025,12,December,FY2025-26
2025-12-23,12.32921,952530.349333932,290.44113,159848.970913834,0.547,18.76,6817.69,84893.75,120.66,21504.21,100.84,10286.62,12.54,4843.8,119.41,232.36,78.0869,0.04,19.48,3939.3408404,32.17169,27401.32,,1728.4247271000004,22.42703,2840.4353976,,670.9792682,8.47171,393.2055882,,32.3888213,76.66,78.6075488,26.92,3363.75,0.06384,696.01,0.172645,929177.1711315,0.00363,526225.0,False,2025,12,December,FY2025-26
2025-12-24,13.11134,950200.3643513849,290.27727,184950.785925408,0.588,19.790000000000003,7039.48,88007.46,124.51,22695.67,77.94,12139.84,15.73,5180.06,128.43,245.87,78.55908,0.04,18.24,3955.2170911,35.02286,25868.17,,1805.0022667,23.67907,2754.6373373,,725.2438002,8.531620000000002,397.0891226,,30.7723979,80.5,95.5121824,27.6,3510.65,0.07841,709.06,0.144145,963398.3454777,0.00249,453336.94,False,2025,12,December,FY2025-26
2025-12-25,3.58419,41970.235838846995,184.97703,41900.539265629,0.586,20.23,6658.87,72641.65,101.27,15123.55,115.92,2670.9700000000003,30.56,2782.25,134.61,252.17,71.73859,0.04,,3302.7189619,29.17183,,,1372.0774182,17.769019999999998,1797.4249898000005,,564.8205207999999,7.78795,229.6999668,,27.223189400000003,70.85,31.4596772,25.69,2976.3,,654.54,,,,,False,2025,12,December,FY2025-26
2025-12-26,14.67586,1010451.0136987932,275.43126,186499.015485147,0.5670000000000001,19.22,6698.38,82519.49,119.88,22064.42,68.75,9475.71,36.52,6456.36,129.93,248.19,77.43075,0.04,21.63,3986.0097399,45.395439999999994,27958.17,,2474.6132017,26.52094,3405.29832,,903.1209770999999,5.7879499999999995,465.2893150999999,,29.9011288,74.82,84.2999716,26.15,3305.42,0.09127,680.77,0.13866,946651.1349408,0.00109,481932.2599999999,False,2025,12,December,FY2025-26
2025-12-27,4.25076,48666.145197649,188.00091,41860.28319815,0.588,20.76,6682.61,77154.95,108.24,17580.9,112.44,2494.0699999999997,10.29,1159.58,136.07,255.18,71.40271,0.04,,3471.8423351,28.85868,,,1377.9273265,19.02681,1778.591415,,614.1681183000001,7.24126,248.3162244,,23.9835257,76.04,32.0754823,24.97,3332.12,0.0,655.71,0.0,0.0,0.0,0.0,False,2025,12,December,FY2025-26
2025-12-28,1.61693,17570.432048639002,164.89457,23095.910994341,0.5640000000000001,17.84,6633.79,64095.38,90.83,11452.81,5.93,1032.08,54.86,2320.82,136.4,252.92,60.9437,0.04,,2744.2529545,28.52679,,,1310.5139792999998,17.44456,1486.6842141,,547.0215962,6.1157900000000005,195.3621945,,19.3821963,71.51,13.2986097,20.82,2831.04,0.0,507.57,0.0,0.0,0.0,0.0,False,2025,12,December,FY2025-26
2025-12-29,15.91528,1034645.698313474,299.62677,196128.196315116,0.618,20.95,6740.62,89613.36,123.44,24471.99,103.53,9863.14,29.7,6270.82,124.11,232.3,79.88573,0.04,26.61,4610.5796553,52.16639,31970.82,,2886.0685059999996,29.16764,4042.2471485,,1030.1349461,4.976019999999999,529.553127,,32.719577900000004,76.73,50.2665043,27.38,3417.55,0.06606,723.69,0.12925,903279.737,0.00159,422082.43999999994,False,2025,12,December,FY2025-26
2025-12-30,14.61069,1178592.3309879052,307.58111,215287.512458699,0.628,21.46,6801.5,92522.84,126.41,25483.75,68.75,12255.14,17.72,5989.66,123.66,238.24,83.44481,0.04,26.83,5539.744651,32.20147,33066.17,,1855.3450094,21.54973,3245.4041463,,725.5168904,7.95922,440.9943172,,36.6575856,77.68,97.8791989,27.04,3499.37,0.06203,715.64,0.100235,885763.1586225,0.00323,381395.22,False,2025,12,December,FY2025-26
2025-12-31,14.38968,1547152.111462691,463.01341,329700.53163128596,0.699,23.2,7679.39,112266.25,143.77,29239.3,277.18,20990.92,26.9,6809.3,122.01,239.7,94.73953,0.04,20.19,6602.7323621,34.72887,28194.75,,1879.8505003,23.99717,3445.9756196000003,,783.3111627,7.79665,517.4196303,,25.1739324,98.6,72.9045657,29.39,4585.84,0.06159,746.41,0.23574,808723.8974995,0.00448,2521929.5,False,2025,12,December,FY2025-26
2026-01-01,8.51615,790744.0058576469,400.22536,192641.131111494,0.405,15.2,7313.32,97973.88,129.89,22453.45,103.69,15329.71,52.04,6728.6,120.1,230.39,91.32436,0.04,13.49,5958.1899397,24.68262,20634.49,,1246.9430303,18.59302,2085.2373346000004,,597.9112602,7.67518,324.5197025,,26.724642600000003,89.34,74.3306634,28.78,4162.42,0.07661,691.94,0.0,885298.018,0.00088,0.0,False,2026,1,January,FY2025-26
2026-01-02,11.74715,858519.4823387099,303.85313,168090.923840397,0.439,18.44,7419.16,111666.3,140.87,26045.92,185.8,11384.57,91.52,9418.77,117.37,225.04,105.65478,0.04,14.21,6604.6138575,40.584869999999995,21714.07,,2247.5574354,27.405460000000005,4293.383839300001,,907.3543702,6.642010000000001,594.8581585000001,,31.4454086,96.65,86.63075319999999,31.92,4827.64,0.07014,843.11,0.22215,899336.9769688,0.00376,901424.6200000001,False,2026,1,January,FY2025-26
2026-01-03,9.8753,263909.112411227,366.26913,127508.658765562,0.418,17.849999999999998,7226.31,104168.76,128.22,23583.17,65.72,6567.0199999999995,195.39,15143.78,128.5,239.9,101.19687,0.04,15.44,6223.7324406,26.8467,22679.97,,1409.5307554,20.77158,2584.4312274,,647.5485452,7.32239,344.0555153,,30.385579,95.82,86.6965949,30.0,4694.04,0.00184,797.29,0.0,18557.07,0.0,0.0,False,2026,1,January,FY2025-26
2026-01-04,1.82066,20981.030696078,172.206,26733.152654275,0.435,17.220000000000002,7187.95,88995.71,110.97,16300.08,10.21,700.17,77.61,6902.34,125.84,233.99,86.13174,0.04,,5034.9877118,27.62927,,,1405.3189027,18.61741,2235.9014523,,579.4836377,6.40543,252.029982,,23.6093388,87.94,45.6971106,26.06,3953.53,,678.35,,,,,False,2026,1,January,FY2025-26
2026-01-05,13.37858,859160.647077426,364.14302,172655.557046071,0.45,18.52,7261.93,112669.2,138.96,26576.37,22.95,7032.2300000000005,327.66,37573.03,114.48,218.75,105.71944,0.04,18.14,5883.6195525,47.51442,23176.63,,2839.8381845000004,30.44538,5208.1178139,,1021.6696746,5.19048,646.5133959,,33.711086699999996,93.01,82.1771444,31.73,4552.11,0.07645,858.78,0.04974,919088.6300788,0.00264,486081.14,False,2026,1,January,FY2025-26
2026-01-06,12.7193,839946.0529869391,310.25589,194158.420389123,0.448,18.27,7038.33,101079.76,132.87,24881.48,50.17,9859.75,37.09,6858.95,112.04,222.8,100.01595,0.04,20.69,5440.5385104,27.59697,27331.39,,1633.3378085,21.38125,3292.5601912,,645.6141629,8.30192,442.4527737,,38.434356300000005,90.08,91.5987579,29.16,4363.57,0.07962,784.0,0.125055,928054.5709572,0.00284,557202.11,False,2026,1,January,FY2025-26
2026-01-07,12.56336,778820.0204422689,368.58026,172577.261069856,0.479,20.04,7191.67,102912.23,134.19,24746.76,353.98,10956.11,109.19,12508.09,114.65,230.0,101.45804,0.04,19.57,5590.1825982,27.943430000000003,26044.05,,1632.3936931,21.76675,3793.6379436,,656.3347861000001,8.27446,434.696368,,34.1567311,95.39,106.9923639,29.8,4664.34,0.07296,812.03,0.101355,906204.4190772,0.00443,481050.96,False,2026,1,January,FY2025-26
2026-01-08,11.98649,765826.6363294661,314.39156,159630.672387333,0.528,22.21,7140.19,99947.31,130.52,23893.18,253.93,10113.12,61.47,7297.95,116.93,237.73,96.48454,0.04,18.78,4978.0398288,28.606540000000003,24923.53,,1660.2333446,22.10835,3102.8804621,,669.8435761000001,8.28422,381.9538535,,37.0159094,96.38,76.0500935,32.83,4715.03,0.07909,874.6,0.12036,924529.5851222,0.00405,462317.23,False,2026,1,January,FY2025-26
2026-01-09,13.04152,795116.750575099,324.70586,179774.395839895,0.498,20.5,7171.9,98968.86,130.75,24073.85,233.98,14400.34,36.69,7095.41,119.93,241.14,92.28745,0.04,18.27,4521.1441402,29.75044,24118.44,,1667.0516782,22.40335,3239.6005021,,685.5631744,8.30033,445.0400661000001,,37.0455196,93.16,97.3205784,33.83,4525.62,0.06832,890.16,0.13448,899147.8076786,0.00265,556918.29,False,2026,1,January,FY2025-26
2026-01-10,4.19186,47403.33437885601,212.70603,48249.935669123,0.538,22.14,7233.18,94813.91,122.34,20221.29,221.6,3287.41,118.12,20457.31,128.93,248.65,86.948,0.04,,3937.0885852,29.240429999999996,,,1400.6229849,20.51525,1880.7110474,,636.2579578,8.19894,256.9334387,,27.849141,94.88,50.019441,34.38,4612.21,,905.38,,,,,False,2026,1,January,FY2025-26
2026-01-11,1.6057,17044.746282638,169.29659,23966.148792797,0.535,20.26,7130.61,75929.99,99.65,12698.73,11.56,305.42999999999995,12.08,1402.13,125.05,241.92,73.13595,0.04,,2957.6789053,28.72047,,,1282.030428,19.2486,1476.3775482,,577.8941603,6.64474,191.7354048,,25.591494,84.66,16.3493109,32.41,3774.24,,765.55,,,,,False,2026,1,January,FY2025-26
2026-01-12,14.89918,858243.4631822311,325.42516,184624.337032252,0.589,22.36,7216.42,101749.38,134.77,25377.87,112.58,9454.66,114.86,9302.17,115.85,222.63,92.32386,0.04,24.05,4000.1994599,48.879009999999994,27942.45,,2652.3307244,30.68204,3983.4551577,,1013.9292871,5.47697,523.30808,,32.395160600000004,90.6,70.63652139999999,40.82,4375.22,0.07902,1009.4,0.14254,919731.889,0.00297,595328.75,False,2026,1,January,FY2025-26
2026-01-13,13.78638,876381.4169347981,317.08332,168710.057911269,0.6880000000000001,26.04,7358.85,99183.09,130.42,24216.61,396.22,15063.29,23.89,5634.11,115.79,225.7,92.71412,0.03,27.46,3685.3952554,29.78011,31683.06,,1504.467334,22.59569,2663.4811147,,664.2581302,8.51917,369.946577,,35.3313081,96.56,95.9728222,41.08,4504.93,0.09647,1011.71,0.127975,960751.8326272,0.00527,499853.35,False,2026,1,January,FY2025-26
2026-01-14,10.48888,854526.233919495,292.4136,166303.098641162,0.608,22.21,7095.23,87279.23,121.37,20237.89,105.82,8861.3,26.38,5336.36,111.86,221.1,81.43091,0.04,17.65,3208.3064893,29.39131,22912.36,,1418.3235018,21.63945,2383.4957081,,637.5896732,8.3115,342.69546160000004,,32.9670455,88.4,94.89267729999999,35.23,3974.14,0.08681,868.42,0.113265,931398.1507045,0.00689,519261.79,False,2026,1,January,FY2025-26
2026-01-15,7.21842,193752.168400203,226.77496,98343.401801556,0.587,21.67,6665.18,79204.83,104.64,16967.85,97.26,5339.5599999999995,114.9,12528.05,108.62,212.68,80.21723,0.03,11.49,2922.2517851,21.3327,14503.11,,983.1479238,16.5608,1576.4606072,,501.1364421,7.35678,251.61282610000004,,40.2650591,79.31,77.057768,32.77,3532.34,,836.05,,,,,False,2026,1,January,FY2025-26
2026-01-16,11.50691,1015252.528005727,253.51708,156739.06395197602,0.588,21.51,6753.06,82616.91,110.92,19670.75,207.42,8870.310000000001,52.18,5270.88,112.34,215.18,82.0605,0.04,16.31,2993.892052,35.74648,19411.19,,1823.5296404,23.434,3676.1758314,,752.5461686000001,7.25407,431.9679821,,35.161182700000005,77.82,87.21019190000001,32.66,3478.2,0.08094,835.51,0.117295,950473.3883686,0.00557,715538.1099999999,False,2026,1,January,FY2025-26
2026-01-17,9.51797,214617.378911416,224.72016,88894.10639042602,0.628,21.76,6844.01,81727.86,109.04,18343.12,92.13,6308.120000000001,12.44,4051.71,122.61,227.47,78.53595,0.04,17.65,2856.1931989,26.23212,21995.74,,1177.5245232,18.27553,1853.8809776,,553.8590197999999,8.04867,261.0632281,,34.9125462,80.37,121.3939441,34.49,3571.02,0.00117,857.25,0.0,9902.36,0.0,0.0,False,2026,1,January,FY2025-26
2026-01-18,1.64868,17383.512849528,160.71505,22130.059455643,0.625,20.770000000000003,6796.04,66253.55,92.68,11194.78,1.13,359.25,12.76,1747.94,123.63,229.57,66.25425,0.04,,2129.7669927,26.16926,,,1130.5499797,16.90371,1641.6005137,,488.9213489,6.75764,190.6158676,,22.5705987,76.01,33.5620035,27.77,3115.21,,679.68,,,,,False,2026,1,January,FY2025-26
2026-01-19,13.61894,756020.241321288,265.59359,153155.74090495802,0.659,22.86,6952.84,93021.38,125.23,22936.61,96.58000000000001,7250.66,21.99,4109.96,116.93,220.64,89.56195,0.04,18.81,3732.8668938,46.5752,22104.87,,2391.3613671000003,27.70304,4740.7855089,,914.2766633,5.4357299999999995,481.5809844,,35.0570083,81.67,69.5077779,34.82,3682.31,0.08173,891.95,0.0,945712.896,0.00593,0.0,False,2026,1,January,FY2025-26
2026-01-20,13.53671,847174.608337701,273.97441,160230.26765183502,0.638,22.32,6817.61,93029.83,125.96,23704.03,82.71,9454.65,60.51,9441.13,117.3,231.44,82.06519,0.04,21.27,3952.6473377,28.12144,27479.11,,1513.801529,21.14488,4409.833967299999,,652.8214857999999,8.889389999999999,407.6983855,,35.886202,80.56,102.780094,32.78,3635.13,0.0789,850.25,0.260865,918556.253,0.01073,891852.35,False,2026,1,January,FY2025-26
2026-01-21,13.06413,825552.8871513051,273.59088,150628.52894053,0.659,22.87,7029.08,94939.41,122.06,23553.28,27.299999999999997,8342.35,24.38,5388.61,121.34,242.88,82.34521,0.04,19.62,4061.5719782,29.06333,26788.21,,1642.2036875,21.241010000000003,3953.0760183,,704.6311185999999,8.99152,375.5334051,,35.7297927,78.49,100.2277953,31.82,3533.02,0.0946,836.45,0.1183,945289.6736263,0.00797,466514.25000000006,False,2026,1,January,FY2025-26
2026-01-22,13.14844,860046.3891750431,304.81828,158277.892865171,0.628,21.49,6967.79,89962.31,121.05,23044.29,137.78,9681.52,47.45,5757.96,121.57,245.8,78.41512,0.04,18.5,3808.2616281,29.46134,25606.67,,1680.7601864,20.610840000000003,3098.9748122,,684.3350216000001,8.76324,382.829909,,29.5985025,77.63,89.4973902,30.08,3466.33,0.08601,782.88,0.13306,938805.2451411,0.00525,512708.12,False,2026,1,January,FY2025-26
2026-01-23,13.07704,927317.7734221108,340.46955,183461.960706705,0.607,20.81,6618.24,81271.05,116.34,22328.29,132.66,9228.15,16.16,6055.06,124.6,246.69,74.00238,0.04,16.85,3832.8933892,30.480590000000003,24122.36,,1737.6408537000002,20.654819999999997,2952.7072958,,682.8136496,8.385489999999999,364.143067,,30.0638087,72.75,73.2175281,27.06,3187.48,0.07937,690.7,0.162025,944236.1327045001,0.00848,538177.5299999999,False,2026,1,January,FY2025-26
2026-01-24,4.36783,49083.425087332,185.02551,42383.016181594,0.668,24.3,6837.88,80392.72,108.85,18785.96,111.64,3223.26,7.04,850.97,138.59,260.29,73.08163,0.05,,3438.7421987,29.48429,,,1455.8703527,18.66431,1900.8398274,,623.9723907,7.71881,238.73463490000003,,26.727583000000003,78.9,49.3692928,29.06,3527.37,,768.39,,,,,False,2026,1,January,FY2025-26
2026-01-25,1.6578,18402.547428582,164.83707,21945.445233566,0.685,21.92,6726.55,66779.51,90.77,11797.37,1.57,251.46,14.96,1864.39,137.04,252.24,62.65583,0.04,,2722.1972726,29.35539,,,1424.9724987999998,17.32675,1481.7741973,,574.6214889,6.45413,181.2371273,,21.7200146,73.21,18.0773293,24.66,2971.74,,606.66,,,,,False,2026,1,January,FY2025-26
2026-01-26,2.11503,21869.091411941,162.36087,26384.318924083,0.675,22.08,6544.14,67965.97,94.13,12956.05,95.05,568.25,16.62,932.76,124.97,231.25,61.85075,0.05,,2837.0265523,27.58672,,,1593.7964244,15.63192,1763.3827313999998,,571.5703834999999,4.51704,187.8367794,,18.3453082,67.05,14.213564300000002,25.29,2756.04,,634.32,,,,,False,2026,1,January,FY2025-26
2026-01-27,11.15672,987904.3132559591,284.58066,186759.123193871,0.738,26.34,6678.97,84612.25,118.26,22548.46,85.56,4860.09,49.77,6105.35,114.06,213.84,79.89963,0.04,16.84,4006.2360956,58.05718,21372.01,,3385.810256,29.92128,4583.7214145,,1083.2993427,4.38943,540.9810061999999,,27.8970503,71.59,73.55798200000001,29.39,3175.03,0.08414,788.09,0.13761,963013.1805926,0.0078,544189.92,False,2026,1,January,FY2025-26
2026-01-28,17.18526,1072409.130799487,304.6818,202935.27804466,0.679,22.6,6792.25,89735.29,125.1,25692.65,124.35,12007.73,75.01,7314.32,117.02,225.17,78.5395,0.04,27.1,4282.4090606,28.73157,31749.87,,1669.1912885000002,20.35267,2866.7724412999996,,671.892445,8.676129999999999,395.4115867,,24.795479,77.76,80.8370635,27.26,3490.12,0.07562,722.77,0.15644,973047.9472968,0.00518,508532.08,False,2026,1,January,FY2025-26
2026-01-29,15.2737,995551.3641713299,291.30117,198528.725907554,0.659,22.01,6756.27,93285.24,126.35,27088.54,94.58000000000001,13288.44,11.85,5089.25,117.37,237.07,80.14802,0.04,25.9,4975.7760195,28.24062,33336.16,,1752.8069167,20.40616,3013.0705237,,734.6226305999999,8.71977,422.2970838,,24.4623145,75.49,94.66426399999999,26.19,3440.04,0.07716,709.95,0.14241,969689.312,0.00495,515631.27,False,2026,1,January,FY2025-26
2026-01-30,15.3031,1290374.186995918,441.84489,325945.736115554,0.659,22.29,7007.26,103462.71,132.79,29118.54,209.22000000000003,11848.04,20.24,5543.76,121.77,247.16,91.46656,0.04,22.03,6737.8562071,27.56941,31578.03,,1794.7989302,19.96448,3228.2915294,,758.7125703,8.84889,473.3925902,,25.693893900000003,81.45,80.85946430000001,26.11,3852.92,0.0779,717.98,0.273475,939017.281,0.00641,2698335.1500000004,False,2026,1,January,FY2025-26
2026-01-31,12.97584,457369.31413233106,323.84274,167054.630566921,0.669,22.81,7262.23,107882.83,130.37,27952.22,140.29,8578.02,23.39,5802.42,127.02,253.08,92.26118,0.04,18.59,6429.8919699,26.32061,28207.58,,1402.5609051,18.89562,2287.9310996,,664.2174448999999,8.75395,375.1459581,,25.6493827,93.02,84.4306516,26.43,4543.57,,737.84,,,,,False,2026,1,January,FY2025-26
2026-02-01,2.16905,37898.081078825,196.59791,34801.223443468,0.406,17.04,7425.56,100563.68,120.6,20284.74,8.51,1493.44,29.61,3204.73,128.7,252.73,85.35901,0.04,,5600.1796036,26.52666,,,1359.6544171,17.911659999999998,2113.7460589,,608.2459971999999,7.22002,269.35495510000004,,23.7779162,90.33,42.9368188,25.62,4198.26,,703.56,,,,,False,2026,2,February,FY2025-26
2026-02-02,14.25162,1103849.080348376,412.0772,232650.332008644,0.461,20.26,7718.95,125303.02,146.84,30363.52,116.11,9307.3,111.16,10654.99,115.55,231.41,106.74751,0.04,17.99,6811.3332033,46.229960000000005,24408.44,,2878.1338237,28.95013,5178.5878597,,1093.8509233,5.46204,662.1677058,,32.582326800000004,99.79,84.08233580000001,32.78,5111.46,0.0821,953.55,0.138975,942771.050915,0.00782,670293.86,False,2026,2,February,FY2025-26
2026-02-03,13.34943,921634.3482909311,319.07932,181466.575728697,0.43,19.119999999999997,7416.56,113333.7,135.58,28030.51,97.24000000000001,13344.96,202.45,16095.04,116.26,233.14,106.67233,0.04,20.62,6571.9536548,27.99212,29526.13,,1895.8752016,21.82384,3523.2755779,,778.0797473,8.99987,459.5662923,,32.236882,95.29,74.09950900000001,28.94,4800.21,0.09899,844.17,0.13998,928973.4494527,0.01012,615088.32,False,2026,2,February,FY2025-26
2026-02-04,13.14274,949533.9526722231,310.01359,183154.966427244,0.46,20.45,7448.69,113302.09,140.49,28204.98,84.16,5956.98,86.98,10564.43,119.56,237.9,104.1672,0.02,18.9,6481.2488207,27.53281,27399.79,,1787.989956,21.752930000000003,3831.3933198999994,,772.5910268,8.972779999999998,435.4420517,,29.4997316,93.88,103.0452363,29.54,4674.05,0.08556,865.72,0.15319,897184.996908,0.00949,619581.2100000001,False,2026,2,February,FY2025-26
2026-02-05,12.84907,959745.9912450121,348.19353,181976.275746842,0.46,19.87,7416.04,108594.54,133.12,26465.76,121.78,7021.58,327.52,37970.14,124.86,248.06,102.62659,0.03,19.34,5707.2738451,29.42279,26238.32,,1898.1911843000005,21.790350000000004,3386.2736308,,736.4995306,8.856340000000001,419.0133125,,32.393799,93.0,91.5802918,28.76,4575.2,0.08766,833.78,0.18072,899853.7648701,0.0106,644949.7200000001,False,2026,2,February,FY2025-26
2026-02-06,12.77622,1036396.499912676,327.24133,188914.905851676,0.469,19.959999999999997,7324.56,99784.03,128.28,24709.97,148.66,9141.87,31.76,6680.99,129.75,253.57,96.26462,0.04,18.89,5236.3088541,29.46812,27218.43,,1816.2105947,21.67836,3136.068548,,717.3429939,9.0727,403.821864,,32.304317999999995,92.23,89.9980481,28.66,4454.79,0.10033,816.52,0.14928,892765.4711266,0.0107,647090.48,False,2026,2,February,FY2025-26
2026-02-07,10.31479,261790.400601786,341.07962,119659.097332501,0.518,22.63,7508.6,100733.21,119.68,22784.77,170.8,8091.82,102.75,12982.9,133.9,256.7,95.56173,0.04,17.38,5287.0819651,27.09713,23705.42,,1412.1807021,19.43083,2258.2650096,,611.7617221,8.95554,291.0473402,,27.4871075,100.25,83.1682025,30.51,4898.81,0.00121,881.72,0.0,7911.5,0.0,0.0,False,2026,2,February,FY2025-26
2026-02-08,1.7948,20124.599636094,182.68813,29201.401449790996,0.584,24.57,7438.41,82029.34,97.74,14023.57,5.5,391.9,31.63,2791.64,134.69,254.2,80.25222,0.04,,3793.1153243,27.30202,,,1325.5846129,18.36383,1697.4196917000002,,557.8247878,7.42733,211.8101556,,24.7644295,96.66,60.861162,27.8,4386.28,,784.2,,,,,False,2026,2,February,FY2025-26
2026-02-09,13.46315,815333.300901945,307.46898,186765.406432797,0.5690000000000001,24.22,7487.98,107887.66,130.67,25949.63,173.26,8998.73,48.68,5543.76,119.96,231.46,101.17645,0.04,18.4,4954.2205969,46.68372,21892.13,,2787.2133233,28.93486,5159.0602042,,974.7059348,5.852610000000001,548.0179368,,31.756824199999997,96.03,76.30446499999998,33.27,4695.54,0.09918,963.51,0.157545,912951.5700411998,0.00752,587237.2000000001,False,2026,2,February,FY2025-26
2026-02-10,13.13116,810224.560221517,347.29516,165267.417864376,0.5690000000000001,24.16,7242.81,103218.18,128.12,25294.87,281.18,11420.99,222.88,27931.58,123.11,241.23,98.85821,0.04,21.62,4656.6163077,28.02553,25728.16,,1576.1814739,22.852839999999997,2882.7378182,,653.9435969,9.242849999999999,401.2597891,,25.9902162,98.56,83.87421760000002,32.19,4778.9,0.07671,919.06,0.149815,893352.0325579,0.00605,488300.27,False,2026,2,February,FY2025-26
2026-02-11,12.74129,777056.890379517,406.62502,161388.053542724,0.599,24.48,7489.9,102584.3,127.51,24176.9,161.95999999999998,8231.68,26.5,5286.67,126.4,248.36,96.7651,0.04,20.33,4513.0036689,28.3765,25860.38,,1532.6087523,22.490900000000003,2727.4733807,,663.1326996,9.277930000000001,394.9165488,,29.2012908,95.34,107.6460501,38.6,4592.06,0.0879,1001.07,0.145415,907227.7774791,0.00524,439632.32,False,2026,2,February,FY2025-26
2026-02-12,11.16901,834578.9725138252,283.26918,184957.688823301,0.629,25.71,7202.21,95358.6,119.47,22816.48,144.99,8531.91,30.5,5602.01,122.86,247.43,91.08825,0.04,16.24,3959.1450259,27.19138,22000.74,,1519.3784058,20.3882,2673.0445421,,610.2108456000001,9.124189999999999,378.6107503,,26.2403904,86.82,94.46476740000001,37.18,4159.97,0.08899,990.12,0.141465,894382.3622733,0.00712,449154.8,False,2026,2,February,FY2025-26
2026-02-13,14.18363,1017622.25814887,320.44361,220021.59549789305,0.709,29.84,7429.19,96235.21,122.87,24002.14,291.39,15363.79,19.46,5750.0,127.61,253.78,90.38939,0.04,19.1,3639.802679,29.287149999999997,26289.0,,1580.8147776,21.8589,2485.1864215,,688.9879349999999,9.14571,374.6080383,,30.8422986,100.64,89.8454677,42.22,4759.98,0.10034,1347.76,0.138135,910878.7114791,0.00753,425189.86,False,2026,2,February,FY2025-26
2026-02-14,4.26723,50341.618958623,196.16976,41974.362231304,0.728,30.19,7617.68,90455.12,110.03,19283.59,254.55,3860.17,13.35,1405.14,133.75,258.6,79.36274,0.04,,3056.2705218,29.76457,,,1400.5407793,20.62863,1655.6502757,,649.7153288,9.05135,239.3110047,,30.6283385,96.07,43.8171782,39.01,4451.67,,1164.31,,,,,False,2026,2,February,FY2025-26
2026-02-15,1.69809,20858.901763062,170.13427,21127.148307975,0.654,22.880000000000003,7154.95,70326.94,88.94,11891.85,0.25,181.79,79.77,9041.51,121.89,241.32,67.81727,0.03,,2201.1499976,24.41254,,,1125.1481628,17.05649,1317.5120962,,499.1879414,6.810860000000001,183.3067423,,19.4614721,81.59,16.3019991,29.41,3427.26,,744.18,,,,,False,2026,2,February,FY2025-26
2026-02-16,15.2828,895975.3660510279,296.63674,188256.742075029,0.669,24.6,7235.48,95510.43,119.64,23458.86,147.29000000000002,11104.46,83.97,7222.93,116.98,225.48,93.02401,0.04,25.52,3471.380159,46.894450000000006,30694.71,,2561.8859209,28.41858,3594.3526228,,937.6603615000001,5.469320000000001,491.2860702,,32.4678664,85.23,64.5952473,36.84,3985.38,0.08286,1029.1,0.0,910767.853,0.00696,0.0,False,2026,2,February,FY2025-26
2026-02-17,13.5478,903475.7636818518,284.29459,152201.534335736,0.659,25.32,7220.84,92544.1,117.78,22542.98,87.13,7783.62,23.23,5683.92,118.65,236.17,87.14784,0.04,27.27,3325.9055474,29.06015,33430.86,,1449.1775229,21.11691,2551.8260949,,610.2794043,9.330670000000001,373.2663944,,33.565250999999996,84.17,89.5851671,34.7,3926.5,0.08905,997.34,0.26057,914406.174,0.00824,679076.35,False,2026,2,February,FY2025-26
2026-02-18,13.30382,901908.891215614,288.52795,168470.020386737,0.639,24.29,7257.56,91606.75,119.68,22965.91,97.28,7359.66,30.05,6712.73,121.81,243.26,84.82447,0.04,21.32,3287.6438919,28.59999,28821.82,,1451.7592002,21.005609999999997,2422.8192527,,612.7778541,9.37921,372.2163654,,33.3414983,82.26,72.3522158,31.93,3801.26,0.08383,938.31,0.097395,878624.302,0.00308,327812.48,False,2026,2,February,FY2025-26
2026-02-19,11.10983,269863.41278421,249.7725,119465.564454665,0.629,23.07,6994.11,86947.5,112.29,21332.56,99.3,4357.47,27.49,1844.53,126.05,250.81,80.87382,0.04,15.24,3378.2306466,21.35123,21800.45,,986.9133405,17.16683,1789.9161184,,481.9177533,9.16232,271.41535109999995,,29.931406099999997,79.2,54.6388663,29.32,3604.57,,840.57,,,,,False,2026,2,February,FY2025-26
2026-02-20,13.04328,982226.663471586,278.05095,201446.102635899,0.598,21.49,7010.03,86258.07,112.92,21857.28,143.59,7760.76,61.18,9966.55,130.96,256.07,80.14729,0.04,19.2,3777.630556,37.54082,28607.58,,1977.4128252,23.644620000000003,4329.8785803,,705.7015275,8.84735,448.1488725,,36.6992674,78.76,91.1680025,27.45,3538.27,0.06975,776.2,0.107475,881195.3733795,0.00819,427561.79,False,2026,2,February,FY2025-26
2026-02-21,10.24652,224147.954475483,234.81786,94431.310337028,0.598,21.37,6979.93,84256.35,106.95,19888.4,116.97,5803.45,16.57,5262.21,133.7,258.46,77.06066,0.04,18.55,3708.0503382,27.64027,25927.4,,1237.5473351,18.80438,1747.5802299999998,,518.0783886,8.742939999999999,260.9177669,,33.6399941,80.48,34.9474285,26.85,3589.77,0.00151,757.14,0.0,12638.74,0.0,0.0,False,2026,2,February,FY2025-26
2026-02-22,1.75047,18328.155767591,165.21122,22022.451282382997,0.644,21.709999999999997,7030.48,68821.03,87.56,11727.5,7.47,434.8,20.41,1147.2,133.17,256.55,64.87403,0.05,,2631.3519143,27.10726,,,1199.5614015,16.91872,1428.5172458,,464.6406587,7.118469999999999,185.8974248,,19.7034442,76.04,74.2225776,23.23,3088.58,,618.91,,,,,False,2026,2,February,FY2025-26
2026-02-23,13.48508,818528.0031223929,276.22152,158383.988674926,0.628,22.119999999999997,7004.09,89725.14,120.17,23226.17,231.13,7835.72,19.49,4031.28,118.74,236.08,82.13908,0.04,18.15,4134.0649392,47.36287,22997.94,,2587.6019687,26.56191,5233.7951847,,811.1508174999999,5.687030000000001,496.12192659999994,,35.8816256,76.25,76.1854666,28.36,3420.43,0.07989,798.93,0.11754,920553.9063795,0.00412,475587.98,False,2026,2,February,FY2025-26
2026-02-24,13.07669,827894.764168532,273.61399,169250.28580196298,0.659,22.950000000000003,6983.43,87436.1,116.07,22696.68,147.95,7661.01,19.85,5429.59,118.51,240.97,79.06637,0.04,20.05,3927.8198139,27.9194,27507.11,,1522.651032,19.57133,2664.4806868,,539.8712270999999,9.232380000000001,367.79607940000005,,34.239264299999995,75.51,87.5798756,30.94,3352.6,0.06867,826.95,0.118275,920288.3119718,0.00561,408505.5,False,2026,2,February,FY2025-26
2026-02-25,13.48944,969421.6115155292,281.91825,189078.090867572,0.648,22.63,7098.54,90237.78,118.89,23929.22,226.99,11579.53,53.67,7114.07,123.42,250.78,81.93765,0.04,19.42,4307.418308,28.338,26283.06,,1566.6348632999998,20.08213,2814.6605728,,547.0933031999999,9.26856,385.8394284,,32.3238158,77.33,94.5767124,29.0,3471.72,0.09441,777.32,0.112635,932529.719,0.00326,434676.16,False,2026,2,February,FY2025-26
2026-02-26,13.48053,927321.453315548,287.07254,204541.956046496,0.648,22.61,6957.12,88166.29,119.64,24457.91,161.7,12932.85,18.95,5133.14,124.99,256.44,80.78033,0.04,18.66,4401.7271578,28.40939,26545.4,,1586.3981368,20.03269,2866.6602735,,550.0965123,9.270409999999998,410.22039,,32.0900888,76.0,81.0630996,27.53,3430.09,0.07179,770.76,0.099335,904402.271,0.00439,446208.53,False,2026,2,February,FY2025-26
2026-02-27,16.27186,1417836.9104896593,502.18557,374148.700768633,0.669,23.39,7311.65,105320.93,132.52,29398.16,228.37,16872.1,35.42,7650.1,125.08,257.85,97.24964,0.04,18.32,6420.4890048,29.51037,26899.87,,1673.7357592,20.69612,3069.9193507,,587.7623424,9.195290000000002,473.41458,,33.3103659,86.61,97.9546707,27.74,4166.19,0.06746,790.23,0.211265,863904.652,0.00801,2224799.63,False,2026,2,February,FY2025-26
2026-02-28,6.46275,85499.841329448,235.77122,76117.417639283,0.75,28.909999999999997,7536.49,107689.21,126.91,26709.04,66.38,3226.63,74.11,5487.36,133.48,265.76,99.93259,0.04,,6196.2773745,27.93287,,,1463.875833,19.27222,2502.4139074,,589.5912782,9.04763,385.4959622,,27.8072569,95.96,41.231197599999994,28.99,4779.62,,860.41,,,,,False,2026,2,February,FY2025-26
2026-03-01,2.17555,26860.403538885,201.16955,35566.199628024,0.476,21.39,7554.18,97525.53,116.32,19261.41,6.710000000000001,1050.26,28.1,3307.98,128.11,254.4,87.1177,0.04,,5096.5114969,27.98641,,,1415.5194517,18.95216,2052.7234675,,579.1048207,6.90754,274.1824471,,16.858909999999998,92.98,17.5332663,28.46,4378.32,,822.85,,,,,False,2026,3,March,FY2025-26
2026-03-02,15.60418,1161939.87131958,500.3848,281348.74247946497,0.592,27.450000000000003,8015.62,131735.46,148.99,32092.73,224.05,16922.3,123.59,12723.07,110.67,215.88,112.04376,0.04,24.29,7370.1588684,48.85495,32786.2,,2719.5215631,29.89322,5177.6919235000005,,948.7320043,5.095020000000001,672.3564684,,28.8357951,107.11,71.86159440000002,37.01,5525.22,0.09862,1118.1,0.12074,909864.905,0.00814,557208.58,False,2026,3,March,FY2025-26
2026-03-03,7.39062,187675.309303154,344.42309,105274.388270919,0.588,24.81,7409.39,98434.71,118.87,22291.22,65.97,3328.13,201.53,14401.57,92.84,189.68,97.00529,0.03,16.5,5637.8196896,21.15521,23025.85,,1055.3375877,16.84153,2157.9854583,,415.4261903,7.61169,313.5692053,,24.4951883,91.98,32.1742421,30.81,4502.58,,884.2,,,,,False,2026,3,March,FY2025-26
2026-03-04,7.93363,746366.767643726,250.79061,127824.684665464,0.264,10.6,6874.84,90761.63,108.07,22278.66,90.66,4271.29,95.13,10539.86,82.67,160.22,86.67968,0.04,12.54,5471.7247711,32.760040000000004,15772.44,,1795.2459067,22.006030000000003,4096.2785117,,627.2180903999999,5.39687,479.0340394,,17.565808,74.46,79.0469327,17.17,3512.71,0.08602,491.6,0.10681,926290.2724332,0.00972,578368.65,False,2026,3,March,FY2025-26
2026-03-05,13.33178,995697.9425359588,290.12313,199303.254138363,0.509,20.96,7395.89,107158.79,126.52,27009.94,74.8,5867.72,323.78,38269.77,101.93,185.3,107.60046,0.04,19.96,6461.0025293,27.51585,26161.68,,1578.4681164,20.592730000000003,3279.7003103000006,,623.2179296,3.2509900000000003,426.561972,,23.905041599999997,94.52,93.5205335,29.45,4742.87,0.10623,882.48,0.15803,959237.6466275,0.00829,616792.4600000001,False,2026,3,March,FY2025-26
2026-03-06,13.80448,1017421.175298232,325.44727,202502.941133948,0.54,23.12,7405.37,103910.72,128.1,26462.25,69.59,7070.5199999999995,34.09,6649.32,114.39,218.44,105.65306,0.04,20.34,6398.7542934,30.11041,27787.48,,1820.2604599,21.805470000000003,3798.3803208,,660.0827764000001,7.81533,460.7536904,,26.644740499999997,95.55,77.4608853,30.82,4795.54,0.10905,934.21,0.14725,923006.642,0.01026,602063.61,False,2026,3,March,FY2025-26
2026-03-07,11.84631,269889.96610399504,383.70449,136117.032711584,0.549,24.52,7599.69,105378.62,119.82,25222.95,89.92,7836.84,105.94,13213.52,123.33,235.91,105.11194,0.04,18.8,6415.9184429,28.21103,26081.87,,1513.71311,19.67576,2614.9061252,,589.3831222,8.36279,344.743604,,28.8529073,101.67,94.6988966,29.4,5118.28,0.00138,913.07,0.0,13770.37,0.0,0.0,False,2026,3,March,FY2025-26
2026-03-08,1.97322,22254.172997018,180.12954,27626.608003538,0.585,24.97,7384.21,81073.89,93.46,14174.57,141.37,5788.3,29.8,2796.79,125.53,243.21,82.77242,0.04,,3942.1868092,27.0595,,,1352.8640364,18.23719,1914.3837232,,531.3615862,6.82562,247.6112536,,17.0651162,93.05,34.4785219,26.19,4314.83,,806.43,,,,,False,2026,3,March,FY2025-26
2026-03-09,14.37372,911018.68256125,322.24266,171369.570423108,0.62,27.04,7536.15,112655.96,131.78,28331.52,143.79000000000002,7274.06,57.91,6264.8,113.74,222.35,105.53229,0.04,19.56,5551.6243651,47.04452,25813.72,,2690.2473120000004,28.42587,6143.9754768,,897.1757677,5.41363,630.5148539,,26.488976300000004,98.1,70.3554349,35.43,4888.81,0.08709,1151.95,0.164475,943641.526,0.01092,725548.49,False,2026,3,March,FY2025-26
2026-03-10,14.20246,962721.116723878,334.23703,183283.372007762,0.62,26.72,7563.09,109885.32,129.96,27785.47,356.11,12156.39,211.64,28070.4,119.73,239.95,113.30653,0.04,22.21,6033.4088648,29.769730000000003,29483.12,,1701.9515408000002,21.24139,3441.8057697,,611.6566333999999,9.330339999999998,461.9297189,,26.6392899,99.18,74.3618902,35.9,4957.58,0.08329,1185.34,0.13221,936221.410459,0.01074,611894.2,False,2026,3,March,FY2025-26
2026-03-11,13.68013,953592.6414680078,310.04136,193241.901081796,0.66,27.29,7528.3,104165.98,127.85,26146.26,264.74,10332.28,28.5,5594.97,120.18,242.97,108.67178,0.04,20.94,5199.6091952,30.31685,27897.84,,1622.9889232,22.13696,3031.1753977,,620.1091203,9.465150000000001,402.7031636,,26.579647500000004,97.29,88.497892,42.41,4785.74,0.087,1264.14,0.161185,911641.348,0.01138,560355.9099999999,False,2026,3,March,FY2025-26
2026-03-12,13.50342,1020260.456662688,306.55728,197485.418265677,0.599,24.87,7411.82,99749.33,122.12,25086.14,95.0,6870.33,32.05,6021.36,122.18,246.47,105.38518,0.04,19.62,4801.5105058,31.266229999999997,27520.46,,1610.036307,22.478989999999996,3199.8544223,,632.1828413999999,9.457490000000002,457.8297795,,24.434026000000003,91.03,89.8167356,38.82,4429.0,0.10192,1108.13,0.166375,937949.4511846,0.01014,576296.34,False,2026,3,March,FY2025-26
2026-03-13,15.04784,1293059.035696561,349.0388,240729.03980039,0.639,25.46,7408.48,96563.24,119.91,25291.25,1117.34,28869.63,23.52,6287.87,122.5,248.74,98.89552,0.04,18.81,4415.6491311,31.72445,25978.2,,1612.0396163,22.224389999999996,4092.4242353,,647.9982195,9.445800000000002,413.3655425,,25.593314399999997,89.28,82.6151968,36.4,4275.13,0.08716,1026.6,0.140895,912714.17,0.01071,598699.27,False,2026,3,March,FY2025-26
2026-03-14,5.02966,59687.08753816,201.24298,49758.337287984,0.901,33.650000000000006,7464.16,92196.0,112.95,21137.21,149.0,3767.33,10.59,1321.0,130.13,257.36,90.37632,0.05,,4025.8205072,29.26046,,,1421.0748729000002,19.71935,2008.1297503,,596.5236923,9.36739,286.9899032,,28.1079939,92.6,34.2739088,65.21,4353.59,,1681.41,,,,,False,2026,3,March,FY2025-26
2026-03-15,2.02612,22353.764211961,172.32844,26560.471470563,0.806,28.23,7320.09,77673.68,94.5,13813.43,4.56,332.5,81.79,9015.69,126.56,250.38,77.73021,0.04,,2996.0552861,27.94688,,,1292.0784899,17.8245,1858.6660492,,520.4185192,7.137779999999999,226.9498705,,17.4858699,82.77,17.4617254,44.79,3629.17,,1130.76,,,,,False,2026,3,March,FY2025-26
2026-03-16,16.83086,1154725.498319907,337.12573,226999.87442105697,0.81,29.43,7341.59,100286.48,125.24,26076.98,170.47000000000003,7801.87,86.78,8994.55,115.93,230.77,99.20667,0.04,27.05,4046.8283345,48.90208,34598.81,,2524.8646896,28.045879999999997,7723.7996363,,895.9091122,5.69536,551.203867,,25.9421899,87.25,66.64410210000001,53.69,4129.17,0.07245,1446.27,0.151995,927745.7984244,0.00951,606498.5700000001,False,2026,3,March,FY2025-26
2026-03-17,15.12306,967647.816515617,303.41795,198637.486741164,0.77,28.06,7319.94,96510.62,121.96,24899.84,41.379999999999995,7475.68,23.84,6079.16,116.98,238.13,93.54417,0.04,28.17,3993.6049599,28.05767,35987.7,,1420.6379307000002,20.31884,2839.8958161,,583.3177473,9.71023,397.3380894,,25.6481803,85.84,76.6277001,46.65,4061.62,0.06821,1263.84,0.141905,915427.703,0.00579,605243.5,False,2026,3,March,FY2025-26
2026-03-18,15.21147,1199057.236954699,308.55902,218232.675050452,0.77,27.73,7495.86,95489.75,120.89,24996.58,65.24,8686.210000000001,38.79,7354.01,120.08,242.84,88.5729,0.04,23.07,3722.8604757,29.60076,34197.25,,1439.4846092,20.99101,2753.7093943,,596.5884327,9.740109999999998,392.5640144,,26.9407641,86.36,87.9099651,41.32,4021.06,0.06312,1113.75,0.137885,901861.7575334002,0.00818,566559.0800000001,False,2026,3,March,FY2025-26
2026-03-19,9.69625,247395.25998137397,250.23001,114593.799339341,0.698,25.38,7123.11,87386.11,109.62,20747.35,74.64,3924.31,15.48,2844.85,113.5,234.03,78.05484,0.04,13.5,3184.6682658,23.16796,18509.89,,1283.3853796,17.02731,1904.0437385,,583.2321687,9.546349999999999,274.5300103,,23.1179847,79.59,38.222621,35.79,3658.49,,971.86,,,,,False,2026,3,March,FY2025-26
2026-03-20,15.28811,1237935.047401095,303.99255,222881.643813539,0.708,25.49,7289.92,91930.06,118.42,23822.83,128.3,10716.63,63.05,10194.72,113.85,222.5,82.45837,0.04,19.63,3945.4318467,39.2776,26733.66,,2092.5022363,24.02479,4525.502504,,823.9922173,8.52387,477.5163853,,25.6298289,84.77,112.0159337,34.72,3904.44,0.07422,948.14,0.1279,914561.8392218,0.00973,516529.93,False,2026,3,March,FY2025-26
2026-03-21,4.93045,79376.86524409501,203.46856,64963.618860922,0.617,22.2,6753.2,73441.55,95.18,16118.3,49.61,1833.52,16.08,2786.24,115.28,217.64,70.3654,0.04,4.98,3270.7191074,27.62857,6330.09,,1348.5147334,17.2632,1838.9987696,,584.6177335,8.334159999999999,239.8205552,,20.5244524,76.09,82.858179,26.09,3315.14,,704.96,,,,,False,2026,3,March,FY2025-26
2026-03-22,1.90954,20064.460031467,155.79358,24369.613296142,0.705,23.71,6878.66,66078.72,88.43,11534.35,1.79,177.16,20.53,1204.04,122.34,228.51,62.15813,0.05,,2550.4100059,27.9657,,,1314.7723925,16.62576,1556.309035,,534.4930195,6.04175,188.96587140000003,,15.8973526,72.17,19.9357615,26.6,2969.97,,697.34,,,,,False,2026,3,March,FY2025-26
2026-03-23,17.44826,1135899.833526028,404.89455,243870.32852534705,0.75,27.51,7121.26,95601.77,122.02,26107.51,113.39,10061.17,22.79,6447.63,117.43,224.91,83.09544,0.04,22.85,4194.3859191,49.77285,31391.26,,2717.7486457,26.89943,5171.5682898,,1009.8556479,5.77791,531.2092171,,26.590008199999996,79.07,28.5940865,33.37,3637.84,0.07842,948.1,0.136935,908093.04,0.01222,626036.1799999999,False,2026,3,March,FY2025-26
2026-03-24,16.46719,1241845.389041314,320.79655,235643.19529090897,0.749,27.55,7086.88,91609.73,115.39,25131.53,239.07,10869.58,21.75,6205.25,117.7,234.82,77.75529,0.04,27.27,3957.5713512,30.35371,38900.44,,1729.4444924,20.64907,3043.7175276999997,,764.7869696999999,9.76806,426.2392172,,26.8965813,78.69,113.4001051,31.95,3633.94,0.08338,915.65,0.17422,918391.7161263,0.00757,618301.8300000001,False,2026,3,March,FY2025-26
2026-03-25,17.53131,1447497.6212965313,340.04867,311720.281153408,0.78,28.35,7258.82,96046.1,118.83,26761.38,141.91,11073.24,57.33,8597.41,120.54,242.69,83.40654,0.04,23.55,4391.3247477,31.713010000000004,35667.6,,1741.372001,21.31568,3148.34278,,775.2319639000001,9.41422,444.63524070000005,,26.1641973,81.93,70.12154050000001,32.28,3800.89,0.07893,914.32,0.156325,922059.1762484,0.00671,619623.8500000001,False,2026,3,March,FY2025-26
2026-03-26,12.1539,296056.936718681,270.97776,184096.340353598,0.849,30.75,7108.66,87058.06,110.75,23760.47,126.79,9233.560000000001,11.8,4098.38,119.15,246.62,73.60089,0.04,11.98,3706.7264675,24.52126,21597.05,,1281.2501146999998,17.61697,2304.2818297,,577.5715574999999,9.39098,326.8275923,,23.0040957,78.58,61.0323612,32.83,3632.35,,923.21,,,,,False,2026,3,March,FY2025-26
2026-03-27,18.80321,1904796.2217207632,329.29056,324852.055907563,0.749,27.03,6979.29,86786.3,114.65,25631.32,184.87,13424.59,28.46,7187.9,120.08,247.1,77.5539,0.05,21.3,4216.0021335,39.82185,32440.7,,2158.0934288,24.13296,3890.0359307,,851.4718995,7.71615,539.2673865,,23.8476562,76.38,123.1497318,29.03,3534.91,0.07242,817.48,0.165125,928392.704667,0.00708,666115.01,False,2026,3,March,FY2025-26
2026-03-28,6.66713,84128.55041408898,224.08636,80591.379205167,0.839,30.74,7156.36,85443.62,110.82,22401.85,126.3,4282.23,59.31,3069.76,127.66,251.94,76.11102,0.05,,3864.0803429,28.81589,,,1439.6070257,18.49556,2112.7992778999997,,623.8259418,8.99796,305.9085088,,21.8086113,79.19,22.52753,30.4,3653.48,,859.89,,,,,False,2026,3,March,FY2025-26
2026-03-29,2.86242,32367.755489635,171.90918,34409.701157404,0.795,26.14,7067.47,71210.24,94.44,14905.36,35.35,1138.9199999999998,3.72,538.37,127.56,250.55,64.07527,0.05,,3233.4524838,27.75566,,,1328.8759133,16.12737,1785.9874234,,526.9844889000001,4.59558,230.6000135,,16.1371811,72.23,14.2397493,25.09,3030.32,,659.81,,,,,False,2026,3,March,FY2025-26
2026-03-30,25.83312,2454674.0544133787,516.29097,597085.590508669,0.842,30.94,7259.87,109254.3,136.07,35109.62,329.6,25930.63,39.95,10284.86,117.28,230.94,91.34269,0.04,36.18,6477.9114309,47.8744,53998.5,,2658.3029442,26.54208,5049.9202273,,962.4131781,7.46771,684.3711271,,19.6133498,82.84,27.2153933,33.75,3933.33,0.07384,965.68,0.270895,837678.988459,0.0076,2754086.44,False,2026,3,March,FY2025-26
2026-03-31,18.77365,604491.957061147,477.68783,400664.700383748,0.881,33.85,7298.91,109539.76,154.86,35785.9,175.38,16967.36,29.83,6378.7,117.73,238.0,91.33011,0.04,18.79,6307.9108228,20.90641,33061.19,,1208.2846992,16.34336,2823.1536176000004,,534.6569039,9.84963,469.4486629999999,,18.718971699999997,86.88,15.0191488,33.54,4204.49,,977.0,,,,,False,2026,3,March,FY2025-26
2026-04-01,2.12429,49535.750543948,68.93133,49039.73237645901,0.515,25.6,7390.16,105071.07,200.32,29382.1,87.0,3259.94,50.75,4967.51,115.4,237.21,90.60201,0.04,,5525.2608559,21.67458,,,1151.5451813000002,18.031930000000003,2299.8374122,,553.3505455,8.077969999999999,340.9231542,,13.1439836,87.2,26.7196262,31.68,4148.19,,938.82,,,,,False,2026,4,April,FY2026-27
2026-04-02,17.54668,1831653.208400928,456.8297,320099.15996493,0.583,27.79,7837.44,125111.99,161.79,33218.69,174.5,20083.32,87.82,11104.98,117.4,238.17,105.50559,0.04,22.5,6919.8138121,41.5345,39848.86,,2421.9756387,27.134210000000003,5584.011839000001,,915.7823092,9.540540000000002,760.5953544,,24.5514323,99.03,67.2924875,36.71,5146.75,0.06735,1127.2,0.199395,878537.2031199,0.00976,1056167.39,False,2026,4,April,FY2026-27
2026-04-03,5.94659,119018.435728826,226.91593,78339.17026776899,0.601,29.11,7481.77,101165.26,122.31,22644.6,49.16,1743.5500000000002,189.94,13131.2,123.02,245.75,97.31624,0.05,11.79,5718.7223518,22.83676,19405.17,,1247.0263303,17.03258,2361.6695283,,543.3412338999999,9.32741,320.52020899999997,,24.2592774,92.14,49.3603478,34.53,4666.55,,1054.74,,,,,False,2026,4,April,FY2026-27
2026-04-04,12.656,362155.966176736,286.75603,136676.829351129,0.562,26.49,7752.72,111899.57,133.25,27386.86,42.4,5621.53,88.7,11205.56,122.93,242.74,96.50636,0.05,21.74,6180.0839917,27.31095,34780.74,,1491.7299778,19.75268,2690.2823085,,642.0738489,7.30391,321.8860707,,23.316738,97.66,91.7971393,33.54,4955.14,0.00201,1015.85,0.0,30423.63,0.0,0.0,False,2026,4,April,FY2026-27
2026-04-05,1.99765,22621.563120949,178.18879,28834.199396034004,0.526,22.66,7579.81,88194.87,106.3,16239.04,4.84,811.15,272.22,33098.36,124.29,241.7,80.26185,0.05,,4249.4428092,27.26017,,,1387.6081236,17.75178,1858.3984685,,527.6053861,7.39134,238.9640041,,18.5001095,87.81,44.4495271,26.93,4085.52,,760.07,,,,,False,2026,4,April,FY2026-27
2026-04-06,14.59857,1110978.5102133192,338.0348,202742.19334888895,0.592,27.12,7575.5,111242.92,134.31,28269.77,172.44,6364.17,96.81,8588.72,112.85,221.86,100.09897,0.05,26.74,5627.1490746,55.2914,38555.57,,3271.7123849,32.259420000000006,5992.7249084,,1136.0068961,5.93529,693.3476565999999,,24.5915675,94.21,66.5107037,35.53,4740.85,0.07016,1079.97,0.152665,852008.3667688,0.0101,760953.79,False,2026,4,April,FY2026-27
2026-04-07,13.53949,904963.453973543,408.14594,182641.121731966,0.601,27.33,7448.11,107032.89,130.5,26868.87,286.11,10377.15,131.44,14638.06,111.17,227.11,100.13067,0.04,24.18,5799.0701825,25.79303,37103.48,,1522.0047163,20.58519,3493.8894345999997,,639.1245993,8.65855,442.2135494,,23.6905257,95.59,81.45759999999999,34.2,4800.03,0.0845,1037.8,0.18303,836981.5658843,0.01163,684329.0000000001,False,2026,4,April,FY2026-27
2026-04-08,12.84963,880012.4675896231,310.43416,236773.878697531,0.671,30.04,7697.64,109088.26,130.1,26549.96,99.99000000000001,6111.0,41.77,6784.5,112.94,232.29,96.43671,0.04,21.44,5150.0034183,28.47329,34698.31,,1673.4624519,21.42394,3231.4257881000003,,682.2044092,10.91595,440.3620928,,26.688128099999997,99.8,60.8291133,37.72,5010.49,0.08563,1117.22,0.14463,856760.1260646,0.01542,673697.62,False,2026,4,April,FY2026-27
2026-04-09,12.31764,999694.1543577141,284.54899,202018.21967338,0.681,29.68,7598.49,105437.82,128.76,25703.78,35.58,5030.57,39.73,6120.85,113.47,236.84,92.71756,0.04,18.52,4714.3438938,27.28446,32051.54,,1554.7214196,20.47732,3208.0270726999997,,629.4540099,10.59337,427.04329929999994,,22.6869832,92.83,82.8205955,37.92,4608.67,0.10662,1091.4,0.12708,888653.555459,0.00592,701768.42,False,2026,4,April,FY2026-27
2026-04-10,14.01044,936895.015979494,330.69613,204745.331666058,0.661,29.56,7806.78,107022.99,131.22,26258.22,40.28,7664.47,211.81,28512.56,118.32,241.96,96.23061,0.05,20.26,4601.8536926,29.05206,41883.15,,1604.6495358,21.30541,3034.8750761,,669.7348584,10.05089,431.1835111,,22.364803,96.53,78.5885722,35.72,4811.07,0.0792,1045.55,0.13886,844371.605,0.00909,628683.3500000001,False,2026,4,April,FY2026-27
2026-04-11,4.33654,47847.670768813,203.02474,45183.319645434,0.659,29.93,7700.14,96157.79,117.31,20771.52,55.89,1536.77,13.73,1547.68,128.19,250.63,85.92357,0.05,,3927.8762399,26.79865,,,1299.6152235,18.91587,1910.9376173,,589.8258361000001,9.72197,261.9226734,,23.3025301,92.66,37.0462797,33.2,4525.43,,978.38,,,,,False,2026,4,April,FY2026-27
2026-04-12,1.76781,18252.609229178,172.38276,22792.59329467,0.614,25.01,7575.18,77982.2,99.51,13625.44,120.29,2224.09,11.66,1252.02,126.93,243.64,71.91299,0.05,,2718.027299,27.78738,,,1307.4905009,18.24082,1531.1925445000002,,553.6427995,7.43362,205.2277588,,18.127116,81.3,10.4040278,27.33,3602.84,,759.08,,,,,False,2026,4,April,FY2026-27
2026-04-13,16.03062,990399.6634921442,320.21548,190985.443093327,0.6920000000000001,29.09,7755.89,104205.51,127.9,26307.21,98.29,6817.370000000001,36.82,6685.37,113.9,222.44,96.56969,0.05,25.8,3905.8758547,48.63867,36456.59,,2556.6594612999997,29.512880000000003,3987.0827166,,1006.1251442,6.03496,541.3476079000001,,22.118855900000003,90.19,62.731018500000005,36.83,4360.43,0.10431,1064.8,0.14153,858688.2913839,0.00532,664745.6799999999,False,2026,4,April,FY2026-27
2026-04-14,5.29981,97608.33130445,318.50962,74017.62379609201,0.6880000000000001,28.78,7397.29,87362.63,111.38,19657.21,44.7,1048.76,17.16,2216.18,113.34,226.01,82.89961,0.04,6.37,3231.6913416,22.733030000000003,8247.37,,1115.6141052,17.02156,1880.6871874,,511.1702461999999,9.68028,259.98412290000005,,23.9476357,82.06,44.333643599999995,30.81,3761.86,,883.09,,,,,False,2026,4,April,FY2026-27
2026-04-15,14.34927,975665.380394399,287.77648,176728.193887184,0.68,27.86,7617.48,98877.82,122.8,24588.17,69.93,7082.78,159.47,16167.11,113.56,225.46,88.53224,0.04,22.21,3525.5041398,35.43521,30598.59,,1860.5605518,23.72995,3372.8066237000003,,781.8292956,7.91556,468.7758556,,21.9253917,84.31,96.5552707,32.49,3983.1,0.09292,933.23,0.14578,860205.2907203,0.01164,674557.16,False,2026,4,April,FY2026-27
2026-04-16,13.56113,814557.6861098602,278.54402,166708.870431069,0.669,27.37,7443.62,96594.6,120.17,24371.64,83.85,6385.16,19.99,5945.02,115.64,233.08,88.54663,0.05,25.8,3353.5608905,27.8814,35819.94,,1423.3115035,20.97426,2658.3713063,,655.1673348,9.77693,385.1518444,,23.6601255,81.83,86.4653644,30.73,3891.46,0.09886,892.73,0.103065,881342.1231222,0.00664,510471.83,False,2026,4,April,FY2026-27
2026-04-17,13.22259,966525.356441708,301.58521,174497.641940765,0.67,27.63,7480.06,91887.9,114.76,22613.15,34.11,5504.849999999999,19.35,4964.48,117.98,240.04,83.60692,0.05,21.36,3140.8932059,29.22619,32222.04,,1486.6641309999998,20.81798,2653.4781818,,653.3710967999999,9.803709999999999,379.7602756,,23.3626749,79.43,55.948033200000005,29.6,3719.32,0.08601,857.84,0.11749,854796.1850926,0.01157,553266.29,False,2026,4,April,FY2026-27
2026-04-18,11.49487,254462.42364655796,341.66062,140001.736126999,0.669,27.67,7555.21,93482.06,108.59,21304.37,121.23,6003.92,28.6,5349.35,124.46,242.82,78.87791,0.05,17.96,3067.114495,26.00629,26858.9,,1287.2702058,17.99452,1777.5604653,,597.2003958,9.69675,278.14920970000003,,22.4826958,82.2,103.0980372,28.36,3863.98,0.00166,828.17,0.0,15457.02,0.0,0.0,False,2026,4,April,FY2026-27
2026-04-19,1.9301,19876.94898151,171.52998,24218.791530228,0.685,26.31,7388.92,79012.63,91.41,13405.3,5.45,915.8,6.84,497.17,124.88,239.66,65.2369,0.05,,2445.8815058,29.0454,,,2103.5132702,18.0977,1616.983317,,986.3662126,7.54361,218.7067078,,18.2288527,76.0,32.1193449,23.4,3289.46,,652.37,,,,,False,2026,4,April,FY2026-27
2026-04-20,13.04416,829326.442815018,314.33515,164927.434770235,0.7,27.43,7380.2,101417.94,115.76,23785.36,218.69,8518.939999999999,68.65,8188.49,118.57,221.16,86.82298,0.05,17.66,4048.5228211,49.6319,22723.84,,3042.0561975,28.29696,4790.876813500001,,1313.4057991,5.72455,537.254278,,20.6740253,78.62,72.16323709999999,28.45,3622.57,0.09431,820.88,0.119185,888678.8971487,0.00634,549558.8,False,2026,4,April,FY2026-27
2026-04-21,12.57496,755838.063505531,266.90829,153264.010239271,0.82,30.79,7194.62,91391.57,111.03,22508.95,104.83,8859.95,24.96,5882.75,116.57,223.18,81.97242,0.04,19.07,4054.7362934,27.8616,27480.65,,1510.6065763999998,19.50177,4971.1616964,,648.9141258,9.53735,390.6864727,,21.1036184,72.88,85.53555220000001,26.3,3338.73,0.09284,752.27,0.14978,880537.5204882,0.00401,532979.7000000001,False,2026,4,April,FY2026-27
2026-04-22,12.32865,733048.250108376,271.78806,140393.24590221202,0.838,30.92,7294.0,91205.61,111.34,22314.88,145.95999999999998,10574.88,32.09,5282.47,119.46,230.94,78.7268,0.05,17.77,3777.6566083,28.45379,27761.91,,1464.6279251,19.50749,2633.3657562999997,,585.4570801,9.548890000000002,360.3539875,,23.12579,73.14,94.0694879,26.34,3324.51,0.09299,748.65,0.14421,880853.439,0.00792,500305.44000000006,False,2026,4,April,FY2026-27
2026-04-23,11.18519,691631.645086167,255.2378,130181.284564439,0.838,30.29,7069.4,85193.86,108.65,21204.37,32.84,8892.95,12.06,4286.91,116.69,228.45,75.43958,0.04,15.48,3735.7029901,28.37044,24546.61,,1473.9318397,18.82381,2880.5871788,,557.1882409,9.39553,382.696644,,22.4612828,67.44,75.73536840000001,25.12,3051.23,0.08817,704.04,0.144375,891031.0507194,0.00898,527026.26,False,2026,4,April,FY2026-27
2026-04-24,13.12543,873274.861662555,265.24887,173169.48769188602,0.899,32.2,7283.75,89131.2,111.06,23074.11,201.38,11756.57,12.57,4858.74,119.32,232.88,76.87506,0.05,16.26,3821.374127,30.52522,25780.16,,1561.6455894,19.77282,2878.3583561,,608.232042,8.776079999999999,391.5355823,,22.6513981,72.5,96.6711277,27.33,3312.97,0.09229,767.23,0.14039,910833.2359807,0.008,567726.46,False,2026,4,April,FY2026-27
2026-04-25,4.42084,48405.074021006,192.13,42018.27039660701,0.928,34.55,7291.8,85213.1,107.31,19396.93,234.64,1697.3,17.13,2272.8,127.94,241.8,73.93819,0.05,,3613.7165808,27.41775,,,1298.3131545,17.726509999999998,1859.895823,,543.3629172,9.4855,256.9423753,,19.3394786,75.32,33.9837604,26.55,3415.45,,747.94,,,,,False,2026,4,April,FY2026-27
2026-04-26,1.74481,18365.123395448,166.86091,22569.064978781,0.843,28.36,7082.5,69044.68,89.12,12593.2,1.78,304.1,6.74,492.39,130.11,238.54,61.83015,0.05,,2735.607946,28.27952,,,1318.9871939,16.42675,1560.0721614,,484.3369078,6.91335,202.6663569,,15.295681299999998,67.7,8.8533173,20.45,2757.9,,539.85,,,,,False,2026,4,April,FY2026-27
2026-04-27,15.26728,882823.7838846231,275.40911,183717.007730948,0.889,31.24,7198.96,93068.62,116.74,24901.47,200.44,15178.82,56.22,6742.94,116.85,218.5,80.29588,0.05,22.32,4214.2425059,49.75395,29370.19,,2574.6368841,26.81946,4165.4848041000005,,877.0260966,5.39704,531.2247207,,21.1010769,73.74,78.3579745,26.2,3382.2,0.08895,747.36,0.13497,931550.1700995,0.00567,559941.0700000001,False,2026,4,April,FY2026-27
2026-04-28,13.45995,829184.6460512979,261.35788,171461.06787054098,0.939,32.919999999999995,7124.7,90032.0,111.56,24207.3,195.31,12095.04,77.59,7517.93,117.54,227.18,78.05964,0.05,24.16,4304.9995934,28.30451,33449.79,,1485.753839,19.34775,2950.1083368,,572.0803394,9.31822,414.8484657,,22.923271899999996,72.25,74.14761959999998,26.5,3287.08,0.08506,746.95,0.12407,922885.3946741,0.00838,474073.87000000005,False,2026,4,April,FY2026-27
2026-04-29,13.28564,949736.4531150352,294.85237,212425.260575599,0.869,29.59,7019.09,91198.31,114.74,25055.89,234.23,13077.21,17.2,5083.19,120.9,232.57,80.21646,0.05,17.48,4922.4157991,24.02462,27502.52,,1338.7156025999998,17.455099999999998,3034.3077696,,526.1586612,9.30516,376.5587638,,22.1672533,71.31,92.2953241,25.23,3231.88,0.08289,707.19,0.123055,935405.303,0.00718,517919.44,False,2026,4,April,FY2026-27
2026-04-30,15.54409,1234230.61443231,481.63518,373300.906620336,0.949,33.09,7446.74,119260.38,134.87,32700.81,207.18,16605.98,33.44,7301.71,126.22,240.0,109.33049,0.05,17.45,8268.0013088,32.36629,26043.72,,1787.3881025,21.505000000000003,4562.295413100001,,696.1279662999999,9.265479999999998,643.7538319,,25.602944,85.93,97.9588633,28.13,4183.87,0.07705,813.3,0.27606,917587.9061034,0.01014,3077848.74,False,2026,4,April,FY2026-27
2026-05-01,5.0057,90146.627425462,284.77702,99649.600634373,0.91,37.15,7679.12,111281.22,127.78,25618.83,79.9,2409.25,40.71,4047.06,129.77,241.84,98.94716,0.05,5.52,6538.8932119,25.57537,8741.5,,1433.8414964,17.36946,2306.2994323999997,,574.877821,8.62993,356.0156524,,25.7263635,90.32,45.318286,32.94,4480.34,,1006.92,,,,,False,2026,5,May,FY2026-27
2026-05-02,11.48871,362791.178060629,305.28341,159945.040785637,0.841,34.660000000000004,8001.1,121709.67,130.76,27133.5,54.47,11321.34,81.44,10023.33,121.37,229.09,105.045,0.05,16.22,7135.6961161,28.59447,23651.55,,1579.5500711,19.72553,2351.5852577,,615.3448512,7.167479999999999,349.3591283,,23.1183678,94.74,109.5053755,30.56,4882.2,0.00215,942.04,0.0,19987.08,0.0,0.0,False,2026,5,May,FY2026-27
2026-05-03,1.96048,21697.413012428,180.26742,28483.220930583,0.806,31.19,7678.15,93284.63,102.93,16469.62,4.68,428.07,183.12,12467.71,127.52,235.69,89.80147,0.06,,5224.7147491,25.27754,,,1316.949937,17.010469999999998,1852.7467614,,507.4542341,6.91378,265.05888550000003,,15.62338,85.69,39.4648851,25.46,4007.32,,731.76,,,,,False,2026,5,May,FY2026-27
2026-05-04,13.14003,904697.515234209,326.40402,173853.219405474,0.789,31.53,7407.78,113658.32,132.82,28870.94,162.91,8063.44,134.03,12197.0,110.49,211.89,103.13486,0.05,19.39,6612.0256635,55.77455,25136.08,,3382.0974809,30.29472,6552.3844552,,1043.4301924,5.59335,773.8748184000002,,23.2878736,83.22,72.1703353,27.18,4203.3,0.09194,833.79,0.12733,911793.3644654,0.00903,716518.77,False,2026,5,May,FY2026-27
2026-05-05,13.12684,829617.5164460851,313.60302,174756.973462878,0.85,33.14,7632.15,115017.52,133.2,28375.69,114.08,14374.68,339.92,40402.06,111.92,218.5,109.86144,0.05,19.66,7218.9648816,27.41583,29748.18,,1760.7327318,20.25744,3607.9646626,,652.3185423,9.05566,461.6029215,,24.6408051,91.86,89.2240099,31.61,4596.26,0.08245,945.97,0.168965,879436.7540104,0.0097,596714.22,False,2026,5,May,FY2026-27
2026-05-06,12.96436,895746.9615518438,345.70903,177363.051453551,0.8,31.23,7615.07,108562.67,126.11,26793.06,61.64,8354.34,34.15,6446.99,117.64,228.68,100.89221,0.05,18.4,5916.4339409,27.36651,26629.42,,1682.7077444,20.515320000000003,3436.65752,,650.7154373,9.532879999999999,467.2877164,,24.2386201,91.1,103.8022031,29.01,4515.63,0.07973,851.33,0.126495,897811.8735611,0.01535,506283.76,False,2026,5,May,FY2026-27
2026-05-07,12.8686,885163.7778797591,388.62531,180318.656506196,0.839,33.32,7605.24,107677.31,126.87,26264.5,74.88,8706.91,122.85,13885.71,118.21,234.49,100.79761,0.05,17.45,5882.822128,28.409650000000003,24812.26,,1673.9279725,20.944249999999997,3040.9209094999997,,624.4362937,9.295850000000002,421.2133394,,26.2602649,93.41,84.1482288,28.93,4648.15,0.11064,852.72,0.13994,938867.656913,0.01182,561446.11,False,2026,5,May,FY2026-27
2026-05-08,13.16423,926576.470966191,326.98445,189410.837532323,0.849,35.13,7717.27,104769.32,125.19,25342.38,126.4,10540.9,41.93,8101.62,123.09,239.62,98.33227,0.06,17.06,5897.8387019,29.481299999999997,25314.75,,1686.6293537,21.16651,4531.175760499999,,633.1202012,9.246609999999999,485.2722084,,24.7226983,96.19,102.8017765,28.1,4783.48,0.09682,854.73,0.17657,942272.183,0.00818,595877.4600000001,False,2026,5,May,FY2026-27
2026-05-09,4.34878,46860.303404377,204.59574,45650.451832345,0.888,37.72,7675.29,100137.12,116.38,21304.26,40.54,2630.0699999999997,25.76,2188.49,126.69,241.84,87.20452,0.06,,4749.4545254,27.854100000000003,,,1443.0195586,18.75507,2529.8504397,,548.4661579,9.20835,286.9094148,,24.9180759,92.37,41.055791,27.5,4517.25,,841.14,,,,,False,2026,5,May,FY2026-27
2026-05-10,1.79168,19905.541789824,176.68174,25895.697634599,0.845,33.1,7692.41,85290.49,96.69,14024.65,5.93,585.13,112.96,20022.87,126.35,239.02,79.06233,0.06,,3828.3194965,27.50134,,,1321.0863146000002,17.7822,2022.6310494,,497.6290973,6.95756,229.2389939,,19.0306592,84.83,17.4547479,23.69,3821.0,,682.36,,,,,False,2026,5,May,FY2026-27
2026-05-11,15.2993,910584.0584404721,320.45925,206343.668488619,0.89,35.13,7731.49,109868.94,129.93,27264.03,95.02,9201.23,128.11,10154.28,116.98,222.04,101.01882,0.05,23.48,5058.5251417,45.115390000000005,30109.85,,2422.0655466999997,27.066560000000003,5476.4001195,,860.6283305,5.40357,566.7939657,,24.2831679,90.96,81.0933739,30.82,4475.84,0.09705,916.24,0.189935,969717.0710279,0.00941,652681.84,False,2026,5,May,FY2026-27
2026-05-12,13.4461,766840.7631610961,306.75858,163468.812196521,0.889,34.58,7662.41,104647.39,124.38,25369.32,105.46,8301.31,32.79,6390.68,115.17,226.86,97.5362,0.05,24.74,4912.5024925,28.87489,32307.96,,1509.2581053,21.05446,3329.0705732000006,,596.7064621,9.59479,414.5110513,,26.1616867,89.92,96.81142880000002,28.87,4365.46,0.08797,851.62,0.166,968490.8239598,0.00878,538956.0399999999,False,2026,5,May,FY2026-27
2026-05-13,12.92527,836954.479781758,293.26955,151552.375150716,0.848,32.08,7565.87,99435.44,119.16,23916.94,287.77,9401.22,21.76,4943.51,119.1,233.84,94.79526,0.05,19.42,4417.643925,28.04833,26574.2,,1461.0509111,20.82779,3139.7936834,,598.0357252,9.48599,397.2651028,,22.7519036,86.25,71.88146069999999,26.96,4094.63,0.08955,776.69,0.14097,970060.9042999,0.01175,516781.7599999999,False,2026,5,May,FY2026-27
2026-05-14,12.43962,823756.6799016751,308.22281,161573.677908246,0.918,32.36,7479.84,96746.53,118.76,23615.84,197.93,8771.4,25.28,5198.52,120.04,237.23,90.8254,0.05,16.99,3908.2788992,29.653530000000003,24436.51,,1487.7996699,21.05552,3023.3649788,,593.889815,9.31591,399.1399032,,23.702837700000003,83.54,80.5598464,27.8,3904.34,0.0849,757.4,0.15507,966967.099343,0.01437,540938.22,False,2026,5,May,FY2026-27
2026-05-15,12.88052,896206.725982147,348.09572,183220.74088421295,0.948,32.25,7682.17,96584.68,120.39,23424.99,334.2,11348.07,148.05,15349.83,122.33,243.11,91.02632,0.06,17.36,3925.3168275,30.01296,26287.59,,1458.9607985,21.140870000000003,3054.20583,,598.3571489,9.28625,403.8335026,,26.145665500000003,86.69,100.0864669,33.02,3912.61,0.10149,852.55,0.158715,976983.5069892,0.01465,584798.59,False,2026,5,May,FY2026-27
2026-05-16,10.13211,269198.99810217397,252.71236,99098.17383779101,0.938,31.75,7579.73,90908.18,110.14,20446.77,106.57,8331.130000000001,14.69,4487.01,125.88,246.69,82.39879,0.06,16.3,3404.3906457,18.68867,30208.37,,868.7719648,15.00207,1238.6676978,,398.1288071,9.052629999999999,172.49927730000002,,19.3318579,84.94,82.3624591,32.42,3830.31,0.00131,844.52,0.0,15374.51,0.0,0.0,False,2026,5,May,FY2026-27
2026-05-17,1.83039,19361.634218621,174.12187,24043.168553259,0.915,30.17,7456.29,75206.21,89.97,12317.27,6.74,425.12,6.22,538.09,124.59,243.4,69.95933,0.06,,2348.7193168,35.06768,,,1461.3279677,20.32581,1970.2778728,,548.4054973,7.68343,298.6865045,,27.4673582,77.26,27.8132449,25.8,3260.17,,667.41,,,,,False,2026,5,May,FY2026-27
2026-05-18,13.4363,844615.836754264,274.5076,152957.28023464698,0.93,31.32,7436.11,96202.81,117.38,23206.78,51.91,6550.45,31.36,5633.7,117.62,226.56,91.88985,0.05,17.28,3696.9184976,46.40083,22305.3,,2220.9700155,26.6512,3970.2578756,,822.0746358,5.686999999999999,522.4831174000001,,21.6619671,80.81,58.791935,31.51,3665.6,0.09222,852.48,0.155305,989668.5232259,0.01046,530563.98,False,2026,5,May,FY2026-27
2026-05-19,12.73354,832391.986835909,264.18667,162344.43344285,0.869,29.59,7377.7,92099.95,116.32,22606.84,72.24000000000001,7469.86,27.33,5050.27,115.71,231.74,84.27755,0.05,17.9,3717.5168069,27.475230000000003,25688.61,,1348.5447102,19.98092,2325.8506816,,555.2841386,9.56641,355.2435555,,24.1976045,77.12,114.5662931,28.36,3505.73,0.0871,773.55,0.133265,955254.1275197,0.01075,456917.77,False,2026,5,May,FY2026-27
2026-05-20,12.81053,846491.513644788,273.49523,151350.901575899,0.868,29.63,7475.8,95243.83,116.14,23065.94,58.16,8251.85,62.71,8782.17,117.95,237.73,83.11677,0.05,17.56,4131.2279853,27.956179999999996,24596.99,,1388.8397,20.07927,3310.1310955,,563.7516827,9.65998,417.7864703,,24.7808756,77.7,73.91784150000002,26.87,3531.34,0.08005,732.31,0.12801,935425.2784488002,0.01165,468407.53,False,2026,5,May,FY2026-27
2026-05-21,12.04052,768050.269328814,256.54563,144933.696555084,0.858,28.63,7180.1,88774.26,113.85,22275.76,45.34,6734.2,22.18,5573.94,121.14,245.53,79.32137,0.05,16.38,3996.9221534,29.05071,24884.91,,1506.3628792,20.69059,3794.0301226,,587.9124344,9.28222,386.4805778,,25.258904,74.81,100.9512579,26.05,3363.03,0.09252,708.85,0.13138,967843.4490139,0.01571,497885.85,False,2026,5,May,FY2026-27
2026-05-22,13.11894,989821.1683504732,272.22776,178677.274097643,0.858,28.55,7404.99,89437.89,111.93,22039.14,95.32,9429.47,28.84,6472.78,122.49,247.07,75.4615,0.06,15.92,3759.9236494,30.011149999999997,23980.64,,1517.0651715,20.84574,2660.2259462,,588.0767476999999,9.44458,387.70630960000005,,25.2400142,75.21,79.25677800000001,25.89,3390.85,0.0965,706.75,0.145975,959412.8207485,0.00682,510931.06,False,2026,5,May,FY2026-27
2026-05-23,4.44154,48114.327509195,199.38618,41137.082252075,0.917,31.63,7305.88,84137.96,104.03,18425.65,67.25,3233.6000000000004,5.85,669.92,129.58,252.35,70.95012,0.06,,3495.2566208,29.08089,,,1357.8726699,18.48536,1726.4230562,,516.2293599,9.20646,267.3350519,,27.031216,76.18,55.594372,25.83,3440.81,,713.59,,,,,False,2026,5,May,FY2026-27
2026-05-24,1.74493,18622.193887938,170.97301,22868.03418565,0.883,27.62,7241.91,70488.01,89.57,12246.76,76.3,1838.79,5.91,639.33,127.07,245.95,60.85595,0.06,,2624.0943652,28.206809999999997,,,1246.4322753,16.86396,1448.5952616,,443.2284506,6.972829999999999,229.9239982,,18.798479,70.46,29.9668371,21.25,2895.52,,549.16,,,,,False,2026,5,May,FY2026-27
2026-05-25,15.17379,857969.6121067259,297.67756,193785.60978696495,0.928,30.71,7377.52,96626.32,120.9,25038.43,30.34,6967.75,59.89,7808.54,118.47,228.2,84.67211,0.06,21.83,4457.8053223,49.04373,28347.33,,2508.4547812,26.88282,3814.9788311,,824.4292484,5.6936,567.9099063,,22.5279588,78.29,55.735814399999995,28.27,3568.62,0.08,775.74,0.0,929558.693203,0.01069,0.0,False,2026,5,May,FY2026-27
2026-05-26,13.0778,1005176.6152403528,272.39457,162558.82334019098,0.958,31.17,7290.14,92990.6,115.67,23578.0,172.22,10122.54,16.76,5549.36,116.96,230.78,77.89617,0.05,22.76,4272.2858067,28.70089,30547.01,,1514.2164899,20.23724,2728.6802906000003,,559.7152016,9.47802,409.1147848,,19.6302122,76.39,85.76617290000002,26.01,3488.95,0.08343,713.58,0.32363,932923.1593155,0.01162,1018639.57,False,2026,5,May,FY2026-27
2026-05-27,13.28752,1071153.7568502233,280.92444,181417.911300202,0.967,30.700000000000003,7519.85,95677.9,118.61,23550.34,93.33,9145.1,17.86,5363.49,118.93,235.67,74.53819,0.06,17.15,4215.7525546,30.484230000000004,25571.54,,1577.6887751,21.01836,2697.6726257,,585.7917306,9.54894,411.1176597,,23.508887,81.55,108.0533268,24.56,3697.91,0.08471,650.05,0.12743,956317.5341566,0.00997,483476.46,False,2026,5,May,FY2026-27
2026-05-28,5.01159,102228.707219531,210.58742,80082.136910974,0.935,29.06,6734.98,73215.31,95.84,16590.6,72.65,3973.41,63.53,3323.61,114.89,227.04,67.01259,0.05,2.7,3713.335543,16.457990000000002,4230.53,,834.3521516,13.337220000000002,1327.2689745,,350.1192861,8.47676,180.1538233,,16.285217,66.39,52.0664819,22.27,2814.11,,576.29,,,,,False,2026,5,May,FY2026-27
2026-05-29,15.21307,1285550.678523852,398.61261,316319.557772843,0.927,28.76,7075.7,94811.1,114.48,25435.64,50.37,11807.47,26.85,6026.63,117.03,229.46,87.07707,0.06,18.36,6129.4074254,44.332139999999995,25089.24,,2308.1195267000003,26.13826,4032.1736428,,781.2728461,7.67677,650.5266954,,30.0563057,75.13,92.7547674,23.89,3440.21,0.08374,631.5,0.261325,964058.3117102,0.00681,2684276.77,False,2026,5,May,FY2026-27
2026-05-30,11.99595,409571.88737289293,293.55088,165554.30194098898,0.947,29.91,7359.37,101509.14,116.84,24825.94,43.63,7501.12,18.77,6560.98,126.87,244.74,91.90996,0.06,19.56,6680.8670128,26.44852,27634.95,,1386.4625036,18.26421,1991.6919679,,520.1330552,9.121260000000001,343.32341809999997,,26.2791495,82.7,30.177264299999997,23.82,3929.08,0.0021,634.76,0.0,23474.95,0.0,0.0,False,2026,5,May,FY2026-27
2026-05-31,2.48055,32811.041055386,174.64571,33996.951949113,0.924,28.29,7377.85,84423.46,97.95,16262.92,0.72,545.89,15.64,1549.62,130.52,251.42,77.88759,0.06,,4755.4915381,26.83595,,,1333.0910391,17.29741,1838.0030954,,474.9723957,7.71492,284.8717044,,20.1053826,78.53,21.1598678,19.41,3488.94,,501.52,,,,,False,2026,5,May,FY2026-27
2026-06-01,13.59179,1089597.5313615391,446.99726,245850.338206603,0.84,30.98,7847.33,126017.27,145.32,31309.76,119.84,8573.53,60.1,7470.13,117.53,233.0,105.71825,0.05,16.53,7567.1623926,44.92914,23085.88,,2569.0638633,27.39618,5079.6943458999995,,842.0689261,5.997699999999999,716.7261884,,26.8932658,94.03,92.5715693,27.9,4794.74,0.08031,805.13,0.141865,990363.7209354001,0.00901,717359.38,False,2026,6,June,FY2026-27
2026-06-02,12.5541,896188.4550834629,312.00304,172270.57649678798,0.809,30.35,7955.58,121338.4,134.11,28166.64,171.44,7127.15,85.58,10685.38,116.17,234.5,102.89883,0.05,18.05,6753.3836825,28.22127,27873.97,,1704.3232834,20.93613,3504.132129,,591.688778,9.531099999999999,514.3499378,,29.228872399999997,88.79,69.4383302,25.99,4482.81,0.07385,746.39,0.185455,920024.5139324,0.01083,720010.04,False,2026,6,June,FY2026-27
2026-06-03,12.33171,921718.564054382,313.01115,158529.024234063,0.799,29.64,7851.34,115092.87,131.63,27611.69,158.36,7831.25,214.47,17057.16,118.4,240.56,104.12254,0.05,16.87,6761.1758791,28.30709,25541.81,,1732.7141903999998,21.70607,3432.8564456,,615.4267196999999,9.808649999999998,507.8844687,,28.6216931,90.35,97.08927,25.86,4477.5,0.07898,729.84,0.182055,939622.4126263,0.0129,720574.09,False,2026,6,June,FY2026-27
2026-06-04,12.19598,879417.3203310181,300.33949,178646.684679446,0.789,28.82,7640.78,111592.07,131.84,27226.4,80.12,12390.27,95.09,11689.22,119.05,243.89,99.53448,0.05,15.96,6540.6921212,27.54053,24721.51,,1722.3492611,20.69494,3498.3285760000003,,589.783674,9.846670000000001,495.0629905,,28.434092099999997,84.92,100.0167077,26.14,4134.18,0.08539,733.16,0.15388,935448.9963167,0.01196,681686.5599999999,False,2026,6,June,FY2026-27
2026-06-05,12.43698,1003252.148345932,339.05101,189335.262083875,0.808,29.52,7764.8,108318.08,129.13,25947.37,84.34,6877.900000000001,342.3,41810.78,121.55,245.92,98.58292,0.06,16.83,6046.0481338,29.9384,24952.73,,1754.6097703,21.45467,3070.4183534000003,,607.5437264999999,9.72552,419.1138661,,29.5187599,86.81,105.3341421,25.72,4210.36,0.09666,719.15,0.15817,988204.3394921,0.01649,664842.6,False,2026,6,June,FY2026-27
2026-06-06,10.21246,278136.475867894,379.39153,124836.524397456,0.868,34.26,7753.77,103888.84,117.44,23056.36,144.26999999999998,6623.4,30.16,6268.04,128.24,253.0,96.36321,0.06,16.09,5674.5338022,27.423489999999997,22840.26,,1439.0637104,19.17647,2268.5441477,,551.5563236,10.14396,329.3280988,,30.8995599,93.14,113.8874439,25.13,4535.66,0.00164,702.57,0.0,25413.73,0.0,0.0,False,2026,6,June,FY2026-27
2026-06-07,1.85653,20679.169653506,190.96932,28254.789249074,0.944,36.019999999999996,7737.31,83853.82,96.46,14080.47,11.87,407.28,93.98,9332.14,128.1,248.04,81.03046,0.06,,4415.8205414,27.84064,,,1353.357013,18.25445,1791.7821415,,502.5352642,8.25624,243.579751,,20.697608099999997,89.68,24.1154488,23.29,4024.42,,625.91,,,,,False,2026,6,June,FY2026-27
2026-06-08,12.98085,938816.3653621849,318.42027,167102.84362823,0.968,37.260000000000005,7631.73,106344.92,123.92,25372.62,100.72,6733.0,63.97,7220.03,114.08,224.98,99.57105,0.05,17.67,5578.8480107,46.1841,21274.45,,2629.1019278000003,28.663579999999996,5399.6544109999995,,882.2012864,6.42068,634.3306719,,28.9826676,92.93,101.1101827,29.39,4467.36,0.12563,822.24,0.1399,1026190.2024662,0.01124,657188.19,False,2026,6,June,FY2026-27
2026-06-09,12.7938,960649.7368269269,306.93771,170251.91230468798,1.048,40.52,7715.3,107514.2,126.07,25525.74,143.48000000000002,8214.15,39.98,6845.69,115.34,235.71,98.29292,0.05,18.48,5342.7260793,27.464689999999997,25238.42,,1555.5520893,20.77985,3078.8504955000003,,571.3152478000001,10.22934,444.0147153,,25.489678000000005,90.85,85.21170620000001,30.72,4358.77,0.094,868.69,0.176855,969803.1814428,0.01006,622875.3700000001,False,2026,6,June,FY2026-27
2026-06-10,12.70682,980571.587249571,317.119,167213.879281597,1.018,38.74,7916.29,110285.66,130.5,25478.39,185.15,12112.55,210.09,29039.69,117.43,238.95,100.24431,0.05,18.58,5269.4849867,27.85883,30018.01,,1554.3180923,21.01006,2873.3602553,,629.7509782999999,10.20645,447.6913258,,24.7192528,93.57,113.8075277,29.81,4497.0,0.11685,840.79,0.14011,979799.4315197,0.00689,577311.5199999999,False,2026,6,June,FY2026-27
2026-06-11,12.12887,965272.6694780207,336.25751,169333.475452774,1.057,38.64,7653.96,102421.42,123.26,24070.28,83.37,7008.150000000001,32.72,6018.81,118.05,242.87,95.85077,0.05,17.06,4970.3434613,28.34183,23610.18,,1602.2245002,20.759310000000003,2945.1327299,,643.8076071,10.22424,447.9373791,,24.8252766,87.43,101.4972047,30.55,4153.81,0.10423,832.14,0.154985,981810.6534968,0.00652,561767.02,False,2026,6,June,FY2026-27
2026-06-12,12.87529,1088767.956598172,296.17885,171720.942100487,1.089,39.440000000000005,7709.85,96505.61,119.35,23030.84,166.79999999999998,11485.56,35.34,7211.46,121.99,247.25,91.25663,0.06,16.79,4311.830094,29.40882,23788.82,,1567.281095,21.21827,2921.4047627,,646.5152859,10.16004,434.1573379,,23.0878884,86.19,102.9798594,32.15,4025.49,0.09015,863.03,0.152655,928355.9328187002,0.01242,546245.65,False,2026,6,June,FY2026-27
2026-06-13,4.36332,48782.019327765,203.83849,43060.170764436,1.098,40.39,7610.51,89190.81,107.86,18520.77,5.470000000000001,1343.66,9.72,949.71,129.75,254.45,82.28271,0.06,,3388.6105594,28.7852,,,1354.8560192,19.323880000000003,1772.7099995,,564.8303524,10.27306,268.1523922,,26.08774,83.99,33.738991,30.26,3891.24,,827.14,,,,,False,2026,6,June,FY2026-27
2026-06-14,1.77417,20512.664449528,170.37226,24570.619774032,1.025,34.879999999999995,7628.15,76045.15,93.33,12407.49,125.37,1989.33,12.61,1141.13,126.65,246.71,71.40835,0.06,,2652.5912567,27.93027,,,1236.0169061,17.72775,1459.6461496000002,,485.9269938,8.36995,231.4265447,,19.0426264,78.47,15.681749,24.98,3326.65,,644.66,,,,,False,2026,6,June,FY2026-27
2026-06-15,14.96977,1160960.131498597,356.76697,219139.858457174,1.18,38.93,7705.76,100667.03,123.66,24498.69,178.51,8275.45,157.06,17191.12,115.1,225.04,99.29922,0.06,23.68,4132.187327,46.43972000000001,28979.99,,2315.8085649,27.02852,4589.8338048,,843.582899,6.08797,578.5406435,,23.6415855,86.64,79.9079242,34.96,3879.83,0.11803,890.03,0.127515,973118.1349577,0.00694,470338.19,False,2026,6,June,FY2026-27
2026-06-16,13.13212,984936.146995966,286.99044,166375.905620413,1.198,38.92,7600.96,95816.46,120.47,23409.37,182.05,10347.44,24.2,5781.27,115.54,230.57,90.19439,0.05,24.02,3695.155131,27.62757,30069.54,,1334.8331263,20.29867,5216.5937557,,561.5929428999999,10.22054,407.8733065,,23.454849300000003,83.62,117.3971351,34.6,3711.26,0.09948,867.38,0.1635,931199.7736468,0.00603,492347.77,False,2026,6,June,FY2026-27
2026-06-17,12.11292,856249.005162812,272.99635,146623.90719027902,1.158,37.89,7596.62,93717.69,118.11,22287.56,130.64,7894.27,29.73,5031.09,119.16,239.11,84.62648,0.05,18.05,3493.3103336,28.1197,24762.02,,1376.1663425000002,20.359309999999997,2813.1219957000003,,587.6443739,10.11967,431.3804894999999,,21.9531533,80.85,96.15086140000001,33.35,3562.17,0.07962,843.19,0.15921,899051.2235091,0.00761,533567.18,False,2026,6,June,FY2026-27
2026-06-18,12.2458,1004652.284824376,257.79716,155092.12014704398,1.138,37.34,7408.59,90299.09,114.26,21846.69,73.88,6533.98,23.64,6216.33,118.01,241.29,85.23272,0.05,17.08,3569.7834328,27.66168,25846.08,,1359.025018,19.98723,2599.1555483,,584.2556408,9.966349999999998,395.9663714,,21.534901400000003,75.96,77.61187159999999,32.1,3337.29,0.08354,822.43,0.14454,903006.3784786,0.00827,516639.46,False,2026,6,June,FY2026-27
2026-06-19,12.19105,945974.5716593551,265.12703,169187.642153251,1.088,35.69,7372.74,87612.81,114.42,21722.21,80.22,12043.5,14.78,4766.57,120.59,244.32,78.88256,0.06,15.68,3563.3277443,29.512690000000003,23866.31,,1497.4907718999998,20.82085,2751.7952691,,634.7024029,10.0274,396.3530537,,20.480237,76.0,89.1399014,29.86,3309.69,0.11379,770.84,0.0,892747.0274791,0.00761,0.0,False,2026,6,June,FY2026-27
2026-06-20,9.91944,273631.97022343805,231.92414,99840.38101275699,1.087,35.67,7556.27,90413.22,109.28,20134.47,1017.53,26985.050000000003,35.11,8276.14,127.65,251.98,76.59138,0.06,15.9,3830.6204249,27.849559999999997,22968.81,,1323.8368627,18.72168,1763.0402827,,570.3097628,9.29606,287.359049,,23.6867981,79.97,112.4426117,31.16,3511.07,0.00126,796.42,0.0,15362.53,0.0,0.0,False,2026,6,June,FY2026-27
2026-06-21,1.74902,18988.531513884,168.53358,23788.913189751,1.564,45.45,7522.01,72494.69,89.91,12059.92,1.85,278.85,10.13,1415.18,126.8,246.35,65.76299,0.06,,3014.6796147,23.840719999999997,,,1116.0206907,15.64628,1180.2995613,,443.9955096,8.33427,160.947456,,15.8998359,75.95,21.8885652,45.75,3002.21,,1075.64,,,,,False,2026,6,June,FY2026-27
2026-06-22,13.043,992721.8314574991,269.5353,156166.8849849,1.579,48.16,7414.11,91881.57,115.95,22292.07,72.37,7152.63,58.45,6304.19,114.62,225.68,83.02742,0.06,16.7,4126.7704948,53.01597,21549.36,,2725.8176691,28.230250000000005,6730.185986500001,,920.1944082,6.23567,595.8923159999999,,21.2352171,77.21,34.0493772,50.34,3325.8,0.07938,1255.95,0.32782,881422.5269572,0.00394,830312.34,False,2026,6,June,FY2026-27
2026-06-23,12.4729,851419.694978773,266.03183,145004.605759543,1.358,41.63,7260.41,88769.18,116.94,22285.15,50.3,7014.18,13.48,5415.81,114.69,230.91,78.79759,0.06,17.51,4179.5017992,27.741170000000004,25525.91,,1468.4268864,19.59178,2744.7469072,,546.1599122,9.91104,402.6170619,,21.1527493,73.02,111.5317554,40.88,3144.99,0.07462,1034.78,0.135205,903859.7119497,0.00721,471643.57,False,2026,6,June,FY2026-27
2026-06-24,12.30818,998839.496106942,272.05539,168843.812649987,1.258,38.11,7374.23,88749.07,118.01,22198.85,77.9,6642.3099999999995,13.41,5008.97,119.84,238.83,75.69772,0.05,15.94,3962.7526912,28.87697,23924.83,,1551.8806981,19.90545,2706.648558,,580.6127688,9.95714,428.2018787,,18.7022079,74.41,62.2893289,36.45,3185.25,0.09827,917.64,0.138075,914596.708,0.00932,489340.61999999994,False,2026,6,June,FY2026-27
2026-06-25,13.88645,1281407.103103914,282.6822,203120.495691553,1.178,35.699999999999996,7364.73,91889.96,121.05,23939.23,275.08,11812.84,54.77,9646.89,120.18,241.26,81.28472,0.06,16.46,4518.2764311,29.13424,27639.21,,1619.6813162,19.91796,2861.9120611,,614.1104283,9.88503,443.8235379,,19.2698143,74.63,41.3076327,32.66,3235.22,0.12406,830.35,0.144465,952337.598,0.00536,490489.04,False,2026,6,June,FY2026-27
2026-06-26,6.90891,150587.881271275,215.67218,88122.62508384201,1.1669999999999998,36.1,7170.05,78222.5,108.07,18768.37,154.11,1407.27,12.59,1347.25,126.02,250.73,72.46522,0.06,6.88,3845.5122359,25.03196,10695.42,,1303.5790989000002,16.8533,1873.9552624,,523.6878237,9.517529999999999,294.67465009999995,,21.4984302,67.55,37.8330156,28.9,2878.42,,733.46,,,,,False,2026,6,June,FY2026-27
2026-06-27,4.25103,51789.004646542,187.46634,37931.850728767,1.1469999999999998,35.940000000000005,7278.79,79907.0,104.8,17748.34,132.91,1305.7600000000002,7.24,1211.75,128.65,249.41,70.72022,0.06,,3635.0608943,29.421100000000003,,,1437.8186675000002,18.268749999999997,1724.0205436,,559.5466133,8.186449999999999,270.8201988,,23.852671,72.16,36.5649649,28.27,3111.0,,731.27,,,,,False,2026,6,June,FY2026-27
2026-06-28,1.73883,22352.947530793997,169.08827,23641.36957674,1.114,31.47,7276.27,67383.64,89.73,12033.96,0.85,199.9,56.08,2363.13,128.44,249.24,61.66172,0.07,,2968.4262831,28.5662,,,1326.3865194,16.56587,1410.3130769,,471.4582017,7.47466,223.0564551,,17.0638732,67.67,16.5697253,23.71,2646.92,,572.75,,,,,False,2026,6,June,FY2026-27
2026-06-29,17.07864,1441942.5442286895,325.16162,260239.048350033,1.118,34.06,7271.09,95436.83,123.02,26684.91,202.08999999999995,9815.76,43.37,7982.57,116.36,227.95,87.38754,0.06,22.01,5634.6642352,55.20398,29683.94,,3114.5956179,28.73523,4864.8257504,,965.5488022,5.67368,689.6200645,,17.984863500000003,73.31,59.209716099999994,29.11,3241.71,0.10821,760.28,0.16174,912932.1435,0.00489,532245.82,False,2026,6,June,FY2026-27
2026-06-30,16.47505,1855323.8962107075,523.58695,379580.53120864904,1.038,31.75,7571.33,120468.8,141.28,32828.41,133.05,16662.37,32.8,8378.49,113.57,232.26,112.64933,0.06,26.73,8821.5592282,27.07978,39385.95,,1703.5793469,19.4793,3017.7301167,,592.1823962,9.90835,563.5954978,,18.864564,82.18,71.2815701,28.2,3955.33,0.09997,748.11,0.30256,878944.8652111002,0.00834,2986808.76,False,2026,6,June,FY2026-27
2026-07-01,13.70794,1499119.8476403493,471.52715,260983.89605920695,0.54,18.23,8039.14,130532.57,158.9,33152.58,261.04,18249.050000000003,59.48,7723.27,113.52,235.81,109.0024,0.05,18.73,7546.4364729,27.73586,28352.68,,1695.7569294,21.37574,3836.5924784,,650.445809,10.22235,644.9088553,,18.6960859,96.68,96.9706895,33.16,4932.44,0.12333,931.36,0.17026,950574.7244034,0.0054,669134.41,False,2026,7,July,FY2026-27
2026-07-02,12.17054,916439.072117334,313.57224,176479.069667603,0.901,32.94,8096.92,125465.33,142.79,29280.81,66.12,7072.030000000001,90.97,10203.15,113.19,231.3,106.31872,0.05,17.1,7248.9343067,27.76988,27262.21,,1757.5670963,21.77547,3451.7973138,,643.6154025,10.12099,559.8501309000001,,19.9035723,93.21,96.26930340000001,38.54,4702.14,0.08361,1100.35,0.1478,897723.3651766,0.00429,570617.7,False,2026,7,July,FY2026-27
2026-07-03,12.22453,890641.5906945029,329.79715,175844.696553201,0.869,31.85,7859.69,111514.38,132.72,26869.08,98.15,8212.55,220.8,17541.78,115.48,237.16,104.196,0.05,16.29,6611.5406106,28.61523,27698.53,,1817.6498832,21.6152,3645.1288864,,638.2327973,10.08445,535.2457198999999,,21.847231899999997,86.45,83.7742244,35.6,4260.82,0.08976,1017.33,0.160925,941137.2684628,0.00679,511619.22,False,2026,7,July,FY2026-27
2026-07-04,10.3997,263909.44860626804,362.902,142370.253364875,0.849,30.91,7840.45,113274.04,128.6,25451.94,98.32,6172.16,86.95,11353.01,119.57,238.8,97.35271,0.05,15.1,6417.6995407,26.8812,27396.76,,1530.812892,19.12061,3959.7046519,,560.6987019999999,10.24177,430.553374,,23.4822245,88.3,85.291492,32.99,4333.52,0.00152,945.55,0.0,13791.84,0.0,0.0,False,2026,7,July,FY2026-27
2026-07-05,1.87267,24882.809953669,178.82743,29902.077994607,0.845,28.53,7796.94,92186.73,102.97,15971.1,11.52,479.92,282.46,35195.23,117.47,232.07,87.80301,0.05,,5433.7257812,27.74281,,,1433.6730327,17.9803,2262.9298151000003,,508.2245705,8.00747,298.71488420000003,,19.4571773,83.96,48.8535636,26.82,3763.69,,715.28,,,,,False,2026,7,July,FY2026-27
2026-07-06,12.67273,1046780.342954075,353.08248,197169.80903276295,0.929,32.99,7557.95,111881.15,127.2,26497.24,103.46,7273.2,99.73,8511.16,104.93,209.29,101.49073,0.02,16.47,6088.6189216,45.27682,21983.28,,2822.0874608000004,27.707880000000003,6876.1543525,,887.3861305,5.6818800000000005,791.6264144,,18.400519,85.65,73.5252163,32.84,4100.52,0.09253,926.18,0.15636,915653.9243746,0.00917,505234.99,False,2026,7,July,FY2026-27
2026-07-07,12.53901,859129.689856183,383.48206,181951.479382948,0.979,36.190000000000005,7562.32,106541.71,127.94,25628.04,79.97,7781.43,120.53,14705.34,104.98,212.61,99.13433,0.03,18.17,5958.3508482,26.38919,24687.59,,1584.0559437,20.62067,4435.6583123,,578.6632116000001,9.942960000000001,516.3047637,,16.7207878,88.66,73.3578433,32.15,4269.17,0.10867,935.78,0.13625,891472.653,0.01296,478557.91,False,2026,7,July,FY2026-27
2026-07-08,12.10073,740750.344803723,316.25109,155960.301048058,1.088,42.14,7802.53,108079.84,124.65,25205.93,97.8,6743.299999999999,43.8,6960.22,107.16,228.26,98.65122,0.04,16.96,5943.8458712,27.21094,24480.43,,1634.7847833,21.06677,3527.8793144,,595.0325388,10.13851,483.4162794,,17.3763028,93.91,95.4348819,33.14,4551.54,0.10216,1000.03,0.130945,885693.084,0.01673,440991.6,False,2026,7,July,FY2026-27
2026-07-09,11.96245,899330.366289265,290.69888,175136.923794225,0.968,36.58,7745.55,105535.17,124.66,25244.43,107.5,6764.83,35.65,5990.8,108.93,226.09,93.76077,0.04,16.43,5299.232403,27.6121,23295.7,,1664.0086769999998,20.969019999999997,3230.4133373,,610.8385336,9.77255,488.3772655,,17.0515187,88.94,107.0628658,31.56,4242.29,0.12357,940.5,0.14931,953291.6550294,0.01194,492856.4900000001,False,2026,7,July,FY2026-27
2026-07-10,13.26148,943219.140405894,332.7363,179647.140918279,0.637,22.79,7908.56,105389.45,126.37,25149.66,213.1,10071.51,221.54,29699.93,113.14,232.61,94.94796,0.05,18.19,5328.5056158,29.05122,26531.34,,1646.6607678,21.62987,3076.0338592999997,,633.9261501999999,9.524009999999999,501.444494,,18.5732471,90.82,86.3436082,31.44,4338.18,0.0984,920.39,0.172395,880484.151,0.01174,596378.53,False,2026,7,July,FY2026-27
2026-07-11,4.29037,47206.831199384,199.52145,43837.315607824,0.727,25.35,7897.21,94773.46,114.38,19731.51,36.57,1324.1,15.98,1869.73,121.74,241.2,84.86295,0.06,,4151.3560841,29.39205,,,1426.451746,20.54911,1903.0343342,,599.3463663,10.49911,331.6366799,,22.253341,90.69,52.019960100000006,34.8,4277.79,,975.29,,,,,False,2026,7,July,FY2026-27
2026-07-12,1.68742,17561.223104491,173.5341,25562.583514018,0.684,22.28,7792.13,77318.94,94.58,12715.96,92.41,1499.54,11.11,1209.44,120.14,235.42,75.00421,0.06,,3388.1291907,28.57455,,,1305.5860495,18.99401,1488.2924722,,525.8242001,7.97334,230.5304748,,17.9116826,82.66,20.3218762,28.31,3533.8,,756.31,,,,,False,2026,7,July,FY2026-27
2026-07-13,14.96864,855212.473224624,346.37497,187844.21257744,0.768,24.36,7850.21,102831.27,124.66,25330.62,170.72,9231.96,29.08,5590.6,108.03,215.69,101.91175,0.06,23.92,4837.2975917,46.55207,30055.23,,2529.3203891,28.6573,4196.822272900001,,910.417902,6.16075,633.6651592000001,,17.51928,84.86,44.5163716,37.06,3917.9,0.10629,1012.5,0.151635,900049.443,0.01238,518183.41,False,2026,7,July,FY2026-27
2026-07-14,13.04482,832015.7912003951,317.82633,157333.02965969,0.798,24.7,7768.85,98285.32,124.24,24392.57,89.86,9125.71,34.43,6763.64,108.16,222.98,93.01819,0.05,24.58,4166.9277436,26.841719999999995,31661.93,,1429.645022,20.65531,2760.2027888,,580.2970323,10.70078,451.6333057,,17.6449016,82.34,87.8020707,36.48,3754.26,0.09558,986.51,0.129875,876262.153,0.01525,452190.1999999999,False,2026,7,July,FY2026-27
2026-07-15,13.33755,910883.679726994,359.13851,177019.339983689,0.818,24.99,7845.18,101320.32,126.19,25138.98,434.23,11132.82,152.73,16029.57,111.79,243.46,91.72712,0.06,19.82,4157.0883535,28.180300000000003,26915.33,,1449.4699575,21.70746,2666.3230493,,612.0859091,10.814279999999998,460.0977665,,17.686000899999996,87.97,96.7770981,37.88,3887.66,0.10559,974.56,0.13772,906415.855,0.00948,494136.72,False,2026,7,July,FY2026-27
2026-07-16,12.15466,1019859.000974892,274.83742,162067.821786257,0.807,23.6,7667.78,94437.93,118.63,23932.62,115.56,5945.17,30.78,5089.76,111.39,232.47,88.31847,0.05,17.69,3801.0601356,25.71683,25240.02,,1284.6593577,19.926250000000003,2142.6218089,,565.0556577,10.79469,366.7892135,,16.8466621,80.57,83.3300117,37.5,3475.01,0.0999,918.25,0.152255,915471.489,0.01184,571395.98,False,2026,7,July,FY2026-27
2026-07-17,12.14914,885358.5070045431,274.47684,166523.269348988,0.767,22.13,7600.68,88022.78,112.29,21659.97,131.05,7409.67,18.87,5147.29,114.63,238.85,84.23529,0.06,16.47,3476.0569019,31.02781,24499.15,,1654.3773931,22.02217,2948.1196894,,649.7020126,10.57878,473.3963449,,18.6151183,75.53,85.8445173,34.48,3262.49,0.08884,858.31,0.132215,907152.9633746,0.00724,549080.97,False,2026,7,July,FY2026-27
2026-07-18,10.28358,366101.712757763,231.58539,98326.000237608,0.716,20.97,7627.39,90828.72,103.17,20317.16,120.66,6800.889999999999,15.66,5938.59,120.46,244.35,79.15177,0.06,15.76,3276.9274288,27.6558,23352.11,,1250.5891928,19.03969,1653.0411046,,554.6563673,10.61982,317.8265824,,20.703748,77.83,98.4176435,31.3,3391.63,0.00176,785.97,0.0,17685.63,0.0,0.0,False,2026,7,July,FY2026-27
2026-07-19,1.80831,18448.205548518,168.17426,23950.977215449,0.713,19.98,7608.94,71872.78,84.74,12006.17,1.1800000000000002,414.33,6.91,496.16,119.34,239.43,67.77604,0.06,,2639.5924044,28.32163,,,1250.1152445,17.71192,1405.3734223,,510.0912762,8.56341,237.0414075,,17.4145067,74.31,40.571378,25.72,2950.1,,628.55,,,,,False,2026,7,July,FY2026-27
2026-07-20,13.42129,937761.37387589,273.13445,170625.130305851,0.737,21.2,7408.3,93935.68,113.96,23306.63,91.66999999999999,4798.01,65.69,8499.39,107.37,217.46,89.98547,0.05,17.44,4481.6961535,46.04109,22057.02,,2415.9486681999997,26.5058,4673.9179714,,857.1626021,6.2331900000000005,616.0633152,,16.019646899999998,74.14,83.0142392,30.71,3218.13,0.07404,779.14,0.1153,883671.9553955,0.01588,537242.91,False,2026,7,July,FY2026-27
2026-07-21,12.25637,782711.3880490981,254.24573,150872.107251631,0.706,20.48,7256.22,87535.98,107.72,21745.12,145.04,8615.31,23.48,6513.71,106.05,219.04,81.70939,0.05,18.04,4265.1321303,26.83194,24532.65,,1422.6484288,19.57393,4733.4247282,,537.9286491,10.786549999999998,433.2101936,,18.1449168,69.56,59.3439056,29.06,2971.25,0.10171,730.67,0.11473,886843.2762700998,0.01159,459460.61,False,2026,7,July,FY2026-27
2026-07-22,11.92478,760038.2066857511,272.36952,158328.051662321,0.696,20.63,7337.26,87658.93,112.62,21985.92,119.22,13339.24,29.6,5148.32,108.11,224.77,77.81489,0.05,16.44,3940.1104411,27.384690000000003,24070.02,,1392.1633051,19.78118,2577.7595424,,540.0297771,10.725499999999998,421.2163305,,17.163014399999998,70.13,116.164313,28.69,3010.31,0.08858,754.96,0.123565,890384.1984169,0.01589,459753.52,False,2026,7,July,FY2026-27
2026-07-23,11.68396,795697.1466160871,253.42535,145825.0836845,0.736,23.22,7274.6,84830.29,109.02,21354.96,75.92,5575.53,11.76,4708.43,107.49,226.63,76.6782,0.05,15.1,4049.4740864,26.91445,23230.86,,1366.141312,19.37061,2620.876064,,529.715185,10.524959999999998,420.9247797,,17.03064,67.81,76.4007685,28.29,2894.43,0.09461,789.29,0.13463,917736.104,0.01274,523744.91,False,2026,7,July,FY2026-27
2026-07-24,12.40906,856032.2816103221,280.85004,174413.52112141,0.767,23.45,7423.69,83349.45,110.29,21806.16,141.32999999999998,9524.1,14.0,5778.37,110.03,229.45,73.88503,0.06,14.64,3884.097731,29.05683,22632.45,,1479.9940081999998,20.12557,2544.9829251,,565.6640601,10.16884,422.8343516,,16.415525300000002,69.59,109.7880219,28.04,2922.41,0.08179,764.72,0.129195,895256.6996222001,0.01409,500015.7400000001,False,2026,7,July,FY2026-27
2026-07-25,4.38973,51750.008419632,194.5233,42087.66125780301,0.777,24.12,7423.51,80714.08,103.42,18312.36,100.54,1291.03,15.13,2261.41,116.97,238.54,71.91119,0.06,,3755.3459461,23.25804,,,1098.8584015,16.22272,1140.0268817,,433.6951847,9.713159999999998,238.5572834,,16.365081099999998,72.8,28.4977429,26.98,3096.5,,734.03,,,,,False,2026,7,July,FY2026-27
2026-07-26,1.70557,20253.28102158,164.48946,20946.212876428,0.784,21.08,7442.02,67697.46,87.96,11989.0,0.43,163.58,7.77,616.47,115.48,236.23,60.83477,0.06,,2924.8076728,34.69358,,,1598.3619546,19.53061,2101.9599024,,573.3461618,7.85889,277.4197067,,17.9284278,69.26,18.9403142,22.42,2672.02,,554.04,,,,,False,2026,7,July,FY2026-27
2026-07-27,15.25561,1017777.73327584,283.20964,182652.10530463,0.778,22.63,7410.91,90954.66,117.78,24607.7,227.93,7539.7,55.67,7094.14,106.14,216.38,80.34606,0.06,21.75,4442.5288354,48.28595,29399.67,,2431.2019271,26.71787,3816.3537956,,820.4827521,6.04821,600.1416611,,15.542205400000002,70.59,43.4915531,27.95,3004.74,0.1041,756.54,0.10865,950193.0409582,0.01444,457090.06,False,2026,7,July,FY2026-27
2026-07-28,13.26288,821219.7100846901,272.22597,171345.540080065,0.797,22.14,7300.73,87253.63,113.62,23010.26,276.51,14427.509999999998,76.43,7647.47,102.96,214.5,77.30246,0.05,22.6,4435.3980422,27.48508,30450.54,,1428.2882329,19.77481,2755.1935394,,534.7410788,10.90178,461.9674424,,17.330285200000002,68.86,20.0390389,27.51,2920.65,0.10719,717.72,0.143475,938180.1075,0.00809,527943.3999999999,False,2026,7,July,FY2026-27
2026-07-29,12.97743,1059301.329608958,282.71995,179950.58148654,0.837,23.48,7412.53,88600.32,115.69,23725.46,139.14,10885.82,9.24,4742.09,117.5,243.9,75.87775,0.06,17.65,4675.8537007,28.28854,25931.08,,1494.8214918,19.93968,2937.5627179,,570.0676473999999,10.59355,484.1249342,,18.8605477,69.59,11.9050712,28.97,2938.67,0.08375,778.73,0.15514,913425.7310109,0.00821,550451.92,False,2026,7,July,FY2026-27
2026-07-30,13.03217,924393.4668998971,290.38605,211956.943059565,0.828,23.47,7323.33,92466.43,118.47,25627.66,91.24,9050.94,21.01,5631.73,109.84,238.05,83.00462,0.05,16.45,5730.9525044,28.11932,24563.92,,1533.1864786,19.996519999999997,3089.42777,,557.1044219,11.31541,526.8448258,,18.626156999999996,68.07,7.9434967,27.62,2941.13,0.08038,747.87,0.14068,921276.198,0.01112,512135.08,False,2026,7,July,FY2026-27
2026-07-31,14.14944,1243320.52382042,470.11977,334162.367088918,0.798,22.63,7702.01,112791.68,133.16,30556.77,125.91,14572.18,25.93,6720.6,111.46,240.2,99.18514,0.06,14.99,7438.4279924,28.69589,23592.1,,1601.1791985,20.42117,3254.2941827,,584.5595691,11.37762,625.5091347,,19.5599056,80.08,11.9185106,27.0,3797.3,0.09209,733.12,0.25667,918439.7465409,0.01093,2646245.18,False,2026,7,July,FY2026-27
2026-08-01,10.17029,348230.031342493,400.33612,174771.344625276,0.659,21.71,8262.76,124264.46,139.26,29233.02,116.04,11096.59,39.58,6842.11,115.76,241.41,109.0,0.06,13.48,7546.44,27.23751,22850.38,,1446.9932428000002,20.19009,2226.9400968,,594.5848603,11.24402,414.0317564,,23.6923948,96.98,11.25476,29.85,4938.69,0.00146,840.03,0.0,10157.28,0.0,0.0,False,2026,8,August,FY2026-27
2026-08-02,1.88706,24848.552005924,180.91212,27623.332347651,0.695,21.57,8487.91,102694.13,112.3,17397.62,53.5,1287.0,75.08,6820.52,112.5,231.76,87.48,0.06,,5533.11,29.10887,,,1483.2650758,19.88857,1813.3028264,,587.2231738,8.98017,294.7779326,,21.9882766,89.83,9.218371099999999,27.6,4127.74,,709.1,,,,,False,2026,8,August,FY2026-27
2026-08-03,12.80621,946802.6638092,363.99371,176153.06608960702,0.719,22.63,8106.86,117819.93,136.9,28619.22,60.510000000000005,4265.22,251.96,18193.35,103.69,211.48,112.42,0.06,16.36,7162.72,45.57333,22739.97,,2744.4186636,29.32851,4925.136019699999,,1007.8740972,6.642119999999999,776.173648,,19.629239199999997,87.94,9.0179506,31.25,4250.73,0.07619,841.27,0.14479,884329.3119554,0.01176,623277.7700000001,False,2026,8,August,FY2026-27
2026-08-04,12.23513,865259.167492496,327.84678,164378.591241052,0.668,17.69,7930.84,114390.39,135.97,27852.76,210.53,13284.28,94.63,12139.94,103.5,217.96,106.82,0.06,17.79,6963.19,28.61657,26688.92,,1769.2528498,22.26601,3370.3061175000003,,644.6038876,11.7749,503.7544824,,20.4306979,86.56,9.5008796,29.01,4186.46,0.08268,733.45,0.146615,852622.58,0.0106,526529.77,False,2026,8,August,FY2026-27
2026-08-05,12.41138,958949.417114486,343.95812,182769.475405151,0.668,18.07,8051.04,113772.24,135.46,27266.55,166.92000000000002,14700.35,351.16,41354.41,108.1,229.36,103.15,0.06,17.97,6304.05,27.74647,26673.21,,1666.4235234,22.22837,3100.2466769,,625.47865,11.81855,511.5122032,,18.8899372,89.95,9.256448200000001,28.85,4349.67,0.0833,733.61,0.14304,841972.636,0.01592,504243.28,False,2026,8,August,FY2026-27
2026-08-06,11.97045,871180.065158471,349.90551,188041.901265327,0.768,20.56,7813.8,104055.73,124.44,25279.87,232.35,23695.05,33.26,6608.22,107.34,230.86,99.46,0.06,17.01,5855.3,27.95219,24185.41,,1661.3406066,21.61661,2969.9512291,,602.1108002999999,11.63553,493.3074768,,20.714778,87.44,9.8634535,32.17,4165.58,0.10873,816.87,0.127925,882101.532,0.00876,499770.99,False,2026,8,August,FY2026-27
2026-08-07,13.33649,920160.975692745,394.98928,196579.61147692,0.839,24.33,7928.04,104132.57,126.76,25967.73,203.13,15887.59,125.13,15457.43,111.83,235.95,99.47,0.07,16.85,6009.72,26.31049,26051.14,,1563.6286667999998,20.62623,3430.0544227,,581.0109891,11.022850000000002,448.41121260000006,,18.2179801,91.09,9.9777793,32.91,4361.53,0.08786,864.69,0.15095,845482.1826055,0.00971,566711.68,False,2026,8,August,FY2026-27
2026-08-08,4.30063,54551.773417582,221.51866,45360.565846733,0.959,30.22,8134.21,98351.0,114.68,20510.49,33.78,2647.64,25.29,2831.84,117.84,239.1,87.57,0.07,,4866.53,31.31189,,,1621.7857465000002,21.75399,2590.217862,,634.9157491999999,11.48711,371.6525526,,26.901031,96.69,12.5846535,32.68,4662.05,,885.47,,,,,False,2026,8,August,FY2026-27
2026-08-09,1.74289,22143.670538790004,169.10282,25968.95557835,0.895,27.06,8146.96,84494.95,104.23,14119.06,3.1399999999999997,681.9599999999999,18.33,1375.6,112.79,229.05,76.29,0.07,,3699.95,29.01423,,,1428.4270986,19.34693,1987.0939889,,549.5054845,8.68956,247.8594147,,20.7163542,87.42,10.045484,26.84,3857.18,,689.74,,,,,False,2026,8,August,FY2026-27
2026-08-10,14.94676,968912.062599608,361.622,196638.24724504096,0.909,26.860000000000003,8135.54,112357.36,132.94,27589.71,286.7,10483.55,224.9,29623.72,102.4,206.62,103.85,0.06,23.69,5380.84,45.98714,28648.47,,2557.9763565,29.12165,5200.5724836,,920.9659651,6.927650000000001,655.5346598,,18.2287303,93.39,10.6610718,33.15,4457.39,0.08617,869.37,0.117245,855442.356,0.0049,548597.57,False,2026,8,August,FY2026-27
2026-08-11,13.0799,841946.7860871151,331.82856,168638.94118648,0.988,28.02,8011.9,104435.25,126.78,25706.46,185.64,8321.69,38.2,7602.97,104.31,217.33,97.68,0.06,24.6,5107.96,27.29916,30032.79,,1514.5003116,21.50907,3151.7992377,,600.9026824,12.38702,458.049746,,20.7412539,91.18,14.0629556,36.57,4287.26,0.07154,898.5,0.133845,810370.1048009,0.01228,496695.39,False,2026,8,August,FY2026-27
2026-08-12,12.60217,938801.4552973099,330.38699,164782.54739088702,0.968,27.15,8055.41,99912.8,123.81,24659.07,189.66000000000005,9253.68,33.06,5762.32,108.32,231.11,93.91,0.05,18.89,4464.11,27.977359999999997,25424.24,,1496.6371503,21.67184,2728.0292775,,585.5853548,12.14564,418.358984,,20.2306387,86.78,12.1592703,35.09,3979.76,0.08443,854.26,0.10997,803788.779101,0.00758,490378.85,False,2026,8,August,FY2026-27
2026-08-13,12.54275,847152.5210865341,310.02713,178104.60755820302,0.948,26.51,7918.12,98191.62,118.38,23838.56,132.04999999999998,8455.39,21.91,5481.27,110.28,236.09,92.69,0.06,17.29,4039.08,28.46238,24724.07,,1476.1206529,22.136830000000003,2996.454902,,611.4579052,12.4747,446.8925683,,20.3899349,83.28,12.8783954,34.23,3807.57,0.08419,836.62,0.10981,798990.0225197,0.00728,511988.20000000007,False,2026,8,August,FY2026-27
2026-08-14,13.40129,1156683.3165100573,300.14591,187384.63386296495,0.998,27.26,8051.5,96504.35,119.98,24088.74,137.93,10162.41,29.56,7308.81,117.67,242.66,86.57,0.07,16.84,3794.27,31.33822,23966.17,,1588.4475286,23.87461,3068.5138624,,668.0502617,12.3156,435.3371033,,20.060696900000003,85.85,11.2139284,35.28,3806.56,0.11267,849.81,0.11111,840560.51,0.00557,480546.76,False,2026,8,August,FY2026-27
2026-08-15,2.23535,24409.995386251,177.97162,30926.335735342,0.915,25.33,7774.24,78955.9,89.91,13647.76,164.97000000000003,2617.21,95.69,9916.67,119.7,238.54,70.10625,0.06,,2638.1507719,27.90075,,,1461.9355859,18.70644,1628.7658815999998,,566.220742,11.56622,229.3132559,,20.8266169,80.23,11.613556,28.38,3394.28,,671.83,,,,,False,2026,8,August,FY2026-27
2026-08-16,1.67122,17296.539399936,165.33155,23134.812331587,0.954,24.73,7859.57,73407.26,85.9,11604.46,67.53,934.73,7.01,756.01,113.94,217.02,68.34,0.07,,2295.12,29.48024,,,1402.744157,17.74952,1469.6572534,,521.1420749,5.411899999999999,207.0367231,,17.9843014,78.39,10.1269152,27.68,3140.71,,629.95,,,,,False,2026,8,August,FY2026-27
